SpO2,acc_magnitude,alt,ax,ay,az,course,gx,gy,gz,hdop,heart_rate,ir,lat_scaled,lon_scaled,pitch,red,roll,sats,speed,temp,time,yaw
97,11.1,848.6,-1.04,-2.19,-10.84,14,0.02,-0.2,0.05,1.42,78,124187,129341120,775364281,-11.35,64790,174.54,11,0.72,33.24,2025-12-29T09:44:54.660537518Z,-83.15
98,11.11,846.1,-1.63,-2.28,-10.75,14,-0.02,0,0,1.08,72,124147,129341128,775364326,-11.86,64735,171.37,11,0.67,33.14,2025-12-29T09:44:57.726429081Z,174.99
97,11.22,845.6,-1.66,-2.33,-10.85,14,-0.02,0.01,0,1.49,72,124181,129341178,775364303,-11.98,64762,171.29,11,1.02,33.24,2025-12-29T09:45:01.107083073Z,157.73
97,11.02,844.9,-1.64,-2.21,-10.67,14,-0.02,0,0,1.08,71,124343,129341203,775364286,-11.57,64793,171.27,11,0.07,33.09,2025-12-29T09:45:04.077973641Z,171.94
98,11.07,844.9,-1.66,-2.31,-10.69,14,-0.01,0,0,1.08,73,124355,129341203,775364286,-12.06,64804,171.19,11,0.07,33.19,2025-12-29T09:45:07.166843739Z,174.75
96,11.03,844.9,-1.62,-2.29,-10.67,14,-0.02,0,0,1.08,74,124221,129341203,775364286,-11.98,64795,171.35,11,0.07,33.09,2025-12-29T09:45:10.30190027Z,164.52
98,11.08,844.9,-1.62,-2.25,-10.73,14,-0.01,0,0,1.08,71,125125,129341203,775364286,-11.7,65549,171.4,11,0.07,33.09,2025-12-29T09:45:13.502470182Z,162.61
98,11.23,844.9,-5.07,-2.22,-9.77,14,-0.09,-0.49,0.04,1.08,70,124910,129341203,775364286,-11.39,65362,152.59,11,0.07,33.28,2025-12-29T09:45:16.56505501Z,-100.21
98,11.49,844.9,-4.69,-2.39,-10.22,14,-0.03,-0.78,0.11,1.08,74,123805,129341168,775364261,-11.99,64644,155.37,11,0.26,33.19,2025-12-29T09:45:19.638747951Z,-91.98
95,11.14,845.5,-1.73,-2.34,-10.75,14,-0.03,-0.07,0.02,1.21,70,123788,129341165,775364285,-12.13,64665,170.88,10,1.07,33.19,2025-12-29T09:45:22.72983016Z,-114.98
96,11.16,845.1,-1.7,-2.25,-10.8,14,-0.04,-0.13,0.02,1.45,73,123708,129341139,775364305,-11.65,64564,171.04,11,0.24,33.19,2025-12-29T09:45:25.778667087Z,-105.47
95,11.28,844.4,-0.99,-2.09,-11.04,14,-0.04,0.11,-0.03,1.21,75,123952,129341151,775364326,-10.66,64773,174.87,10,0.13,33.14,2025-12-29T09:45:28.846854373Z,110.99
98,11.22,844.7,-2.17,-2.31,-10.76,14,0.02,-0.22,0.05,1.45,75,124191,129341095,775364500,-11.89,64967,168.61,11,0.89,33.19,2025-12-29T09:45:31.921315573Z,-85.53
95,11.03,846.4,-1.89,-2.26,-10.63,14,-0.01,0.01,0,1.46,79,124443,129341095,775364500,-11.85,65019,169.89,10,0.89,33.24,2025-12-29T09:45:34.995169032Z,158.82
96,11.13,846.7,-1.97,-2.23,-10.73,14,-0.01,0,0,1.46,73,124273,129341083,775364525,-11.54,64859,169.62,10,0.89,33.24,2025-12-29T09:45:38.0850818Z,171.16
96,11.13,846.7,-0.23,-1.97,-10.95,14,-0.04,-0.6,0.11,1.46,73,125435,129341083,775364525,-10.21,65943,178.78,10,0.89,33.19,2025-12-29T09:45:41.132016037Z,-93.48
95,10.69,846.7,-5.15,-1.78,-9.2,14,-0.17,-0.27,-0.03,1.46,74,125396,129341083,775364525,-9.56,65785,150.76,10,0.89,33.19,2025-12-29T09:45:44.229970238Z,-122.45
96,10.82,846.7,-4.59,-2.13,-9.57,14,-0.03,0.69,-0.06,1.46,78,124616,129341083,775364525,-11.34,65269,154.38,10,0.89,33.24,2025-12-29T09:45:47.308250421Z,92.74
96,10.76,846.7,-2.35,-2.14,-10.28,14,-0.03,-1.15,0.17,1.46,78,124398,129341083,775364525,-11.48,64960,167.12,10,0.89,33.24,2025-12-29T09:45:50.422060567Z,-91.36
97,11.01,846.7,-2.07,-2.16,-10.6,14,0.05,-0.57,0.09,1.46,77,123949,129341083,775364525,-11.34,64729,168.97,10,0.89,33.28,2025-12-29T09:45:53.43556751Z,-85.41
98,10.74,846.7,-1.36,-1.99,-10.47,14,0.08,-0.27,0.07,1.46,74,123943,129341083,775364525,-10.69,64808,172.61,10,0.89,33.24,2025-12-29T09:45:56.512246572Z,-73.07
98,10.95,846.7,-1.73,-2.2,-10.59,14,0.11,-0.57,0.11,1.46,72,124270,129341175,775364570,-11.56,65013,170.74,10,0.69,33.33,2025-12-29T09:45:59.594224482Z,-78.98
97,11,846.7,-2.42,-2.21,-10.5,14,-0.02,0,0,1.46,75,124289,129341211,775364570,-11.56,64978,167.03,10,0.59,33.24,2025-12-29T09:46:03.368667686Z,165.1
95,11.1,846.8,-2.45,-2.21,-10.6,14,-0.02,0,0.01,1.21,79,124275,129341150,775364553,-11.46,65003,166.99,10,0.69,33.19,2025-12-29T09:46:06.748671579Z,165.76
98,10.94,846.7,-2.38,-2.16,-10.46,14,-0.01,0,0,1.52,70,124157,129341155,775364503,-11.39,64967,167.2,10,0.06,33.28,2025-12-29T09:46:09.813730541Z,-174.4
95,11.05,846.7,-2.39,-2.21,-10.55,14,-0.01,0,0,1.21,70,125029,129341165,775364485,-11.55,65817,167.22,10,0.31,33.24,2025-12-29T09:46:12.899157403Z,-175.33
97,10.76,846.9,-5.22,-1.87,-9.22,14,-0.07,-0.2,0,1.47,73,124501,129341173,775364493,-10.04,65047,150.49,10,0.31,33.28,2025-12-29T09:46:15.956311332Z,-109.03
96,10.94,846.3,-2.46,-2.16,-10.44,14,0.09,0.81,-0.1,1.47,77,124041,129341200,775364480,-11.4,64756,166.72,10,0.31,33.19,2025-12-29T09:46:19.045373966Z,83.73
98,10.99,846.3,-0.79,-2.2,-10.74,14,-0.03,0.55,-0.1,1.47,72,124136,129341195,775364486,-11.56,64801,175.79,10,0.31,33.24,2025-12-29T09:46:22.104038034Z,92.81
98,11.1,846.3,-1.21,-2.22,-10.81,14,-0.01,-0.03,0.01,1.47,76,124175,129341195,775364486,-11.55,64740,173.6,10,0.31,33.14,2025-12-29T09:46:25.179253191Z,-103.6
96,11.17,846.3,-1.33,-2.17,-10.87,14,-0.02,0.02,0,1.47,74,124076,129341195,775364486,-11.22,64737,173.01,10,0.31,33.14,2025-12-29T09:46:28.241908635Z,137.35
95,11.02,846.3,-0.73,-2.09,-10.8,14,0.01,-0.13,0.03,1.47,70,124164,129341195,775364486,-10.93,64811,176.14,10,0.31,33.28,2025-12-29T09:46:31.327056793Z,-85.49
95,11.02,846.3,-1.79,-2.2,-10.65,14,-0.02,0,0,1.47,79,124104,129341195,775364486,-11.52,64787,170.47,10,0.31,33.28,2025-12-29T09:46:34.595662691Z,-179.53
96,11,846.3,-1.81,-2.23,-10.62,14,-0.02,-0.02,0,1.47,70,124048,129341195,775364486,-11.7,64782,170.34,10,0.31,33.19,2025-12-29T09:46:37.672818871Z,-139.65
98,11.03,849.6,-1.76,-2.32,-10.64,14,-0.01,0,0,1.48,72,124129,129341016,775364638,-12.13,64801,170.6,11,0.74,33.28,2025-12-29T09:46:40.746974559Z,164.26
97,11.09,849,-1.89,-2.28,-10.69,14,-0.02,0.01,0,1.48,79,123606,129341041,775364651,-11.87,64516,169.98,11,1.76,33.28,2025-12-29T09:46:43.809304177Z,162.6
95,11.01,848.9,-1.04,-2.06,-10.76,14,0.03,-0.1,0.04,1.48,76,123989,129341041,775364685,-10.79,64815,174.5,11,0.11,33.24,2025-12-29T09:46:46.884080445Z,-73.46
95,11.4,849.3,-3.59,-2.52,-10.52,14,-0.05,-0.15,0,1.48,74,124178,129341034,775364648,-12.76,64912,161.16,11,0.59,33.14,2025-12-29T09:46:49.957696005Z,-107.85
96,11.1,849.2,-1.9,-2.22,-10.71,14,-0.02,-0.01,0,1.48,76,124353,129341036,775364595,-11.56,65431,169.92,11,0.59,33.24,2025-12-29T09:46:53.03103317Z,-150.76
98,11.14,849.6,-1.72,-2.26,-10.77,14,-0.02,0.02,0,1.48,75,123961,129341015,775364575,-11.7,65141,170.91,11,0.59,33.28,2025-12-29T09:46:56.096367002Z,126.07
96,11.12,849.6,-0.95,-2.18,-10.86,14,-0.05,0.05,-0.02,1.48,70,124398,129341015,775364575,-11.28,65279,175,11,0.59,33.28,2025-12-29T09:46:59.164039653Z,134.17
95,11.26,849.6,-2.04,-2.33,-10.83,14,-0.02,0.24,-0.03,1.48,79,124410,129341015,775364575,-11.96,65274,169.34,11,0.59,33.19,2025-12-29T09:47:02.244574526Z,93.81
95,11.08,849.6,-1.68,-2.24,-10.72,14,-0.04,0.14,-0.03,1.48,70,124336,129341015,775364575,-11.66,65093,171.1,11,0.59,33.28,2025-12-29T09:47:05.329242446Z,107.63
96,11.22,849.6,-1.85,-2.26,-10.84,14,-0.01,0,0,1.48,76,124408,129341015,775364575,-11.63,65110,170.31,11,0.59,33.24,2025-12-29T09:47:08.379651636Z,163.61
97,11.04,849.6,-1.81,-2.2,-10.67,14,-0.01,0.01,0,1.48,79,124348,129341015,775364575,-11.47,65139,170.35,11,0.59,33.24,2025-12-29T09:47:11.45929579Z,143.72
97,11.11,849.6,-1.8,-2.21,-10.74,14,-0.02,0,0,1.48,77,124299,129341015,775364575,-11.47,65097,170.51,11,0.59,33.33,2025-12-29T09:47:14.547125919Z,-175.14
97,11.17,849.6,-1.86,-2.21,-10.79,8,-0.01,0,0.01,1.48,73,124233,129341153,775364513,-11.43,65058,170.24,11,0.31,33.28,2025-12-29T09:47:18.016287011Z,160.59
95,11.04,848.1,-1.88,-2.25,-10.64,8,-0.02,0,0,1.49,70,124257,129341158,775364483,-11.76,68552,169.98,11,0.07,33.19,2025-12-29T09:47:21.712927245Z,173.77
97,11.09,848.1,-0.07,4.42,-10.18,8,-0.98,-0.18,-0.6,1.49,75,122993,129341158,775364483,23.49,67785,179.58,11,0.07,33.19,2025-12-29T09:47:25.389892637Z,-169.83
95,10.32,846,1.7,8.79,-5.12,8,-0.13,-0.02,0.11,1.21,73,123053,129341256,775364468,58.45,67858,-161.62,10,0.07,33.33,2025-12-29T09:47:28.675291271Z,-172.05
98,10.21,846,1.69,8.66,-5.15,8,-0.02,0.01,0,1.21,75,123113,129341256,775364468,57.96,67901,-161.81,10,0.07,33.28,2025-12-29T09:47:32.144855384Z,154.75
96,10.22,844,1.65,8.63,-5.21,9,-0.01,0.01,0,1.49,74,123122,129341259,775364470,57.67,67906,-162.45,11,0.61,33.19,2025-12-29T09:47:36.045840835Z,145.9
96,10.75,844,1.61,9.08,-5.52,9,0.01,0.08,-0.03,1.49,71,123117,129341259,775364470,57.64,68035,-163.73,11,0.61,33.24,2025-12-29T09:47:39.944444504Z,85.66
95,10.3,844,1.65,8.69,-5.28,9,-0.01,0.15,-0.04,1.49,78,123042,129341259,775364470,57.5,68017,-162.65,11,0.61,33.28,2025-12-29T09:47:43.611493144Z,93.96
97,10.19,844,1.64,8.6,-5.21,9,-0.01,0,0.01,1.49,76,122972,129341259,775364470,57.59,67953,-162.47,11,0.61,33.19,2025-12-29T09:47:47.30078588Z,160.02
95,10.31,844.5,1.6,8.7,-5.31,9,-0.01,0.01,0.01,1.5,72,122934,129341030,775364481,57.5,67934,-163.25,11,0.39,33.28,2025-12-29T09:47:50.999310634Z,158.5
98,10.29,844.5,1.63,8.69,-5.27,9,-0.03,0.02,0,1.5,73,122876,129340985,775364510,57.59,67931,-162.8,11,0.63,33.19,2025-12-29T09:47:54.896809577Z,141.85
98,10.24,844.5,1.61,8.64,-5.26,9,-0.02,0,0,1.5,71,122860,129340985,775364510,57.51,67977,-163,11,0.63,33.28,2025-12-29T09:47:58.771583452Z,172.92
96,10.27,844.5,1.61,8.69,-5.22,9,-0.01,0,0.01,1.5,76,122855,129340985,775364510,57.86,67970,-162.84,11,0.63,33.19,2025-12-29T09:48:02.275066524Z,162.97
95,10.24,844.5,1.63,8.66,-5.21,9,-0.01,0.01,0.02,1.5,76,122857,129340985,775364510,57.77,67977,-162.64,11,0.63,33.28,2025-12-29T09:48:05.331618948Z,160.28
98,10.24,844.5,1.64,8.65,-5.23,9,-0.01,0,0,1.5,71,122846,129340985,775364510,57.63,67933,-162.58,11,0.63,33.19,2025-12-29T09:48:09.019710515Z,170.63
98,10.27,844.5,1.59,8.72,-5.2,9,-0.01,0,0,1.5,76,122784,129340985,775364510,58.06,67955,-162.96,11,0.63,33.38,2025-12-29T09:48:12.929360533Z,164.48
97,10.29,844.5,1.59,8.7,-5.26,9,-0.01,0.01,0,1.5,77,122749,129340985,775364510,57.7,67976,-163.2,11,0.63,33.28,2025-12-29T09:48:16.605029114Z,159.93
96,10.25,844.5,1.58,8.64,-5.27,9,-0.02,0,0,1.5,74,122750,129340985,775364510,57.51,67975,-163.34,11,0.63,33.19,2025-12-29T09:48:20.541473931Z,171.25
95,10.26,844.5,1.61,8.66,-5.26,9,-0.02,0,0,1.5,77,122725,129340985,775364510,57.57,67991,-163,11,0.63,33.28,2025-12-29T09:48:23.968673365Z,174.19
95,10.27,850.2,1.62,8.71,-5.19,9,-0.01,-0.01,0.01,1.51,74,122681,129340653,775364903,58.03,68177,-162.63,9,0.93,33.24,2025-12-29T09:48:27.654243276Z,-154.77
96,10.03,850.2,1.58,8.25,-5.48,9,0.02,-0.07,0,1.51,72,122632,129340653,775364903,55.35,68073,-163.89,9,0.93,33.19,2025-12-29T09:48:30.929993309Z,-71.84
96,10.46,849.8,1.55,8.88,-5.31,9,-0.04,0,0.02,1.52,79,122616,129340765,775364836,58.08,68140,-163.77,11,0.13,33.09,2025-12-29T09:48:34.820917447Z,177.93
96,10.03,850.2,1.71,8.36,-5.26,9,0.02,-0.04,0,1.52,74,122616,129340830,775364778,56.52,68165,-161.97,11,0.13,33.28,2025-12-29T09:48:38.103099274Z,-66.9
96,10.23,851.3,1.65,8.51,-5.43,9,0,0,-0.02,1.54,72,122590,129340785,775364733,56.28,68123,-163.11,10,0.94,33.24,2025-12-29T09:48:41.993247931Z,-42.58
98,10.28,851.3,1.62,8.64,-5.34,9,-0.02,0,0,1.54,70,122660,129340785,775364733,57.15,68250,-163.13,10,0.94,33.19,2025-12-29T09:48:45.485144324Z,170.75
95,10.31,851.3,1.52,8.57,-5.53,9,-0.01,0,0.01,1.54,76,122651,129340785,775364733,56.23,68192,-164.67,10,0.94,33.28,2025-12-29T09:48:48.753633062Z,-173.12
96,10.34,851.2,1.62,8.7,-5.35,9,-0.01,0,0.01,1.52,74,122671,129340843,775364796,57.28,68246,-163.16,11,0.69,33.38,2025-12-29T09:48:52.455176001Z,-177.4
95,10.24,851.3,1.56,8.6,-5.34,9,-0.02,0,0,1.52,78,122673,129340823,775364816,57.13,68243,-163.72,11,0.69,33.24,2025-12-29T09:48:56.318644078Z,167.62
98,10.23,849.5,1.58,8.55,-5.39,9,-0.01,0,0.01,1.52,74,122663,129340838,775364826,56.69,68243,-163.67,11,0.28,33.33,2025-12-29T09:48:59.812243283Z,-150.55
95,10.25,847.9,1.58,8.61,-5.32,9,-0.02,0,0.01,2,74,122673,129340813,775364895,57.19,68262,-163.46,10,0.17,33.19,2025-12-29T09:49:03.485879287Z,169.62
98,10.29,847.9,1.57,8.66,-5.33,9,-0.02,0,0.01,2,70,122651,129340813,775364895,57.32,68270,-163.56,10,0.17,33.24,2025-12-29T09:49:06.998737846Z,167.52
96,10.27,847.6,1.59,8.59,-5.4,9,-0.02,0,0.01,1.53,70,122638,129340856,775364869,56.74,68268,-163.61,10,0.37,33.33,2025-12-29T09:49:10.671241865Z,167.22
98,10.02,847.6,1.43,8.23,-5.52,9,-0.02,-0.07,-0.02,1.53,75,122627,129340856,775364869,55.27,68301,-165.44,10,0.37,33.28,2025-12-29T09:49:13.734083408Z,-105.06
97,10.33,848.1,1.62,8.64,-5.42,9,-0.03,0.01,0,1.53,77,122601,129340958,775364803,56.78,68315,-163.41,10,0.22,33.24,2025-12-29T09:49:17.236637639Z,161.75
95,10.52,848.5,1.56,8.78,-5.57,9,-0.01,0.08,-0.02,1.53,79,122613,129340998,775364753,56.61,68293,-164.38,10,0.22,33.24,2025-12-29T09:49:20.709860509Z,94.27
98,10.33,848.5,1.53,8.71,-5.34,9,-0.05,-0.02,0.01,1.53,71,122566,129340998,775364753,57.45,68348,-164.02,10,0.22,33.24,2025-12-29T09:49:23.97773917Z,-158.73
98,10.37,847.1,1.61,8.73,-5.36,9,-0.02,0.1,-0.02,1.53,79,122509,129340991,775364718,57.33,68308,-163.25,9,0.61,33.19,2025-12-29T09:49:27.677625917Z,98.69
97,10.24,847.1,1.53,8.57,-5.39,9,-0.01,0,0,1.53,71,122521,129340991,775364718,56.84,68303,-164.2,9,0.61,33.19,2025-12-29T09:49:31.551361485Z,163.07
97,10.41,847.6,1.64,8.78,-5.35,9,-0.02,0.01,0.01,1.54,78,122510,129341030,775364666,57.51,68349,-162.9,9,0.61,33.24,2025-12-29T09:49:37.706485763Z,164.6
97,10.29,847.5,1.54,8.64,-5.37,9,-0.02,0,0.01,2.02,70,122437,129341006,775364720,57.12,68325,-164.03,9,0.33,33.24,2025-12-29T09:49:40.772100607Z,175.99
97,9.83,847,1.7,8.23,-5.1,9,0.01,0.04,0.01,1.54,70,122509,129341056,775364736,56.82,68364,-161.55,10,0.15,33.28,2025-12-29T09:49:47.587737083Z,82.07
95,10.31,847,1.61,8.61,-5.44,9,-0.03,0.02,-0.01,1.54,79,122506,129341056,775364736,56.62,68375,-163.52,10,0.15,33.24,2025-12-29T09:49:51.018818226Z,149.82
96,10.3,847.9,1.6,8.61,-5.41,9,-0.01,0.01,0,1.54,78,122442,129341053,775364843,56.78,68381,-163.48,10,0.15,33.24,2025-12-29T09:49:54.487478185Z,119.74
98,10.25,847.9,1.61,8.52,-5.45,9,-0.02,0,0.01,1.54,77,122480,129341053,775364843,56.3,68374,-163.53,10,0.15,33.24,2025-12-29T09:49:58.186146403Z,173.33
97,10.38,847.9,1.58,8.69,-5.46,9,-0.02,0.02,0,1.54,70,122455,129341028,775364871,56.8,68364,-163.86,10,0.28,33.24,2025-12-29T09:50:01.867174433Z,139.5
98,10.25,847.9,1.62,8.61,-5.31,9,-0.02,0,0.01,1.54,77,122273,129341104,775364935,57.17,67960,-163.01,10,0.46,33.28,2025-12-29T09:50:05.142667155Z,-172.15
96,10.21,850.2,1.7,8.73,-5.01,9,0.01,-0.01,0.01,1.55,74,122398,129341104,775364935,58.77,68302,-161.32,10,0.46,33.28,2025-12-29T09:50:08.425997219Z,-29.21
97,10.28,850.2,1.69,8.73,-5.16,9,0,-0.05,0.02,1.55,76,122386,129341104,775364935,58.12,68340,-161.85,10,0.46,33.28,2025-12-29T09:50:12.1189099Z,-94.16
96,10.27,850.2,1.55,8.64,-5.34,9,-0.02,0,0,1.55,71,122379,129341103,775364975,57.25,68348,-163.84,10,0.09,33.28,2025-12-29T09:50:15.819484988Z,-178.68
97,10.31,851.5,1.59,8.62,-5.43,9,-0.03,0.01,0.02,1.55,78,122365,129341015,775364995,56.69,68387,-163.72,11,0.09,33.24,2025-12-29T09:50:19.511819075Z,168.25
95,10.34,851.5,1.53,8.62,-5.5,9,-0.02,0.01,0.01,1.55,71,122390,129341015,775364995,56.48,68372,-164.45,11,0.09,33.24,2025-12-29T09:50:23.370639927Z,161.26
95,10.49,852,1.5,8.93,-5.3,9,0,0.02,-0.01,1.55,75,122233,129340983,775365023,58.34,68463,-164.21,10,0.43,33.24,2025-12-29T09:50:26.643041517Z,101.44
96,12.79,852.9,1.89,9.07,-8.82,9,1.34,0.41,0.32,1.56,72,123517,129341046,775364916,45.15,66754,-167.89,10,1.56,33.28,2025-12-29T09:50:29.921351658Z,17.15
97,11.13,851.2,5.73,1.36,-9.44,9,0,0.01,-0.01,1.56,72,122762,129341041,775364853,7.03,65118,-148.74,10,1.56,33.19,2025-12-29T09:50:33.221442604Z,101.75
97,11.13,850.3,6.33,2.03,-8.92,9,-0.02,0.01,0,1.56,77,122423,129341003,775364791,10.49,64667,-144.63,9,1.56,33.24,2025-12-29T09:50:36.484512908Z,154.09
97,11.11,850.3,6.31,2.1,-8.9,9,-0.02,0,0,1.56,72,122168,129341003,775364791,10.91,64396,-144.67,9,1.56,33.24,2025-12-29T09:50:40.428665669Z,169.66
98,11.15,849.9,6.42,2.09,-8.87,9,-0.02,0,0.01,2.39,76,122033,129340970,775364718,10.8,64231,-144.11,9,0.54,33.33,2025-12-29T09:50:43.852211045Z,-172.98
96,11.12,849.9,6.45,2.32,-8.76,9,-0.04,0.01,0,2.39,74,121964,129340970,775364718,12.05,64196,-143.62,9,0.54,33.28,2025-12-29T09:50:47.322098622Z,162.21
97,11.05,848.6,6.34,2.16,-8.79,0,-0.01,-0.01,0.02,1.56,77,121927,129341166,775364603,11.25,64095,-144.2,11,1.15,33.19,2025-12-29T09:50:50.599294694Z,-143.88
96,11.08,848.6,6.44,2.23,-8.74,0,-0.02,0,0,1.56,70,121870,129341166,775364603,11.61,63950,-143.62,11,1.15,33.28,2025-12-29T09:50:54.080939524Z,170.38
95,11.11,848,6.39,2.26,-8.8,12,-0.02,0.01,0.01,1.56,70,121824,129341098,775364560,11.77,63908,-144.04,11,0.22,33.28,2025-12-29T09:50:57.395115003Z,150.66
98,11.1,848,6.32,2.21,-8.86,12,-0.04,0.02,0,1.56,75,122061,129341098,775364560,11.45,64244,-144.49,11,0.22,33.28,2025-12-29T09:51:00.859154995Z,148.98
97,11.11,847,6.21,1.95,-9,12,-0.03,0.04,-0.02,1.1,74,121913,129341071,775364563,10.09,63829,-145.39,11,0.44,33.33,2025-12-29T09:51:04.130284354Z,123.55
96,11.13,847.3,6.37,2,-8.9,12,-0.02,0,0,2.07,77,121838,129341038,775364575,10.37,63726,-144.43,10,0.44,33.24,2025-12-29T09:51:07.396925599Z,177.67
98,11.07,847.3,6.17,2.1,-8.94,12,-0.01,-0.01,0.01,2.07,73,121887,129341038,775364575,10.95,63693,-145.38,10,0.44,33.28,2025-12-29T09:51:11.106706262Z,-136.68
96,11.19,847.3,6.37,2.04,-8.97,12,-0.02,0,0,2.07,70,121942,129340936,775364498,10.49,63633,-144.62,10,0.5,33.28,2025-12-29T09:51:14.566395825Z,178.11
96,11.11,847.3,6.37,2.01,-8.88,12,-0.02,0.01,0.01,2.07,75,123039,129340936,775364498,10.4,66763,-144.36,10,0.5,33.28,2025-12-29T09:51:18.148710791Z,156.56
98,11.37,846.8,0.7,3.08,-10.92,12,-0.02,-0.91,0.26,1.62,71,123937,129341020,775364461,15.7,67144,-176.31,9,1.07,33.28,2025-12-29T09:51:21.412062267Z,-91.36
98,11,846.8,5.24,-1.02,-9.61,12,0.18,-1.02,0.19,1.62,74,124288,129341020,775364461,-5.33,67677,-151.4,9,1.07,33.33,2025-12-29T09:51:24.803994506Z,-79.96
98,10.99,846.8,-2.16,-1.22,-10.71,12,-0.03,-0.05,0.01,1.62,72,124133,129341020,775364461,-6.38,67220,168.58,9,1.07,33.28,2025-12-29T09:51:28.287791848Z,-117.48
97,11.03,846.8,-1.8,-1.26,-10.81,12,0,0.39,-0.05,1.62,70,123037,129341020,775364461,-6.58,66115,170.56,9,1.07,33.28,2025-12-29T09:51:31.976042309Z,90.14
96,11.35,846.8,5.03,-1.21,-10.1,12,-0.01,0.11,-0.01,1.62,74,122923,129341195,775364341,-6.13,66196,-153.51,9,1.48,33.28,2025-12-29T09:51:35.454174822Z,97.31
96,11.34,846.8,4.56,-1.11,-10.32,12,0.03,-0.76,0.1,1.62,78,122909,129341195,775364341,-5.61,66195,-156.18,9,1.48,33.19,2025-12-29T09:51:38.948781618Z,-87.95
95,11.44,846.8,4.54,-1.34,-10.41,12,-0.03,0.25,-0.03,1.62,74,122848,129341501,775364698,-6.71,66158,-156.42,9,2.85,33.42,2025-12-29T09:51:42.839085455Z,97.7
97,11.26,846.8,4.71,-1.18,-10.16,12,-0.03,0.09,-0.02,1.62,72,122719,129341501,775364698,-6.03,66134,-155.13,9,2.85,33.38,2025-12-29T09:51:46.529239125Z,105.45
96,11.1,846.8,5.06,-1.03,-9.82,12,-0.01,-0.03,0,1.62,76,122725,129341501,775364698,-5.32,66199,-152.73,9,2.85,33.28,2025-12-29T09:51:50.269779423Z,-111.54
95,11.42,840.8,4.78,-1.21,-10.3,12,-0.02,0.06,-0.01,1.59,79,122714,129341005,775365065,-6.09,66237,-155.11,10,1.98,33.28,2025-12-29T09:51:53.877153118Z,105.17
97,11.29,840.8,4.46,-1.19,-10.3,12,-0.02,0,0,1.59,79,122657,129341141,775364765,-6.03,66193,-156.6,10,0.02,33.33,2025-12-29T09:51:57.359134221Z,174.88
97,11.39,839.4,4.49,-1.23,-10.4,12,-0.02,0,0.01,1.59,74,122672,129341141,775364765,-6.21,66251,-156.63,10,0.02,33.28,2025-12-29T09:52:01.065768551Z,171.15
96,11.38,839.4,4.47,-1.14,-10.4,12,-0.02,0,0,1.59,73,122630,129341141,775364765,-5.74,66230,-156.73,10,0.02,33.33,2025-12-29T09:52:04.736442984Z,171.33
95,11.35,839.4,4.48,-1.26,-10.35,12,-0.02,0.16,-0.02,1.59,74,122685,129341141,775364765,-6.38,66259,-156.59,10,0.02,33.38,2025-12-29T09:52:08.534060186Z,97.64
97,11.26,838.7,4.53,-1.15,-10.25,16,-0.01,0,0.01,1.26,71,122571,129341166,775365200,-5.84,66143,-156.16,9,0.41,33.28,2025-12-29T09:52:11.91573771Z,-172.8
95,11.29,838.1,4.41,-1.27,-10.32,16,-0.02,0.03,-0.01,1.59,74,122496,129341491,775364995,-6.45,66200,-156.87,10,2.28,33.42,2025-12-29T09:52:15.402461114Z,118.45
96,11.29,838.1,4.45,-1.12,-10.32,16,-0.01,0,0,1.59,73,122757,129341491,775364995,-5.71,66575,-156.65,10,2.28,33.28,2025-12-29T09:52:18.45476452Z,-173.88
97,11.3,838.1,1.88,-1.34,-11.06,16,-0.04,-0.33,0.06,1.59,78,124375,129341526,775364553,-6.79,68016,-170.33,10,1.56,33.42,2025-12-29T09:52:21.73389208Z,-96.67
97,11.3,838.1,-3.11,-1.25,-10.79,16,-0.04,-0.31,0.05,1.59,70,124169,129341343,775364581,-6.35,68279,163.94,10,0.2,33.33,2025-12-29T09:52:25.646668799Z,-96.39
96,10.9,836.7,-3.81,-1.07,-10.16,16,-0.01,0,0.01,1.6,74,124217,129341303,775364320,-5.66,68300,159.44,11,0.2,33.33,2025-12-29T09:52:29.102695646Z,166.5
96,10.82,837.9,-3.88,-1.1,-10.04,16,-0.02,0,0.01,1.6,77,124103,129341216,775364235,-5.85,68332,158.89,11,0.2,33.38,2025-12-29T09:52:32.595657533Z,-176.45
97,10.84,837.9,-3.93,-1.13,-10.04,16,-0.01,0,0,1.6,70,123699,129341216,775364235,-6.01,67296,158.61,11,0.2,33.38,2025-12-29T09:52:36.295970553Z,-164.05
98,11.1,837.9,2.96,-1.4,-10.61,16,-0.01,-1.1,0.19,1.6,71,123552,129341216,775364235,-7.22,67794,-164.43,11,0.2,33.28,2025-12-29T09:52:39.59064623Z,-90.67
98,11.32,837.9,-1.28,-1.39,-11.16,16,-0.04,-0.47,0.06,1.6,75,123501,129341216,775364235,-7.07,67821,173.48,11,0.2,33.33,2025-12-29T09:52:42.839762466Z,-94.75
97,11.13,840.6,-0.95,-1.35,-11,16,-0.02,0,0.01,1.6,74,123463,129341088,775364071,-6.98,67749,175.09,11,0.07,33.38,2025-12-29T09:52:46.938454258Z,-174.81
95,11.22,840.6,-0.6,-1.43,-11.11,16,-0.01,-0.05,0.02,1.6,72,123680,129341088,775364071,-7.31,66825,176.9,11,0.07,33.38,2025-12-29T09:52:50.272036457Z,-103.38
98,11.32,840.9,1.85,-1.32,-11.09,16,-0.05,0.03,-0.02,1.6,77,122365,129341056,775364023,-6.7,68237,-170.53,11,0.07,33.47,2025-12-29T09:52:53.896549779Z,145.46
97,10.73,840.9,-0.2,5.16,-9.4,16,-0.71,0.47,-0.17,1.6,71,121745,129341033,775364071,28.77,67960,178.8,11,0.07,33.28,2025-12-29T09:52:57.585049742Z,146.46
97,10.27,840.9,2.81,9.1,-3.87,16,0.02,-0.02,-0.07,1.6,75,121785,129341033,775364071,62.28,68038,-144.01,11,0.07,33.33,2025-12-29T09:53:01.064691624Z,-46.25
95,10.17,841.2,2.88,8.88,-4.04,16,-0.02,-0.01,0,1.61,77,123086,129341013,775364155,60.83,69511,-144.54,10,0.31,33.38,2025-12-29T09:53:04.777172796Z,-160.25
96,11.02,841.2,3.59,5.26,-9,16,-0.04,0.01,0.02,1.61,74,124632,129341013,775364155,28.53,67803,-158.25,10,0.31,33.38,2025-12-29T09:53:08.469097485Z,163.25
98,10.73,841.2,-1.35,-1.36,-10.56,16,0.07,0.75,-0.11,1.61,79,124074,129341013,775364155,-7.28,67554,172.7,10,0.31,33.28,2025-12-29T09:53:12.321726063Z,84.65
95,10.95,840.8,-2.5,-1.29,-10.58,16,-0.02,0,0,1.62,78,124040,129340938,775364355,-6.75,67529,166.7,10,0.07,33.33,2025-12-29T09:53:15.411844055Z,-165.75
97,10.98,840.8,-2.51,-1.28,-10.62,16,-0.02,0.01,0,1.62,78,123799,129340938,775364355,-6.7,67479,166.7,10,0.07,33.28,2025-12-29T09:53:18.671758891Z,153.43
96,10.97,840.8,-2.5,-1.23,-10.61,16,-0.02,0,0,1.62,73,123749,129340963,775364275,-6.45,67482,166.76,10,0.19,33.33,2025-12-29T09:53:22.376468205Z,-171.08
96,11.02,839.3,-2.49,-1.27,-10.66,16,-0.01,0,0.01,1.62,76,123724,129340958,775364276,-6.61,67402,166.84,10,0.19,33.38,2025-12-29T09:53:26.037725637Z,166.58
96,11.02,839.3,-2.48,-1.25,-10.66,16,-0.01,0.01,0,1.62,79,123528,129340958,775364276,-6.53,67361,166.89,10,0.19,33.38,2025-12-29T09:53:29.966509445Z,144.88
98,10.94,839.3,-2.53,-1.25,-10.57,16,-0.02,0,0.01,1.62,77,123549,129340958,775364276,-6.55,67322,166.54,10,0.19,33.33,2025-12-29T09:53:33.62723998Z,178.09
98,10.98,839.3,-2.55,-1.24,-10.61,16,-0.01,0,0,1.62,74,123664,129340958,775364276,-6.46,67412,166.47,10,0.19,33.38,2025-12-29T09:53:37.339943365Z,176.29
95,10.97,838.4,-2.55,-1.24,-10.6,19,-0.02,0,0.01,1.23,76,123603,129341095,775364165,-6.49,67422,166.45,10,0.43,33.24,2025-12-29T09:53:41.263441292Z,-176.94
97,10.96,838.4,-2.42,-1.25,-10.61,19,-0.02,0,0.01,1.23,76,123619,129341063,775364265,-6.55,67381,167.14,10,0.87,33.24,2025-12-29T09:53:44.900229246Z,-174.45
97,11.08,838.4,-2.55,-1.36,-10.7,19,-0.02,-0.01,0.01,1.23,78,122935,129341063,775364265,-7.04,66833,166.59,10,0.87,33.28,2025-12-29T09:53:48.795269813Z,-151.05
98,11.28,838.4,0.79,-1.49,-11.15,19,-0.01,-0.08,0.02,1.23,73,123381,129341063,775364265,-7.61,67190,-175.97,10,0.87,33.33,2025-12-29T09:53:52.882908758Z,-93.81
98,11.04,838.4,-1.76,-1.41,-10.8,19,-0.02,-0.14,0.03,1.23,74,123733,129341063,775364265,-7.32,67349,170.72,10,0.87,33.38,2025-12-29T09:53:56.360984794Z,-96.75
95,11.09,838.4,-2.11,-1.32,-10.8,19,-0.01,0,0.01,1.23,76,123696,129341063,775364265,-6.85,67330,168.96,10,0.87,33.38,2025-12-29T09:53:59.841173649Z,171.79
98,11.06,838.4,-2.11,-1.33,-10.78,19,-0.02,0,0,1.23,78,123714,129341063,775364265,-6.89,67366,168.91,10,0.87,33.38,2025-12-29T09:54:03.605558216Z,175.89
96,10.96,837.9,-2.09,-1.33,-10.68,19,-0.02,0,0,1.56,78,123571,129340879,775364728,-6.96,67323,168.92,12,0.28,33.28,2025-12-29T09:54:08.03754201Z,-169.97
95,11.03,837.4,-2.15,-1.32,-10.74,19,-0.01,0,0,1.19,79,123609,129340841,775364795,-6.89,67353,168.7,12,0.09,33.38,2025-12-29T09:54:11.730768855Z,163.44
97,11.04,837.4,-2.18,-1.33,-10.75,19,-0.01,0,0,1.19,77,124066,129340841,775364795,-6.94,67286,168.54,12,0.09,33.28,2025-12-29T09:54:15.614867499Z,179.4
95,8.48,837.4,1.6,-2.03,-8.07,19,-0.65,0,-0.56,1.19,71,123944,129340841,775364795,-13.86,66322,-168.78,12,0.09,33.24,2025-12-29T09:54:19.521479531Z,179.68
96,11.27,838,-0.08,-2.01,-11.09,19,0.01,-0.13,0.09,1.07,74,124140,129340693,775365086,-10.28,66271,179.59,12,0.28,33.33,2025-12-29T09:54:23.391216606Z,-86.57
98,10.7,838.3,-2.06,-2.25,-10.26,19,-0.04,-0.02,-0.02,1.56,75,124077,129340683,775365085,-12.11,66209,168.64,12,0.15,33.33,2025-12-29T09:54:27.069271485Z,-155.03
95,11.22,839.4,-1.75,-2.35,-10.83,19,-0.01,-0.11,-0.03,1.56,74,124078,129340676,775365066,-12.08,66248,170.82,12,0.28,33.33,2025-12-29T09:54:30.43180009Z,-96.44
95,11.23,839.4,-1.44,-2.27,-10.91,19,0.02,-0.29,0.08,1.56,79,123868,129340676,775365066,-11.66,66013,172.47,12,0.28,33.33,2025-12-29T09:54:33.834225644Z,-86.98
96,11.05,841.7,-1.89,-2.27,-10.65,19,-0.01,-0.01,0,1.57,79,123799,129340701,775364975,-11.88,65925,169.93,12,0.17,33.24,2025-12-29T09:54:37.108713219Z,-132.6
98,11.07,842.7,-1.95,-2.36,-10.64,19,-0.01,-0.01,0,1.07,72,124264,129340706,775364946,-12.28,66380,169.64,12,0.28,33.28,2025-12-29T09:54:40.434666576Z,-153.43
97,11,842.7,-2.01,-2.28,-10.57,19,-0.02,0.02,0.01,1.07,72,123492,129340706,775364946,-11.98,65524,169.26,12,0.28,33.28,2025-12-29T09:54:43.888898874Z,141.96
95,10.97,845.7,-1.19,-2.24,-10.67,19,-0.05,0.16,0,1.57,72,123228,129340758,775364806,-11.79,65295,173.65,12,0.98,33.28,2025-12-29T09:54:47.366572768Z,107.68
97,10.76,845.7,-1.1,-1.99,-10.52,19,-0.05,0.18,-0.04,1.57,76,124277,129340758,775364806,-10.67,66674,174.04,12,0.98,33.28,2025-12-29T09:54:51.251352173Z,104.54
96,11.17,847.7,-2.1,-2.35,-10.71,19,-0.01,-0.17,0.04,1.57,75,124242,129340793,775364759,-12.14,66382,168.88,12,0.11,33.33,2025-12-29T09:54:55.346290674Z,-94.54
97,11.18,847.7,-2.58,-2.46,-10.59,19,0,-0.07,0,1.57,72,124179,129340808,775364778,-12.7,66249,166.32,12,0.17,33.33,2025-12-29T09:54:59.244413254Z,-88.15
97,11.49,849.1,-2.53,-2.34,-10.96,19,0.03,-0.39,0.07,1.57,74,124071,129340823,775364761,-11.75,65938,166.99,12,0,33.33,2025-12-29T09:55:02.904791533Z,-86.1
97,11.01,849.1,-2.18,-2.31,-10.54,19,-0.01,0,0,1.57,77,124015,129340831,775364756,-12.13,65874,168.33,12,0.24,33.38,2025-12-29T09:55:06.192644813Z,169.55
96,11.07,850.2,-2.16,-2.29,-10.62,19,-0.01,0,0.01,1.58,72,123818,129340808,775364811,-11.95,65827,168.48,12,0.24,33.28,2025-12-29T09:55:09.674227844Z,-176.76
95,11.02,850.2,-2.16,-2.37,-10.55,19,-0.02,0.01,0,1.58,73,123878,129340808,775364811,-12.41,65911,168.44,12,0.24,33.28,2025-12-29T09:55:13.166429729Z,138.01
96,11.08,850.4,-2.59,-2.32,-10.52,82,-0.01,-0.37,0.02,1.58,77,124317,129340818,775364836,-12.09,66191,166.17,12,0.24,33.38,2025-12-29T09:55:17.038307533Z,-91.18
98,10.21,850.7,-1.89,-2.24,-9.78,82,0.12,-0.67,0.01,1.58,71,124261,129340821,775364759,-12.67,65442,169.05,12,0.52,33.33,2025-12-29T09:55:20.768551966Z,-80.04
97,12.12,850.7,-3.32,-2.56,-11.37,82,-0.02,-1.01,0.03,1.58,75,124050,129340821,775364759,-12.19,66123,163.7,12,0.52,33.38,2025-12-29T09:55:24.406578803Z,-91.28
98,11.03,851.6,-0.48,-1.95,-10.85,82,0,-0.14,0.09,1.58,79,124109,129340836,775364656,-10.16,66159,177.46,12,0.52,33.33,2025-12-29T09:55:27.709109705Z,-88.65
96,10.64,851.6,-2.34,-2.39,-10.1,82,-0.03,0.09,-0.03,1.58,76,124237,129340830,775364695,-13,66168,166.94,12,0.19,33.33,2025-12-29T09:55:31.392666444Z,107.06
97,10.73,853.4,-2.79,-2.33,-10.09,82,-0.02,0.22,-0.04,1.07,70,124126,129340843,775364666,-12.56,65898,164.53,12,0.19,33.28,2025-12-29T09:55:35.093537634Z,95.38
96,11.04,853.4,-2.38,-2.29,-10.53,82,-0.01,-0.02,0.01,1.07,73,124048,129340843,775364666,-11.98,65812,167.24,12,0.19,33.42,2025-12-29T09:55:38.763828257Z,-123.04
98,10.98,853.4,-2.31,-2.3,-10.48,82,-0.02,0,0,1.07,71,124075,129340843,775364666,-12.08,65850,167.59,12,0.19,33.38,2025-12-29T09:55:42.230504119Z,174.38
96,11.08,853.4,-2.38,-2.33,-10.57,82,-0.02,0.01,0,1.07,78,124005,129340843,775364666,-12.13,65816,167.31,12,0.19,33.33,2025-12-29T09:55:45.508283617Z,158.87
95,11.1,853.4,-2.32,-2.37,-10.59,82,-0.02,0.01,0,1.07,77,123928,129340843,775364666,-12.3,65802,167.65,12,0.19,33.38,2025-12-29T09:55:49.210102556Z,161.98
98,11.16,853.4,-2.36,-2.37,-10.65,82,-0.02,0,0,1.07,77,124179,129340905,775364581,-12.25,65877,167.5,12,0.19,33.28,2025-12-29T09:55:52.690831104Z,164.7
95,11.02,853.4,-2.31,-2.32,-10.52,82,-0.02,0,0.01,1.07,75,124140,129340881,775364601,-12.17,65883,167.63,12,0.06,33.38,2025-12-29T09:55:56.363670534Z,178.2
96,11.06,854.4,-2.38,-2.35,-10.55,82,-0.02,0,0,1.59,78,124195,129340881,775364601,-12.28,65844,167.31,12,0.06,33.28,2025-12-29T09:56:00.150845523Z,171.16
96,10.95,853.7,-2.29,-2.35,-10.44,82,-0.02,0,0,1.59,79,124110,129340848,775364683,-12.4,65840,167.61,12,0.85,33.33,2025-12-29T09:56:03.136869164Z,180
95,11.07,853.7,-2.37,-2.31,-10.56,82,-0.01,0,0,1.59,77,124054,129340848,775364683,-12.02,66040,167.38,12,0.85,33.28,2025-12-29T09:56:06.600226081Z,-170.97
95,11.05,853.7,-2.37,-2.32,-10.54,82,-0.01,0,0,1.59,71,123973,129340848,775364683,-12.13,66014,167.34,12,0.85,33.42,2025-12-29T09:56:10.35917188Z,173.42
97,11.11,850.4,-2.23,-2.38,-10.63,82,-0.02,0.02,0,1.1,71,123978,129340808,775364691,-12.35,65870,168.13,12,0.2,33.33,2025-12-29T09:56:13.989072476Z,137.09
97,10.97,850.4,-2.55,-2.33,-10.41,82,-0.02,0,0.01,1.1,72,123971,129340790,775364628,-12.27,65774,166.24,12,0.48,33.28,2025-12-29T09:56:17.261836024Z,-172.53
96,11.03,850.4,-2.36,-2.29,-10.52,82,-0.02,0.02,0,1.1,79,124603,129340790,775364628,-11.97,66466,167.38,12,0.48,33.38,2025-12-29T09:56:20.402917119Z,132.26
96,10.96,850.4,-4.37,-2.23,-9.81,82,-0.39,0.21,-0.14,1.1,72,124140,129340790,775364628,-11.73,65838,155.98,12,0.48,33.38,2025-12-29T09:56:23.836852627Z,151.1
97,10.89,846.9,-2.82,-2.23,-10.28,82,-0.06,0.07,-0.01,1.1,72,124267,129340698,775364821,-11.81,65832,164.67,12,1.5,33.38,2025-12-29T09:56:27.706968786Z,128
98,11.04,846.9,-2.68,-2.21,-10.48,82,-0.01,0,0,1.1,74,124269,129340698,775364821,-11.57,65864,165.67,12,1.5,33.38,2025-12-29T09:56:31.319753421Z,164.74
96,11.02,845.5,-2.65,-2.21,-10.47,82,-0.02,0,0,1.1,78,124133,129340646,775364950,-11.57,65845,165.79,12,0.3,33.28,2025-12-29T09:56:34.904045633Z,-179.51
98,11.03,845.5,-2.66,-2.17,-10.48,82,-0.02,0.01,0,1.1,71,124190,129340646,775364950,-11.36,66004,165.74,12,0.3,33.33,2025-12-29T09:56:39.45307046Z,148.23
97,11.13,845.5,-0.11,-1.96,-10.96,82,0,0.09,0.03,1.1,74,124111,129340646,775364950,-10.12,66092,179.41,12,0.3,33.33,2025-12-29T09:56:43.276178506Z,90.08
98,11.44,844.7,-3.74,-2.37,-10.54,15,0.01,-0.1,-0.01,1.03,77,124095,129340575,775365028,-11.94,65854,160.46,12,0.37,33.38,2025-12-29T09:56:46.56668829Z,-81.31
95,10.97,844.7,-2.56,-2.26,-10.43,15,-0.02,0,0.01,1.03,79,124032,129340575,775365028,-11.9,65841,166.2,12,0.37,33.33,2025-12-29T09:56:50.183126307Z,-171.94
97,11.01,845.4,-2.66,-2.27,-10.44,15,-0.02,0,0,1.17,78,124114,129340556,775365046,-11.91,65868,165.73,12,0.28,33.28,2025-12-29T09:56:53.940096882Z,175.24
95,10.99,845.4,-2.56,-2.16,-10.46,15,-0.02,0.01,0,1.17,71,124059,129340528,775365011,-11.35,65840,166.23,12,0.57,33.28,2025-12-29T09:56:57.409029121Z,155.56
97,11.01,845.5,-2.48,-2.22,-10.49,15,-0.02,0.01,0,1.17,75,124068,129340528,775365011,-11.65,65761,166.71,12,0.57,33.33,2025-12-29T09:57:01.099858155Z,158.46
95,11.04,844.9,-2.55,-2.22,-10.51,15,-0.01,0,0,1.17,72,124274,129340523,775364906,-11.61,65845,166.37,12,0.19,33.24,2025-12-29T09:57:04.791282335Z,178.36
97,11.07,844.9,-2.6,-2.21,-10.53,15,-0.01,0,0,1.17,77,124049,129340523,775364906,-11.51,65817,166.14,12,0.19,33.24,2025-12-29T09:57:08.483770393Z,-171.95
95,10.89,844.9,-2.59,-2.25,-10.34,15,-0.01,0.01,0,1.17,73,124121,129340523,775364906,-11.94,65806,165.95,12,0.19,33.28,2025-12-29T09:57:11.96487158Z,156.64
95,10.95,845,-2.57,-2.28,-10.4,15,-0.01,0,0.01,1.14,71,124125,129340516,775364556,-12.01,66042,166.13,12,0.19,33.28,2025-12-29T09:57:15.224336431Z,-177.88
95,11.01,844.3,-2.54,-2.11,-10.5,15,0,1.07,-0.06,1.1,76,124588,129340541,775364438,-11.03,66394,166.39,12,0.19,33.28,2025-12-29T09:57:18.527690377Z,89.77
96,10.9,844.3,-2.79,-1.82,-10.38,15,0.04,0.59,0.04,1.1,75,124129,129340541,775364438,-9.6,65760,164.96,12,0.19,33.33,2025-12-29T09:57:22.400173229Z,85.85
96,11.03,845,-2.64,-2.22,-10.47,15,-0.06,0.11,-0.01,1.14,74,123902,129340558,775364256,-11.61,66144,165.85,12,0.8,33.33,2025-12-29T09:57:26.072004437Z,119.13
96,10.88,844.7,-1.8,-2.11,-10.52,15,0.01,-0.23,0.08,1.14,70,124029,129340555,775364291,-11.18,66076,170.32,12,0.17,33.38,2025-12-29T09:57:29.761543037Z,-87.26
96,11.08,844.7,-2.66,-2.3,-10.5,15,0,-0.16,0.03,1.14,77,124057,129340555,775364291,-12,66094,165.79,12,0.17,33.28,2025-12-29T09:57:33.442533788Z,-89.71
96,10.98,844.7,-2.15,-2.17,-10.54,15,-0.06,0.13,-0.02,1.14,76,124081,129340555,775364291,-11.42,65977,168.46,12,0.17,33.33,2025-12-29T09:57:36.738048877Z,113.77
96,10.99,844.7,-2.92,-2.25,-10.36,15,0,-0.04,0,1.14,74,123935,129340569,775364276,-11.81,65774,164.24,12,0.07,33.33,2025-12-29T09:57:40.62072919Z,-91.11
96,11.04,844.4,-2.55,-2.21,-10.51,15,-0.02,0,0,1.2,71,123939,129340545,775364336,-11.52,65797,166.38,12,0.07,33.33,2025-12-29T09:57:44.298409824Z,177.78
98,11,844.5,-2.51,-2.22,-10.48,15,-0.02,0,0,1.2,70,123957,129340538,775364351,-11.65,65962,166.51,12,0.37,33.38,2025-12-29T09:57:47.978939474Z,169.94
98,11.02,843.9,-2.49,-2.18,-10.51,15,-0.01,0.01,0,1.2,77,123857,129340508,775364431,-11.39,65753,166.68,12,0.37,33.33,2025-12-29T09:57:51.695067425Z,142.16
97,11.02,843.9,-2.68,-2.27,-10.44,15,-0.02,0.01,0,1.2,76,124029,129340508,775364431,-11.89,65758,165.62,12,0.37,33.38,2025-12-29T09:57:55.350832707Z,163.59
98,11.02,843.9,-2.57,-2.15,-10.5,15,-0.02,-0.01,0.01,1.2,72,123942,129340508,775364431,-11.26,65733,166.26,12,0.37,33.33,2025-12-29T09:57:59.456237139Z,-153.43
96,11.02,843.3,-2.51,-2.2,-10.51,15,-0.02,0.01,0,1.24,76,123946,129340483,775364476,-11.52,65772,166.54,10,0.81,33.38,2025-12-29T09:58:02.93051647Z,139.93
98,10.99,843.7,-2.52,-2.21,-10.46,15,-0.02,0.01,0,1.24,72,124024,129340429,775364540,-11.63,65735,166.45,10,0.69,33.38,2025-12-29T09:58:06.837658022Z,139.78
97,11.03,843.7,-2.51,-2.2,-10.52,15,-0.01,0,0.01,1.24,70,123867,129340429,775364540,-11.51,65921,166.58,10,0.69,33.33,2025-12-29T09:58:10.750684082Z,-160.63
97,10.97,843.7,-2.54,-2.23,-10.43,15,-0.02,0.01,0,1.24,72,124121,129340429,775364540,-11.75,65800,166.33,10,0.69,33.28,2025-12-29T09:58:14.190342559Z,147.5
98,11.07,845.6,-2.63,-2.17,-10.53,15,-0.01,0,0,1.24,74,124086,129340425,775364540,-11.3,65772,165.98,11,0.69,33.38,2025-12-29T09:58:18.111788006Z,171.14
97,11.02,845.6,-2.57,-2.24,-10.48,15,-0.02,0,0,1.24,77,124367,129340458,775364493,-11.75,65969,166.23,11,0.37,33.33,2025-12-29T09:58:21.583877165Z,164.5
97,10.99,845.6,-3.05,-2.17,-10.33,15,-0.03,-0.17,-0.01,1.24,74,123421,129340458,775364493,-11.38,65154,163.55,11,0.37,33.24,2025-12-29T09:58:24.665592868Z,-101.54
97,12.04,848.2,-1.01,-1.69,-11.88,15,-0.1,0.46,0,1.08,77,123665,129340488,775364540,-8.08,65112,175.13,11,0.74,33.28,2025-12-29T09:58:27.928377139Z,102.22
97,12.05,847.4,-0.97,-1.7,-11.89,15,-0.09,0.38,0.01,1.21,72,123814,129340566,775364621,-8.12,65219,175.35,11,0.35,33.28,2025-12-29T09:58:31.392080949Z,102.8
95,10.98,847.4,-2.93,-2.22,-10.34,15,-0.02,-0.07,0.01,1.21,73,123927,129340566,775364621,-11.65,65567,164.17,11,0.35,33.33,2025-12-29T09:58:34.878506494Z,-106.27
96,11,846.4,-2.98,-2.22,-10.35,15,-0.02,0,0.01,1.2,72,124064,129340648,775364608,-11.63,65519,163.94,11,1,33.28,2025-12-29T09:58:38.171930141Z,-179.12
96,10.96,845,-3.01,-2.21,-10.31,15,-0.01,0,0.01,1.2,74,123978,129340731,775364620,-11.6,65510,163.73,12,1,33.33,2025-12-29T09:58:42.170644241Z,-175.72
95,10.96,845,-3.06,-2.22,-10.29,15,-0.02,0.01,0,1.2,76,124102,129340731,775364620,-11.7,65507,163.44,12,1,33.38,2025-12-29T09:58:45.322952757Z,150.36
98,11.02,845,-3,-2.21,-10.38,15,-0.02,0.01,0,1.2,71,123457,129340731,775364620,-11.54,65033,163.87,12,1,33.42,2025-12-29T09:58:48.840989728Z,157.35
95,11.4,845,-1.47,-1.96,-11.13,15,0,0.17,0.05,1.2,73,123887,129340731,775364620,-9.88,65422,172.45,12,1,33.24,2025-12-29T09:58:52.505541052Z,90.09
97,10.89,845,-2.98,-2.15,-10.25,15,-0.02,-0.07,0.01,1.2,79,124024,129340731,775364620,-11.4,65424,163.77,12,1,33.33,2025-12-29T09:58:55.991102177Z,-106.05
95,10.9,845,-2.97,-2.19,-10.26,349,-0.01,0,0.01,1.2,79,124136,129340925,775364543,-11.58,66071,163.87,12,0.13,33.28,2025-12-29T09:58:59.050597889Z,-167.78
95,11.18,845,-3.21,-2.24,-10.47,349,-0.01,0.04,-0.01,1.2,71,124100,129340925,775364543,-11.54,65742,162.96,12,0.13,33.33,2025-12-29T09:59:02.530047431Z,99.02
98,11.01,845,-2.98,-2.19,-10.37,349,-0.02,0,0,1.2,79,124313,129340925,775364543,-11.48,65758,163.98,12,0.13,33.38,2025-12-29T09:59:06.23680989Z,-176.4
96,10.99,843.3,-3.08,-2.21,-10.32,349,-0.02,0,0,1.11,76,124133,129340775,775364458,-11.61,65691,163.4,12,0.46,33.38,2025-12-29T09:59:09.940776362Z,172.32
95,10.98,843.3,-3.08,-2.22,-10.3,349,-0.02,0,0.01,1.11,78,124223,129340775,775364458,-11.68,65739,163.35,12,0.46,33.38,2025-12-29T09:59:13.581623479Z,161.87
95,10.88,843.3,-3.02,-2.25,-10.2,349,-0.02,0,0,1.11,76,124142,129340775,775364458,-11.96,65966,163.5,12,0.46,33.38,2025-12-29T09:59:17.281516035Z,165.67
97,10.99,840.3,-2.99,-2.03,-10.38,349,-0.01,0,0,1.2,79,124070,129340811,775364501,-10.62,66035,163.96,12,0.24,33.28,2025-12-29T09:59:20.552115678Z,-168
98,11.41,840.3,-3.41,-2.32,-10.64,349,0.03,-0.45,0.08,1.2,77,124156,129340806,775364465,-11.76,66013,162.2,12,0.28,33.33,2025-12-29T09:59:23.617283282Z,-86.07
95,11.03,839.4,-2.26,-2.13,-10.58,349,0.03,-0.41,0.09,1.2,74,124164,129340811,775364461,-11.16,65906,167.97,12,0.52,33.38,2025-12-29T09:59:26.684585412Z,-85.82
95,10.8,839.6,-2.46,-2.13,-10.3,349,-0.01,0.03,0.01,1.2,76,124035,129340838,775364503,-11.36,65902,166.55,12,0.69,33.24,2025-12-29T09:59:29.759741984Z,116.11
98,10.79,839.5,-2.15,-2.06,-10.37,349,0,-0.07,0.03,1.2,77,124060,129340861,775364508,-11.03,65671,168.3,12,0.63,33.38,2025-12-29T09:59:32.838955627Z,-87.86
97,10.88,840.1,-2.96,-2.19,-10.23,349,-0.01,-0.01,0,1.13,70,123929,129340866,775364460,-11.6,65650,163.85,12,0.09,33.33,2025-12-29T09:59:36.365189771Z,-159.57
95,10.9,842.4,-3.12,-2.3,-10.18,349,-0.01,-0.01,0.01,1.13,79,123987,129340823,775364401,-12.2,65676,162.95,12,0.09,33.28,2025-12-29T09:59:39.803066864Z,-146.75
95,10.99,842,-3.01,-2.23,-10.34,349,-0.02,0,0.01,1.17,74,124088,129340795,775364433,-11.69,65655,163.78,12,0.06,33.28,2025-12-29T09:59:42.861343427Z,-178.11
98,10.98,841.9,-3.05,-2.22,-10.31,349,-0.02,0,0,1.2,76,124144,129340790,775364466,-11.65,65738,163.55,12,0.06,33.38,2025-12-29T09:59:46.150728498Z,169.25
97,10.91,841.6,-3.02,-2.19,-10.25,349,-0.01,0.01,0,1.2,79,124022,129340780,775364471,-11.56,65688,163.57,12,0.06,33.38,2025-12-29T09:59:49.214224746Z,159.75
98,10.94,841.6,-0.74,-2.39,-10.65,349,0.03,-0.33,0.05,1.2,70,124524,129340780,775364471,-12.62,65349,176.01,12,0.06,33.38,2025-12-29T09:59:52.284736477Z,-85.14
96,11.03,841.6,-0.64,-2.39,-10.75,349,0.03,-0.36,0.05,1.2,79,124214,129340780,775364471,-12.5,65956,176.58,12,0.06,33.28,2025-12-29T09:59:55.361266365Z,-84.66
97,11.25,841.6,-0.74,-2.32,-10.98,349,0.01,-0.19,0.08,1.2,75,124244,129340780,775364471,-11.93,65877,176.16,12,0.06,33.33,2025-12-29T09:59:58.637156458Z,-88.04
95,11.22,841.6,-2.63,-2.61,-10.59,349,0,0.12,-0.01,1.2,75,124252,129340780,775364471,-13.45,65764,166.06,12,0.06,33.33,2025-12-29T10:00:02.134534698Z,88.19
97,11.31,841.6,-1.88,-2.42,-10.89,95959,-0.05,0.14,-0.02,1.2,78,124189,129340710,775364686,-12.36,65718,170.19,10,0.09,33.38,2025-12-29T10:00:05.202375387Z,108.78
96,11.12,841.6,-2.71,-2.54,-10.48,95959,0,-0.01,0,1.2,75,124137,129340710,775364686,-13.22,65539,165.5,10,0.09,33.24,2025-12-29T10:00:08.256440085Z,-94.6
98,11.01,841.6,-2.16,-2.48,-10.51,95959,-0.01,-0.02,0.01,1.2,77,124139,129340710,775364686,-13.03,65502,168.36,10,0.09,33.38,2025-12-29T10:00:11.360425165Z,-125.79
96,11.01,841.6,-2.17,-2.5,-10.5,95959,-0.02,0.01,0,1.2,78,124041,129340710,775364686,-13.15,65552,168.34,10,0.09,33.33,2025-12-29T10:00:14.613702979Z,144.18
98,11.2,841.6,-2.15,-2.47,-10.71,95959,-0.01,-0.03,0.01,1.2,75,124140,129340710,775364686,-12.72,65460,168.65,10,0.09,33.38,2025-12-29T10:00:17.680773437Z,-114.04
97,11.06,843.8,-2.11,-2.42,-10.58,95959,-0.02,0.01,0,1.2,78,123758,129340688,775364756,-12.64,65047,168.74,10,0.24,33.28,2025-12-29T10:00:20.766272936Z,154.34
98,11.3,845,-0.46,-2.33,-11.04,95959,-0.02,0,0,1.2,79,123244,129340668,775364795,-11.93,65318,177.59,10,0.33,33.33,2025-12-29T10:00:23.833245344Z,173.44
95,11.24,845.7,-0.15,-2.35,-10.99,95959,-0.01,-0.04,0.02,1.2,74,123635,129340656,775364808,-12.05,65479,179.24,10,0.13,33.38,2025-12-29T10:00:26.898862179Z,-108.06
96,11.15,846.2,-0.5,-2.41,-10.87,95959,-0.05,0.05,-0.01,1.38,73,123938,129340658,775364765,-12.48,65382,177.39,10,0.19,33.38,2025-12-29T10:00:29.964907909Z,136.21
98,11.19,846.7,-1.04,-2.39,-10.88,95959,-0.02,0,0,1.38,78,123975,129340658,775364765,-12.36,65399,174.53,10,0.19,33.33,2025-12-29T10:00:33.46379733Z,166.76
96,11.18,846.7,-1.04,-2.49,-10.85,95959,-0.02,0.01,0,1.38,73,123890,129340653,775364716,-12.89,65359,174.54,10,0.19,33.52,2025-12-29T10:00:36.522559708Z,154.63
98,11.09,846.7,-1.08,-2.48,-10.75,95959,-0.01,0.01,0,1.38,79,124064,129340626,775364635,-12.92,65415,174.27,10,0.2,33.47,2025-12-29T10:00:39.590597123Z,154.08
98,11.1,846.7,-1.08,-2.46,-10.77,95959,-0.02,0.01,0,1.38,75,123957,129340633,775364576,-12.81,65353,174.25,10,0.37,33.28,2025-12-29T10:00:42.674964769Z,159.29
98,11.13,847.3,-1.15,-2.46,-10.8,95959,-0.02,0.01,0.01,1.2,78,124040,129340645,775364538,-12.77,65679,173.94,11,0.7,33.33,2025-12-29T10:00:45.738668543Z,159.35
95,11.07,847.1,-0.85,-2.55,-10.74,95959,-0.01,0.16,0,1.17,75,123762,129340693,775364523,-13.34,65634,175.48,11,0.52,33.42,2025-12-29T10:00:48.817899338Z,94.98
95,11.32,847.1,0.66,-2.13,-11.1,95959,0.02,-0.07,0.06,1.17,70,123870,129340718,775364513,-10.83,65493,-176.59,11,0.11,33.38,2025-12-29T10:00:51.89631254Z,-75.1
98,11.27,847.1,-1,-2.51,-10.94,95959,0,-0.04,0.01,1.17,79,123957,129340738,775364511,-12.85,65400,174.77,11,0.33,33.33,2025-12-29T10:00:55.589851516Z,-92.39
95,11.11,847.4,-1.07,-2.49,-10.77,95959,-0.02,0,0,1.2,70,124042,129340751,775364496,-12.97,65429,174.34,11,0.33,33.28,2025-12-29T10:00:59.059783602Z,178.53
98,11.22,848.3,-1.01,-2.55,-10.87,95959,-0.02,0,0.01,1.17,76,123958,129340770,775364545,-13.14,65372,174.68,11,0.04,33.33,2025-12-29T10:01:02.949252818Z,176.63
98,11.12,848.3,-1.04,-2.48,-10.79,95959,-0.02,0,0,1.17,73,123250,129340770,775364545,-12.9,64912,174.47,11,0.04,33.42,2025-12-29T10:01:06.245666938Z,173.66
95,10.43,849.9,-0.36,-2.41,-10.15,95959,0.01,0.1,0.01,1.17,75,123116,129340788,775364616,-13.33,64603,177.99,11,0.04,33.42,2025-12-29T10:01:09.917048387Z,83.98
96,11.21,849.9,-0.12,-2.39,-10.95,95959,-0.02,-0.01,0.01,1.17,79,123077,129340788,775364616,-12.33,64613,179.37,11,0.04,33.28,2025-12-29T10:01:13.621435536Z,-160.51
97,11.15,849.9,-0.09,-2.41,-10.89,95959,-0.02,0,0,1.17,75,123045,129340788,775364616,-12.48,64628,179.52,11,0.04,33.38,2025-12-29T10:01:17.294407232Z,-164.05
96,11.23,851.7,-0.12,-2.43,-10.96,95959,-0.01,0.01,0,1.17,74,123129,129340765,775364758,-12.48,64645,179.39,11,0.19,33.42,2025-12-29T10:01:20.984833061Z,153.43
95,11.22,851.7,-0.17,-2.4,-10.96,95959,-0.02,0,0,1.17,78,122911,129340793,775364793,-12.36,64608,179.14,11,0.19,33.38,2025-12-29T10:01:24.474523059Z,-176.96
98,11.21,851.7,-0.09,-2.42,-10.95,95959,-0.02,0.01,0,1.17,79,123739,129340793,775364793,-12.48,68029,179.54,11,0.19,33.28,2025-12-29T10:01:27.521848673Z,156.35
95,10.35,851.7,0.51,8.55,-5.8,95959,-0.17,0.06,-0.13,1.17,74,123205,129340871,775364743,55.77,68132,-174.97,11,2.65,33.33,2025-12-29T10:01:31.229846551Z,162.21
96,10.17,851.7,1.37,8.76,-4.98,95959,-0.04,0,0.02,1.17,77,122949,129340848,775364666,59.48,68061,-164.6,11,0.15,33.38,2025-12-29T10:01:34.540293339Z,174.16
96,10.17,851.7,1.29,8.83,-4.88,95959,-0.03,0,0.01,1.17,77,122696,129340848,775364666,60.25,68034,-165.18,11,0.15,33.38,2025-12-29T10:01:37.77526765Z,178.66
96,10.16,851.7,1.22,8.77,-4.97,95959,0.02,0.01,-0.01,1.17,72,122641,129340746,775364506,59.74,68120,-166.17,11,0.56,33.38,2025-12-29T10:01:41.655522741Z,37.55
96,10.53,851.7,1.33,9,-5.29,95959,-0.02,-0.03,0.01,1.17,76,122411,129340746,775364506,58.77,67927,-165.91,11,0.56,33.33,2025-12-29T10:01:44.965620426Z,-124.78
97,10.27,846.9,1.35,8.89,-4.96,95959,-0.02,0,0.01,1.17,72,122403,129340796,775364571,59.95,67942,-164.78,11,0.2,33.42,2025-12-29T10:01:48.621955532Z,172.98
98,10.23,846.9,1.35,8.88,-4.9,95959,-0.01,0.01,0.01,1.17,75,122321,129340796,775364571,60.24,67943,-164.61,11,0.2,33.33,2025-12-29T10:01:51.8946299Z,145.01
97,10.17,847.4,1.32,8.76,-5,95959,-0.02,0,0.01,1.17,79,122361,129340901,775364583,59.41,68030,-165.21,11,0.43,33.24,2025-12-29T10:01:55.379180075Z,167.38
95,10.22,847.4,1.2,8.67,-5.27,95959,0,0,-0.01,1.17,74,122319,129340901,775364583,58.07,67948,-167.12,11,0.43,33.28,2025-12-29T10:01:59.086969695Z,18.43
98,10.15,844.4,1.29,8.7,-5.07,95959,-0.04,0.01,0,1.17,72,122291,129340845,775364443,58.99,68030,-165.77,11,1.98,33.38,2025-12-29T10:02:02.552285025Z,167.62
98,10.17,844.4,1.29,8.73,-5.07,95959,-0.02,0.12,-0.03,1.17,71,122291,129340845,775364443,59.07,68003,-165.68,11,1.98,33.28,2025-12-29T10:02:06.247662996Z,99.92
97,10.52,844.9,1.29,9.1,-5.11,95959,-0.06,-0.01,0.03,1.17,71,122248,129340925,775364586,59.94,68005,-165.88,11,0.56,33.24,2025-12-29T10:02:10.181654358Z,-169.82
96,10.27,843.3,1.3,8.9,-4.96,95959,-0.01,-0.01,0.03,1.2,78,122181,129340851,775364533,60.06,67922,-165.25,10,0.28,33.38,2025-12-29T10:02:13.61060347Z,-126.12
97,10.16,843.3,1.37,8.76,-4.97,95959,0,-0.01,-0.01,1.2,70,122148,129340851,775364533,59.5,67963,-164.54,10,0.28,33.38,2025-12-29T10:02:17.320747652Z,-71.25
96,10.2,841.2,1.31,8.83,-4.93,95959,0,0.01,-0.01,1.17,73,122086,129340916,775364408,59.99,67919,-165.12,11,0.24,33.33,2025-12-29T10:02:20.591378945Z,82.33
95,10.16,841.2,1.29,8.73,-5.03,95959,-0.01,-0.06,0.03,1.17,74,122158,129341031,775364601,59.27,67996,-165.63,11,1.04,33.33,2025-12-29T10:02:23.662570952Z,-98.65
96,10.45,843.8,1.16,8.9,-5.36,95959,-0.02,0,0,1.72,73,122097,129341046,775364478,58.35,68001,-167.8,10,0.7,33.38,2025-12-29T10:02:26.720387144Z,179.31
96,9.91,843.7,1.26,8.38,-5.15,95959,-0.03,-0.06,-0.01,1.73,79,122100,129341011,775364358,57.69,67986,-166.28,10,0.74,33.42,2025-12-29T10:02:29.994331813Z,-114.87
95,10.22,844.3,1.34,8.77,-5.07,95959,-0.01,0.01,0,1.17,74,122085,129341000,775364311,59.15,67970,-165.2,11,0.74,33.28,2025-12-29T10:02:33.063175217Z,153.43
97,10.23,844.3,1.37,8.77,-5.07,95959,-0.02,0.01,0.01,1.17,77,122052,129341000,775364311,59.1,67985,-164.91,11,0.74,33.28,2025-12-29T10:02:36.552782617Z,160.02
95,10.24,844.3,1.36,8.79,-5.08,95959,-0.01,0,0,1.17,71,122029,129341000,775364311,59.12,67945,-164.96,11,0.74,33.38,2025-12-29T10:02:39.841827931Z,161.75
97,10.23,849.1,1.32,8.8,-5.03,95959,-0.02,0,0,1.73,77,122020,129341060,775364595,59.43,67981,-165.28,10,0.98,33.24,2025-12-29T10:02:43.719182082Z,166.37
97,10.22,849.1,1.3,8.81,-5.02,95959,-0.02,0,0,1.73,74,122051,129341060,775364595,59.55,67970,-165.52,10,0.98,33.38,2025-12-29T10:02:46.997633736Z,172.57
98,10.18,850.1,1.3,8.81,-4.93,95959,-0.02,0.01,0.01,1.73,77,122068,129340930,775364773,59.92,67985,-165.26,11,0.98,33.33,2025-12-29T10:02:50.524629767Z,148.31
96,10.31,850.1,1.33,8.79,-5.22,95959,-0.02,0.02,0,1.73,74,122001,129340930,775364773,58.5,68030,-165.72,11,0.98,33.28,2025-12-29T10:02:53.767474277Z,139.74
97,9.67,851.2,1.43,8.32,-4.73,95959,0.02,-0.11,0.08,1.73,70,122033,129340866,775364861,59.28,68042,-163.22,11,0.44,33.33,2025-12-29T10:02:57.242964591Z,-80.66
95,10.34,852.2,1.29,8.88,-5.13,95959,-0.03,0.02,0,1.73,75,122052,129340816,775364876,59.2,68065,-165.89,10,0.44,33.33,2025-12-29T10:03:00.731249852Z,142.75
98,10.13,852.2,1.19,8.66,-5.12,95959,-0.04,0,0.02,1.73,75,121980,129340816,775364876,58.76,68015,-166.96,10,0.44,33.38,2025-12-29T10:03:04.609671732Z,178.25
96,10.21,852.2,1.21,8.79,-5.06,95959,-0.04,-0.01,0.02,1.73,78,121959,129340816,775364876,59.4,68057,-166.58,10,0.44,33.28,2025-12-29T10:03:07.884669674Z,-164.37
97,10.29,856.7,1.22,8.78,-5.21,95959,-0.01,0.01,0,1.74,77,121965,129340871,775364693,58.62,68052,-166.8,10,1.35,33.28,2025-12-29T10:03:11.393651732Z,147.53
96,10.22,857.5,1.26,8.77,-5.08,95959,-0.02,0.01,0,1.74,77,121912,129340866,775364685,59.16,68045,-166.06,10,1.35,33.28,2025-12-29T10:03:14.860023558Z,159.13
95,10.24,858,1.3,8.8,-5.06,95959,-0.01,0,0,1.74,72,121906,129340706,775364836,59.29,68005,-165.55,10,1.83,33.33,2025-12-29T10:03:18.531235835Z,165.36
97,10.2,858,1.28,8.76,-5.08,95959,-0.01,0,0.01,1.74,77,121869,129340706,775364836,59.1,68006,-165.85,10,1.83,33.38,2025-12-29T10:03:21.808251227Z,168.14
96,10.26,858,1.28,8.78,-5.16,95959,-0.01,0,0.01,1.74,75,121887,129340571,775364931,58.78,68012,-166.04,10,0.56,33.33,2025-12-29T10:03:25.102315001Z,-166.76
98,10.21,858,1.29,8.78,-5.04,95959,-0.02,-0.01,0,1.74,71,121869,129340571,775364931,59.34,68021,-165.62,10,0.56,33.33,2025-12-29T10:03:28.772814482Z,-162.41
95,10.16,858,1.3,8.75,-4.99,95959,-0.02,0.01,0,1.74,76,121858,129340571,775364931,59.48,68015,-165.35,10,0.56,33.38,2025-12-29T10:03:32.534464303Z,156.42
98,10.25,854.8,1.29,8.74,-5.19,95959,-0.01,0.01,0.01,1.74,71,121851,129340393,775364878,58.54,67996,-166.09,10,0.89,33.38,2025-12-29T10:03:36.155782595Z,155.52
97,10.19,854.3,1.25,8.78,-5.01,95959,-0.01,0,0.01,1.74,77,121072,129340390,775364733,59.54,66655,-165.94,10,0.37,33.28,2025-12-29T10:03:39.421315833Z,179.09
98,9.88,854.3,3.21,9.07,-2.26,95959,-0.33,-0.06,0.24,1.74,76,120703,129340390,775364733,66.61,66057,-125.16,10,0.37,33.33,2025-12-29T10:03:43.124787893Z,-170.53
96,9.92,854.6,3.87,9.01,-1.49,95959,-0.02,0.01,0.01,1.78,71,120682,129340416,775365094,65.31,66080,-111.03,9,2.19,33.33,2025-12-29T10:03:46.389867857Z,160.67
96,9.83,854.6,3.84,8.92,-1.57,95959,-0.02,0.01,0.01,1.78,72,120606,129340416,775365094,65.05,66003,-112.24,9,2.19,33.33,2025-12-29T10:03:50.171100945Z,160.22
95,9.88,854.6,3.88,8.98,-1.41,95959,-0.02,0,0.01,1.78,78,120587,129340416,775365094,65.3,65942,-110,9,2.19,33.33,2025-12-29T10:03:53.766089298Z,166.08
97,9.89,854.6,3.91,8.98,-1.41,95959,-0.01,0,0.01,1.78,72,120582,129340416,775365094,65.15,65959,-109.83,9,2.19,33.38,2025-12-29T10:03:57.45760213Z,160.06
98,9.87,854.6,3.92,8.96,-1.33,95959,-0.01,0,0.01,1.78,73,120836,129340416,775365094,65.21,66714,-108.7,9,2.19,33.24,2025-12-29T10:04:00.938916925Z,-158.75
95,9.86,853.6,2.12,9.18,-2.9,17,0.54,-0.24,-0.37,1.17,78,121029,129340426,775364935,68.63,67536,-143.81,11,1.13,33.33,2025-12-29T10:04:04.620000535Z,-23.94
98,10.12,853.6,2.05,8.96,-4.24,17,0.03,0.02,0.05,1.17,70,122597,129340426,775364935,62.29,66958,-154.19,11,1.13,33.28,2025-12-29T10:04:08.314763931Z,24.33
96,10.98,851.5,3.65,-1.8,-10.2,17,0.03,-0.06,0.06,1.75,78,123605,129340481,775364843,-9.42,67170,-160.3,10,1.43,33.19,2025-12-29T10:04:12.41440874Z,-66.08
96,11.32,851.5,4.29,-1.39,-10.38,17,-0.03,0.03,0,1.75,77,123731,129340653,775365001,-7.04,67063,-157.57,10,1.3,33.38,2025-12-29T10:04:15.679081636Z,132.3
97,11.22,851.5,4.41,-1.16,-10.25,17,-0.01,0,0,1.75,79,123553,129340653,775365001,-5.94,67061,-156.73,10,1.3,33.33,2025-12-29T10:04:18.740162424Z,174.66
96,11.2,855.8,4.41,-1.04,-10.24,100416,-0.01,0,0,1.17,75,123430,129340795,775365146,-5.35,67031,-156.72,11,0.48,33.24,2025-12-29T10:04:22.647165314Z,-177.19
97,11.27,856.3,4.5,-1.03,-10.28,100416,-0.02,0,0.01,1.17,74,123253,129340840,775365193,-5.25,66966,-156.33,11,0.48,33.38,2025-12-29T10:04:25.909837743Z,167.22
96,11.3,858,4.38,-1.07,-10.37,100416,-0.02,0.01,0,1.17,77,123232,129340913,775365306,-5.42,66963,-157.1,11,0.65,33.28,2025-12-29T10:04:29.59750815Z,147.68
96,11.31,858,4.33,-1.06,-10.4,100416,-0.02,0.01,0.01,1.17,75,123278,129340913,775365306,-5.37,66891,-157.4,11,0.65,33.38,2025-12-29T10:04:33.297667291Z,157.51
97,11.33,860.4,4.32,-1.04,-10.42,100416,-0.02,0,0.02,1.21,73,123371,129340945,775365486,-5.25,67222,-157.48,10,0.72,33.28,2025-12-29T10:04:36.97844307Z,172.01
98,11.19,860.4,2.6,-2.27,-10.64,100416,0,0.1,-0.07,1.21,76,123393,129341040,775365513,-11.73,67221,-166.24,10,1.22,33.28,2025-12-29T10:04:40.87543005Z,89.63
95,11.22,860.4,3.26,-1.28,-10.66,100416,-0.02,0.01,0.01,1.21,74,123518,129341040,775365513,-6.56,67155,-163,10,1.22,33.33,2025-12-29T10:04:44.779144473Z,145.18
98,11.28,860.4,3.71,-1.13,-10.59,100416,0,0,0.01,1.21,73,123329,129341040,775365513,-5.74,66770,-160.7,10,1.22,33.38,2025-12-29T10:04:48.018177174Z,-116.57
96,11.3,859.1,3.75,-1.54,-10.55,100416,0.01,0.03,0.03,1.17,79,123285,129340963,775365081,-7.85,66395,-160.43,11,1.65,33.33,2025-12-29T10:04:51.721396096Z,65.38
95,11.25,859.1,4.22,-1.4,-10.34,100416,-0.02,0,0.01,1.17,71,123357,129340963,775365081,-7.16,66349,-157.81,11,1.65,33.33,2025-12-29T10:04:55.614834326Z,165.3
96,11.29,857.5,4.24,-1.4,-10.37,100416,-0.02,0,0.01,1.76,70,123314,129341041,775364851,-7.14,66261,-157.77,10,1.65,33.28,2025-12-29T10:04:59.508965815Z,173.56
96,11.29,857.9,4.31,-1.41,-10.34,100416,-0.02,0.02,0.01,1.76,73,123236,129341115,775364981,-7.15,66169,-157.37,10,2.09,33.38,2025-12-29T10:05:03.655733287Z,135.2
95,11.29,858.8,4.36,-1.31,-10.33,100416,-0.01,0,0,1.76,79,123219,129340996,775364843,-6.65,66135,-157.1,10,0.87,33.38,2025-12-29T10:05:07.083337692Z,-170.89
96,11.27,860,4.44,-1.37,-10.27,100416,-0.01,0,0,1.76,78,123155,129341008,775364988,-6.97,66066,-156.63,10,1.06,33.33,2025-12-29T10:05:10.55768097Z,167.54
98,11.29,860,4.42,-1.35,-10.3,100416,-0.02,0.02,0.02,1.76,77,123187,129341008,775364988,-6.88,66033,-156.79,10,1.06,33.38,2025-12-29T10:05:14.453215935Z,138.72
98,11.35,861.6,4.69,-1.24,-10.26,100416,-0.01,0,0.01,1.77,74,123121,129341036,775364798,-6.29,65996,-155.44,10,1.24,33.38,2025-12-29T10:05:18.044391475Z,180
97,11.32,863.7,4.55,-1.18,-10.3,100416,0.01,0,0.02,1.77,70,123184,129340953,775364973,-5.96,66910,-156.15,10,0.85,33.38,2025-12-29T10:05:21.42608375Z,0
96,11.16,863.7,3.87,-1.66,-10.33,100416,0.03,-0.13,0.13,1.77,77,123110,129340953,775364973,-8.57,65939,-159.48,10,0.85,33.57,2025-12-29T10:05:24.693056041Z,-75.38
95,11.22,863.7,4.61,-1.31,-10.14,100416,-0.02,0.01,0.01,1.77,74,123211,129340836,775364631,-6.71,65906,-155.57,10,0.8,33.33,2025-12-29T10:05:27.976558645Z,145.64
97,11.14,863.3,4.53,-1.27,-10.1,100416,-0.02,0,0.01,1.17,76,123264,129340836,775364631,-6.54,65920,-155.87,11,0.8,33.38,2025-12-29T10:05:31.452669184Z,171.08
96,11.25,863.3,4.61,-1.21,-10.19,100416,-0.02,0,0.01,1.17,76,123193,129340836,775364631,-6.18,65848,-155.65,11,0.8,33.38,2025-12-29T10:05:34.931030306Z,172.06
95,11.18,863,4.6,-1.29,-10.11,100416,-0.02,0,0.01,1.17,73,123263,129340780,775364468,-6.64,65851,-155.52,11,0.54,33.33,2025-12-29T10:05:38.829647171Z,175.56
96,11.32,863,4.63,-1.25,-10.25,100416,-0.02,0.01,0,1.17,75,123271,129340780,775364468,-6.34,65843,-155.67,11,0.54,33.33,2025-12-29T10:05:42.722306963Z,153.84
98,11.29,863,4.64,-1.21,-10.22,100416,-0.01,0.01,0,1.17,77,123108,129340773,775364338,-6.15,65793,-155.58,11,1.28,33.38,2025-12-29T10:05:46.405361997Z,158.59
96,11.29,861.7,4.66,-1.43,-10.18,100416,-0.01,0,0,1.77,74,123182,129340773,775364338,-7.3,65800,-155.41,10,1.28,33.42,2025-12-29T10:05:49.687161128Z,-169.07
97,11.21,860.9,4.64,-1.35,-10.12,100416,-0.02,0,0.01,1.17,70,123220,129340645,775364305,-6.89,65765,-155.39,11,0.83,33.33,2025-12-29T10:05:53.147471233Z,-178.51
96,11.32,860.3,4.71,-1.3,-10.21,100416,-0.02,0.01,0,1.17,71,123290,129340705,775364073,-6.61,65793,-155.24,11,0.83,33.28,2025-12-29T10:05:57.05302816Z,144.64
98,11.31,860.3,4.68,-1.28,-10.22,100416,-0.01,0,0,1.17,76,123213,129340705,775364073,-6.48,65726,-155.39,11,0.83,33.42,2025-12-29T10:06:00.545340125Z,-170.71
97,11.22,860.3,4.68,-1.3,-10.11,100416,-0.01,0,0.01,1.17,79,123271,129340705,775364073,-6.67,65715,-155.14,11,0.83,33.47,2025-12-29T10:06:04.033728459Z,177.9
97,11.23,859.7,4.66,-1.28,-10.13,100416,-0.01,0,0,1.77,75,123278,129340953,775364095,-6.53,65695,-155.29,10,0.93,33.38,2025-12-29T10:06:07.495475341Z,175.68
96,11.27,859.7,4.78,-1.13,-10.14,100416,-0.01,0.01,0,1.77,71,123197,129340953,775364095,-5.75,65678,-154.75,10,0.93,33.47,2025-12-29T10:06:10.824540052Z,152.89
95,11.22,859.7,4.68,-1.25,-10.12,100416,-0.02,0,0.01,1.77,78,123342,129341033,775364486,-6.42,65708,-155.2,10,2,33.47,2025-12-29T10:06:14.241038392Z,166.57
95,11.25,860,4.69,-1.24,-10.15,100416,-0.02,0,0.01,1.78,72,123357,129340968,775364375,-6.3,65659,-155.21,10,2,33.42,2025-12-29T10:06:17.729009035Z,168.44
98,11.32,860,4.75,-1.32,-10.19,100416,-0.01,0,0,1.78,76,123332,129341050,775364558,-6.7,65667,-154.98,10,1.48,33.33,2025-12-29T10:06:21.011148372Z,165
97,11.29,860.4,4.7,-1.29,-10.19,100416,-0.01,-0.01,0.01,1.78,75,123278,129341066,775364438,-6.55,65635,-155.21,10,0.63,33.47,2025-12-29T10:06:24.490026662Z,-145.99
95,11.27,860.4,4.68,-1.31,-10.17,100416,-0.01,0,0.01,1.78,70,123209,129341066,775364438,-6.7,65575,-155.3,10,0.63,33.52,2025-12-29T10:06:27.988702596Z,173.07
95,11.29,861.8,4.68,-1.31,-10.19,100416,-0.02,0.02,0,1.78,71,123304,129341100,775364988,-6.67,65623,-155.33,11,0.74,33.42,2025-12-29T10:06:31.676203282Z,133.49
96,11.27,861.8,4.73,-1.23,-10.15,100416,-0.01,-0.02,0.01,1.78,75,123179,129340945,775364495,-6.26,65560,-155.03,11,2.33,33.42,2025-12-29T10:06:35.348910243Z,-104.04
97,11.25,864.4,4.78,-1.21,-10.11,100416,-0.02,0.01,0.01,1.78,73,123266,129340945,775364495,-6.18,65591,-154.7,10,2.33,33.52,2025-12-29T10:06:39.23246604Z,148.47
95,11.26,867.5,4.78,-1.31,-10.11,100416,-0.02,0.01,0.01,1.78,76,123273,129340890,775364283,-6.68,65550,-154.67,11,2.2,33.42,2025-12-29T10:06:42.727596078Z,152.51
95,11.23,867.5,4.76,-1.24,-10.09,100416,-0.01,0.01,0.01,1.78,78,123338,129340531,775362240,-6.34,65790,-154.72,11,3.32,33.38,2025-12-29T10:06:46.608045499Z,158.2
96,11.49,855.6,4.04,-0.36,-10.75,100416,-0.11,-0.13,0.07,1.17,78,123198,129340531,775362240,-1.82,65787,-159.39,11,3.32,33.42,2025-12-29T10:06:49.896331266Z,-129.31
98,11.3,841.6,4.25,-1.45,-10.36,100416,0.05,-0.02,0.04,1.78,78,123368,129340435,775361225,-7.38,65630,-157.69,10,1.17,33.33,2025-12-29T10:06:53.832595266Z,-26.08
95,11.33,841.6,4.31,-1.52,-10.37,100416,-0.08,0.05,0.05,1.78,76,123430,129340435,775361225,-7.69,65624,-157.43,10,1.17,33.47,2025-12-29T10:06:56.848400106Z,151.56
96,11.4,823.4,4.6,-1.46,-10.33,100416,-0.01,-0.01,0.01,1.17,74,123367,129340395,775359891,-7.34,65582,-156.01,11,1.67,33.42,2025-12-29T10:06:59.925087698Z,-132.35
95,11.61,815.2,4.76,-1.6,-10.47,100416,-0.01,0.01,0.01,1.17,72,123258,129340438,775359403,-7.94,65604,-155.55,11,1.24,33.38,2025-12-29T10:07:02.980648748Z,126.98
96,11.27,810.6,4.65,-1.44,-10.16,100416,-0.01,0,0,1.17,71,123243,129340441,775359456,-7.35,65587,-155.43,11,1.24,33.52,2025-12-29T10:07:06.061362579Z,-171.8
95,11.33,810.6,4.63,-1.49,-10.24,100416,-0.01,0,0,1.17,79,123175,129340441,775359456,-7.56,65528,-155.67,11,1.24,33.47,2025-12-29T10:07:09.138648188Z,170.63
97,11.24,810.6,4.58,-1.48,-10.15,100416,-0.02,0.01,0.01,1.17,77,123182,129340441,775359456,-7.59,65520,-155.73,11,1.24,33.52,2025-12-29T10:07:12.199829086Z,147.99
98,11.27,810.6,4.6,-1.53,-10.18,100416,-0.02,-0.01,0.01,1.17,78,123163,129340441,775359456,-7.82,65495,-155.67,11,1.24,33.47,2025-12-29T10:07:15.281103554Z,-161.14
96,11.3,810.6,4.53,-1.51,-10.24,100416,-0.01,0,0.01,1.17,70,123150,129340441,775359456,-7.66,65490,-156.13,11,1.24,33.52,2025-12-29T10:07:18.558012732Z,-170.91
95,11.35,810.6,4.65,-1.53,-10.24,100416,-0.02,0.01,0.01,1.17,74,123151,129340441,775359456,-7.77,65485,-155.58,11,1.24,33.47,2025-12-29T10:07:21.617853172Z,146.52
96,11.32,819.3,4.67,-1.48,-10.21,100416,-0.01,0,0,1.17,75,123023,129340960,775360801,-7.51,65411,-155.4,11,0.41,33.47,2025-12-29T10:07:24.700625693Z,166.48
97,11.29,820.2,4.68,-1.57,-10.16,100416,-0.02,0.01,0,1.79,71,124050,129340923,775360793,-8.01,69893,-155.28,10,0.8,33.57,2025-12-29T10:07:27.773353546Z,155.53
95,13.18,825.4,1.13,2.98,-12.79,100416,-1.31,-0.52,-0.69,1.17,79,125297,129341021,775361515,13.06,67858,-174.97,11,0.65,33.61,2025-12-29T10:07:30.839286751Z,-158.29
97,10.25,827.8,-6.73,0.89,-7.68,100416,-0.01,-0.02,0.02,1.2,77,124852,129341060,775361726,5,67287,138.74,10,0.26,33.52,2025-12-29T10:07:33.915418882Z,-124.53
98,10.09,829.7,-7.51,0.64,-6.7,100416,-0.01,0.01,0,1.2,72,124412,129341036,775362023,3.66,66990,131.74,10,0.52,33.47,2025-12-29T10:07:36.984265855Z,136.43
98,10.09,831,-7.64,0.63,-6.56,100416,-0.02,0.01,0.01,1.37,79,124154,129340995,775362133,3.58,66830,130.63,10,0.52,33.47,2025-12-29T10:07:40.147674173Z,162.1
98,10.01,831,-7.68,0.67,-6.38,100416,-0.02,0.01,0.01,1.37,73,124089,129340995,775362133,3.83,66803,129.73,10,0.52,33.57,2025-12-29T10:07:43.137618047Z,154.78
97,10.01,831,-7.71,0.62,-6.36,100416,-0.02,0,0.01,1.37,72,124085,129340995,775362133,3.52,66732,129.5,10,0.52,33.47,2025-12-29T10:07:46.193856635Z,-178.8
95,10,831,-7.73,0.64,-6.31,100416,-0.01,-0.01,0,1.37,76,123769,129340995,775362133,3.68,66405,129.22,10,0.52,33.52,2025-12-29T10:07:49.273685414Z,-140.19
95,10.19,831,-7.3,0.86,-7.06,100416,0.03,0.02,-0.04,1.37,78,123117,129340995,775362133,4.85,66418,134.03,10,0.52,33.47,2025-12-29T10:07:52.343755051Z,34.54
98,10.04,831,-7.69,0.72,-6.42,100416,-0.01,0,0,1.37,72,122924,129340995,775362133,4.1,66319,129.84,10,0.52,33.52,2025-12-29T10:07:55.419350952Z,-161.9
97,10.04,831,-7.7,0.69,-6.41,100416,-0.02,0.01,0.01,1.37,73,123066,129340995,775362133,3.95,66445,129.77,10,0.52,33.42,2025-12-29T10:07:58.482383316Z,160.71
95,10.11,831,-7.72,0.74,-6.49,100416,-0.02,0,0.01,1.37,70,123058,129340995,775362133,4.18,66479,130.02,10,0.52,33.57,2025-12-29T10:08:01.553417341Z,169.97
95,10.07,831,-7.72,0.68,-6.43,100416,-0.02,0.01,0.01,1.37,79,122879,129340758,775362973,3.89,66331,129.76,10,0.39,33.47,2025-12-29T10:08:04.633672829Z,141.63
97,10.03,833.3,-7.7,0.69,-6.39,100416,-0.01,0,0,1.79,72,123010,129340731,775363025,3.94,66489,129.72,10,0.17,33.52,2025-12-29T10:08:07.705200267Z,175.88
96,10,833.6,-7.71,0.65,-6.34,100416,-0.02,0.01,0.01,1.79,72,123086,129340745,775363133,3.71,66560,129.41,10,0.13,33.57,2025-12-29T10:08:10.781927547Z,151.51
98,10.04,833.4,-7.72,0.69,-6.39,100416,-0.02,0.01,0.01,1.79,78,123176,129340713,775363206,3.92,66632,129.58,10,0.3,33.57,2025-12-29T10:08:13.857219219Z,150.57
98,10.05,833.1,-7.76,0.64,-6.36,100416,-0.01,0.01,-0.01,1.79,72,123090,129340706,775363291,3.65,66484,129.34,10,0.11,33.47,2025-12-29T10:08:16.924024549Z,132.27
98,10.01,833.1,-8.04,0.64,-5.93,100416,-0.01,0.01,0.02,1.79,77,123458,129340670,775363338,3.65,66356,126.39,10,0.11,33.47,2025-12-29T10:08:19.989843405Z,157.23
97,9.9,833,-8.07,0.79,-5.68,100416,-0.01,0,0.01,1.79,74,124338,129340633,775363376,4.55,66953,125.13,10,0.11,33.57,2025-12-29T10:08:23.059784923Z,-163.3
97,10.99,833,-2.26,-2.17,-10.53,100416,-0.02,-0.09,0.02,1.79,79,124952,129340633,775363376,-11.4,67659,167.9,10,0.11,33.47,2025-12-29T10:08:26.127077427Z,-103.12
96,10.65,833,-4.62,-1.84,-9.42,100416,-0.02,0,0,1.79,72,124935,129340633,775363376,-9.95,67685,153.86,10,0.11,33.47,2025-12-29T10:08:29.197225668Z,172.13
98,10.82,833,-4.58,-1.76,-9.64,100416,-0.02,0,0.01,1.79,72,124890,129340633,775363376,-9.39,67641,154.56,10,0.11,33.52,2025-12-29T10:08:32.278522258Z,173.45
98,10.68,833,-4.71,-1.87,-9.41,100416,-0.01,0,0.01,1.79,71,124821,129340633,775363376,-10.05,67597,153.42,10,0.11,33.42,2025-12-29T10:08:35.358287796Z,-176.29
97,10.73,833,-4.7,-1.76,-9.49,100416,-0.01,0,0.01,1.79,74,124513,129340633,775363376,-9.45,66818,153.66,10,0.11,33.52,2025-12-29T10:08:38.439471851Z,166.24
98,11.3,833,-2.77,-1.96,-10.78,100416,-0.1,0.62,-0.11,1.79,71,124048,129340633,775363376,-9.98,66651,165.6,10,0.11,33.57,2025-12-29T10:08:41.499200171Z,98.93
95,11.3,833,-2.28,-2.88,-10.68,100416,0,-0.11,0.03,1.79,78,124075,129340633,775363376,-14.76,66741,167.97,10,0.11,33.52,2025-12-29T10:08:45.182172517Z,-90.07
98,10.68,833,-3.08,-2.83,-9.82,100416,-0.03,0.32,-0.05,1.79,77,124081,129340685,775363726,-15.37,66705,162.58,10,0.93,33.57,2025-12-29T10:08:48.254574145Z,95.32
97,11.08,833,-1.93,-2.91,-10.52,100416,-0.02,0.16,-0.03,1.79,79,124064,129340685,775363726,-15.24,66724,169.58,10,0.93,33.52,2025-12-29T10:08:51.332679645Z,98.48
97,10.79,833,-2.32,-2.94,-10.12,100416,-0.03,0.12,-0.03,1.79,76,124264,129340685,775363726,-15.83,66570,167.08,10,0.93,33.57,2025-12-29T10:08:54.39912898Z,105.89
96,11.09,833,-2,-2.81,-10.54,100416,-0.01,0.01,0,1.79,76,124774,129340685,775363726,-14.68,67097,169.26,10,0.93,33.47,2025-12-29T10:08:57.470622782Z,151.1
95,11.02,833,-1.91,-2.82,-10.48,100416,-0.02,0,0,1.79,70,124330,129340685,775363726,-14.82,66575,169.67,10,0.93,33.42,2025-12-29T10:09:00.610417818Z,169.05
98,11.07,833,-2.01,-2.83,-10.51,101,-0.02,0,0,1.79,71,124337,129340558,775363695,-14.81,66543,169.17,10,0.48,33.52,2025-12-29T10:09:03.612211056Z,171.22
97,11.06,833,-1.92,-2.81,-10.52,101,-0.02,0.01,0.01,1.79,77,124315,129340468,775363648,-14.73,66492,169.67,10,1.06,33.52,2025-12-29T10:09:06.691044727Z,161.71
98,11.08,837.7,-2.01,-2.77,-10.53,101,-0.02,0,0,1.8,77,124499,129340445,775363660,-14.46,66826,169.18,11,0.39,33.52,2025-12-29T10:09:09.764629883Z,171.32
96,11.06,838.4,-1.95,-2.81,-10.51,101,-0.01,0.01,0.01,1.8,78,124857,129340496,775363738,-14.73,67084,169.5,11,0.37,33.47,2025-12-29T10:09:12.837839279Z,160.94
97,11.06,839.4,-1.95,-2.78,-10.53,101,-0.02,0.01,0,1.8,78,124963,129340480,775363770,-14.56,67155,169.49,11,0.24,33.38,2025-12-29T10:09:15.899514703Z,157.91
95,11.08,840.3,-2.13,-2.83,-10.5,101,-0.01,0,0.01,1.8,75,124506,129340505,775363840,-14.77,67012,168.55,11,0.09,33.47,2025-12-29T10:09:18.974805647Z,-164.6
95,11.08,843.5,-1.67,-2.78,-10.6,101,-0.01,-0.11,0.03,1.21,75,124427,129340605,775364070,-14.52,66988,171.05,10,0.09,33.57,2025-12-29T10:09:22.244176442Z,-93.09
97,11.33,843.5,-3.77,-3.05,-10.24,101,0.01,-0.03,0.01,1.21,79,124267,129340605,775364070,-15.63,66799,159.77,10,0.09,33.52,2025-12-29T10:09:25.527388367Z,-77.31
96,11.26,843.5,-1.92,-2.83,-10.73,101,-0.02,0.03,-0.01,1.21,71,124450,129340605,775364070,-14.53,66598,169.86,10,0.09,33.52,2025-12-29T10:09:28.601646625Z,126.07
97,11.09,843.5,-2.01,-2.79,-10.54,101,-0.01,-0.01,0.01,1.21,76,124501,129340911,775364913,-14.59,66620,169.19,10,1,33.57,2025-12-29T10:09:31.679152386Z,-132.53
97,11.03,856,-2,-2.77,-10.48,101,-0.01,-0.01,0.01,1.21,71,124503,129340949,775364880,-14.55,66713,169.19,10,0.94,33.52,2025-12-29T10:09:34.736413657Z,-154.54
95,11.1,855.8,-1.99,-2.83,-10.55,101,-0.01,0.01,0,1.84,73,124499,129340991,775364906,-14.75,66522,169.33,9,0.76,33.47,2025-12-29T10:09:37.817848293Z,123.81
98,11.02,854.1,-2,-2.75,-10.48,101,-0.01,-0.02,0.01,1.21,77,124424,129341088,775364886,-14.45,66468,169.18,10,1.19,33.57,2025-12-29T10:09:40.897147713Z,-126.66
97,11.02,853.1,-2.07,-2.84,-10.44,101,-0.01,0,0,1.84,74,124441,129341208,775364928,-14.94,66446,168.77,9,1.19,33.52,2025-12-29T10:09:43.955400423Z,-175.91
97,11.02,851,-2.05,-2.67,-10.49,101,-0.01,0,0,1.21,75,124345,129341266,775364846,-14.04,66446,168.93,10,1.19,33.61,2025-12-29T10:09:47.027236459Z,166.72
95,11.02,851,-2.02,-2.79,-10.47,101,-0.01,0,0,1.21,73,124368,129341266,775364846,-14.64,66489,169.09,10,1.19,33.38,2025-12-29T10:09:50.152487265Z,165.48
95,11.08,851,-1.93,-2.84,-10.53,101,-0.02,0.01,0,1.21,70,124162,129341266,775364846,-14.87,66695,169.59,10,1.19,33.57,2025-12-29T10:09:53.180036778Z,150.72
98,11.2,851,-1.81,-2.82,-10.68,101,-0.01,-0.16,0.03,1.21,72,124293,129341266,775364846,-14.59,66693,170.38,10,1.19,33.52,2025-12-29T10:09:56.250569276Z,-92.37
98,11.31,851,-0.06,-2.62,-11,101,0,-0.02,0.02,1.21,71,124702,129341266,775364846,-13.41,66897,179.69,10,1.19,33.52,2025-12-29T10:09:59.331620987Z,-99.93
97,11.24,851,-3.5,-2.93,-10.27,101,0,0.35,-0.05,1.21,70,124556,129341266,775364846,-15.12,66544,161.2,10,1.19,33.57,2025-12-29T10:10:02.403399381Z,89.82
97,11.01,851,-2.06,-2.84,-10.44,101,-0.01,0.01,0.01,1.21,71,124550,129341266,775364846,-14.97,66492,168.84,10,1.19,33.47,2025-12-29T10:10:05.467562286Z,160.35
97,11.01,851,-1.96,-2.77,-10.47,101,-0.02,0,0,1.21,78,124574,129341266,775364846,-14.57,66507,169.41,10,1.19,33.61,2025-12-29T10:10:08.529160634Z,168.14
95,11.04,851,-2,-2.78,-10.49,67,-0.02,0.01,0,1.21,71,124470,129341151,775364216,-14.61,66467,169.21,10,0.09,33.47,2025-12-29T10:10:11.602961829Z,147.59
95,11.02,851,-2.01,-2.75,-10.48,67,-0.02,0.01,0,1.21,71,124280,129341135,775364150,-14.45,66351,169.15,10,0.22,33.52,2025-12-29T10:10:14.686240242Z,158.06
96,11.07,847,-1.9,-2.74,-10.55,67,-0.02,0.02,0,1.21,70,124374,129341113,775364178,-14.32,66328,169.81,10,0.15,33.42,2025-12-29T10:10:17.757051018Z,133.49
96,10.93,846.5,-2.02,-2.82,-10.37,67,-0.02,0,0,1.21,72,124190,129341096,775364108,-14.93,66568,168.98,10,0.35,33.52,2025-12-29T10:10:20.828639869Z,164.32
97,10.68,846.4,-1.83,-2.83,-10.14,67,-0.03,0.03,-0.01,1.21,75,124230,129341080,775364106,-15.39,66731,169.77,10,0.41,33.47,2025-12-29T10:10:23.897394453Z,136.36
95,11.26,846.8,-1.12,-2.6,-10.9,67,0.03,-0.42,0.11,1.85,75,124436,129341076,775364166,-13.37,66727,174.13,9,0.41,33.52,2025-12-29T10:10:26.967268434Z,-86.44
98,11.31,847.5,-2.34,-2.91,-10.68,67,-0.02,0.14,-0.02,1.21,74,124276,129341065,775364230,-14.93,66601,167.63,10,0.41,33.47,2025-12-29T10:10:30.107317937Z,96.88
96,10.85,847.5,-0.82,-2.61,-10.5,67,0,-0.05,0.03,1.21,70,124417,129341065,775364230,-13.93,66489,175.54,10,0.41,33.57,2025-12-29T10:10:33.098592029Z,-90
97,11.07,847.5,-1.92,-2.76,-10.55,67,-0.02,0.01,0,1.21,70,124349,129341065,775364230,-14.41,66420,169.7,10,0.41,33.57,2025-12-29T10:10:36.184962686Z,161.04
96,11.09,847.5,-1.96,-2.76,-10.56,67,-0.02,0,0,1.21,74,124321,129341065,775364230,-14.4,66391,169.48,10,0.41,33.47,2025-12-29T10:10:39.264312296Z,172.06
98,11.01,847.5,-1.98,-2.79,-10.47,67,-0.01,0,0.01,1.21,77,124318,129341065,775364230,-14.66,66396,169.32,10,0.41,33.42,2025-12-29T10:10:42.319692759Z,175.6
98,11.05,847.5,-2.02,-2.81,-10.49,67,-0.01,0,0,1.21,77,124287,129341065,775364230,-14.75,66429,169.11,10,0.41,33.47,2025-12-29T10:10:45.407205014Z,-176.39
98,10.98,847.5,-1.96,-2.76,-10.44,67,-0.02,0,0,1.21,70,124231,129341065,775364230,-14.57,66385,169.35,10,0.41,33.52,2025-12-29T10:10:48.473297997Z,178.59
97,11.08,847.5,-2.03,-2.77,-10.54,67,-0.02,0,0,1.21,75,124190,129341065,775364230,-14.45,66376,169.11,10,0.41,33.47,2025-12-29T10:10:51.538628062Z,163.51
97,11.12,847.5,-1.99,-2.73,-10.59,67,-0.01,0.01,0.01,1.21,70,124159,129341016,775364560,-14.21,66385,169.34,10,0.09,33.52,2025-12-29T10:10:54.614687052Z,158.75
96,11.02,847.5,-1.87,-2.8,-10.5,67,-0.01,0,0,1.21,79,124195,129341031,775364576,-14.71,66352,169.9,10,0.2,33.52,2025-12-29T10:10:57.706120457Z,164.42
96,11.04,854.4,-1.94,-2.78,-10.51,67,-0.01,0.01,0,1.21,76,124207,129341021,775364605,-14.58,66397,169.54,10,0.28,33.47,2025-12-29T10:11:00.770138394Z,158.85
98,11.07,854.7,-1.99,-2.82,-10.51,67,-0.01,0,0,1.21,75,124244,129341036,775364616,-14.78,66355,169.27,10,0.35,33.61,2025-12-29T10:11:03.85291631Z,161.4
97,11.13,855.1,-1.96,-2.81,-10.59,67,-0.02,0,0.01,1.21,71,124303,129341048,775364635,-14.61,66356,169.5,10,0.31,33.57,2025-12-29T10:11:06.898006385Z,166.56
95,11.11,855.4,-1.98,-2.77,-10.58,67,-0.01,0,0,1.8,79,124136,129341031,775364636,-14.42,66318,169.42,10,0.31,33.61,2025-12-29T10:11:09.970829214Z,-169.6
96,11.12,855.9,-2,-2.81,-10.57,67,-0.01,0,0,1.8,72,124009,129341031,775364708,-14.63,66490,169.29,10,0.31,33.47,2025-12-29T10:11:13.045187276Z,160.38
97,11.15,855.9,-1.09,-2.74,-10.76,67,-0.02,-0.03,0.02,1.8,70,124123,129341031,775364708,-14.2,66614,174.19,10,0.31,33.47,2025-12-29T10:11:16.143247124Z,-118.28
95,10.95,855.9,-2.76,-2.85,-10.2,67,-0.02,0.03,-0.01,1.8,71,124139,129341031,775364708,-15.1,66414,164.88,10,0.31,33.57,2025-12-29T10:11:19.207044484Z,115.8
95,11,855.9,-1.93,-2.74,-10.48,67,-0.01,0,0.01,1.8,76,124179,129341031,775364708,-14.4,66391,169.58,10,0.31,33.47,2025-12-29T10:11:22.253377255Z,176.05
96,10.88,855.9,-1.97,-2.78,-10.34,67,-0.02,0.01,0,1.8,77,124002,129341031,775364708,-14.81,66303,169.23,10,0.31,33.47,2025-12-29T10:11:25.600401401Z,154.86
95,11.12,855.9,-1.9,-2.81,-10.59,67,-0.01,0,0,1.8,79,124020,129341031,775364708,-14.62,66314,169.81,10,0.31,33.52,2025-12-29T10:11:28.811360145Z,160.31
96,11.02,855.9,-1.95,-2.76,-10.48,67,-0.02,0,0,1.8,78,124277,129340958,775364775,-14.52,66772,169.46,10,0.17,33.61,2025-12-29T10:11:31.894012929Z,165.53
96,11.28,852.8,-1.21,-2.69,-10.89,67,-0.05,-0.02,0.02,1.8,78,124082,129340975,775364736,-13.78,66444,173.66,10,0.31,33.47,2025-12-29T10:11:34.955708341Z,-160.11
96,10.93,852.6,-2.59,-2.74,-10.26,67,-0.01,0.01,0,1.8,77,124221,129340958,775364761,-14.5,66436,165.86,10,0.31,33.52,2025-12-29T10:11:38.029266719Z,135.27
95,10.97,852.6,-2.62,-2.71,-10.3,67,-0.01,0.01,0,1.8,74,124316,129340958,775364761,-14.32,66457,165.7,10,0.31,33.52,2025-12-29T10:11:41.104070081Z,147.26
97,11.06,852.6,-2.61,-2.7,-10.41,67,-0.01,0.01,0,1.8,77,124133,129340958,775364761,-14.13,66420,165.93,10,0.31,33.47,2025-12-29T10:11:44.169685596Z,156.48
97,11.03,852.6,-2.55,-2.72,-10.38,67,-0.02,0,0,1.8,74,123942,129340958,775364761,-14.28,66719,166.21,10,0.31,33.57,2025-12-29T10:11:47.664176588Z,166.84
96,11.02,852.6,-2.04,-2.64,-10.51,67,-0.02,0.03,-0.01,1.8,72,123892,129340958,775364761,-13.86,66652,169.03,10,0.31,33.47,2025-12-29T10:11:50.73482666Z,123.63
95,11.07,854,-3.35,-2.83,-10.17,67,-0.07,0.22,-0.06,1.18,74,123898,129341013,775364890,-14.79,66381,161.78,11,0.17,33.42,2025-12-29T10:11:53.818720388Z,107.27
95,10.98,853.7,-2.48,-2.72,-10.35,67,-0.02,0.01,0,1.8,77,123924,129341026,775364880,-14.32,66394,166.52,10,0.11,33.52,2025-12-29T10:11:56.885196067Z,163.95
96,10.98,853.6,-2.62,-2.73,-10.3,67,-0.02,-0.02,0.01,1.8,71,123799,129341031,775364873,-14.41,66344,165.71,10,0.11,33.42,2025-12-29T10:11:59.944462547Z,-131.75
95,10.97,853.3,-2.55,-2.73,-10.31,67,-0.02,0.01,0,1.8,73,123778,129341034,775364860,-14.43,66355,166.1,10,0.11,33.38,2025-12-29T10:12:03.026075293Z,153.43
98,10.94,853.3,-2.46,-2.72,-10.31,67,-0.01,0,0,1.8,72,123782,129341034,775364860,-14.38,66348,166.58,10,0.11,33.47,2025-12-29T10:12:06.083479848Z,178.88
97,10.98,853.3,-2.44,-2.69,-10.37,67,-0.01,0.01,0.01,1.8,75,123823,129341034,775364860,-14.17,66369,166.77,10,0.11,33.61,2025-12-29T10:12:09.171334145Z,145.23
96,10.99,853.3,-2.52,-2.78,-10.33,67,-0.01,0.01,0,1.8,73,124669,129341034,775364860,-14.65,67102,166.3,10,0.11,33.42,2025-12-29T10:12:12.453315649Z,149.81
97,10.68,853.3,-2.21,-2.63,-10.11,67,0.31,-0.42,0.08,1.8,75,124857,129341034,775364860,-14.27,66593,167.69,10,0.11,33.42,2025-12-29T10:12:15.507261618Z,-54.17
97,10.5,853.3,-3.38,-2.35,-9.66,67,0.21,0.97,-0.05,1.8,77,124062,129341005,775364780,-12.95,66674,160.71,10,0.39,33.57,2025-12-29T10:12:18.580010771Z,77.75
96,10.98,853.3,-2.46,-2.74,-10.34,67,0,-0.07,0.01,1.8,77,123824,129340990,775364720,-14.47,66567,166.61,10,0.13,33.52,2025-12-29T10:12:21.654363576Z,-93.56
96,11.01,852.9,-2.1,-2.68,-10.47,67,-0.01,-0.04,0.01,1.8,77,123732,129340983,775364686,-14.09,66175,168.66,10,0.33,33.47,2025-12-29T10:12:24.732915636Z,-99.16
98,10.98,852.9,-2.6,-2.69,-10.33,67,-0.01,-0.02,0.01,1.8,77,123872,129340976,775364655,-14.18,66240,165.85,10,0.13,33.57,2025-12-29T10:12:28.015431654Z,-113.96
96,10.95,852.8,-2.58,-2.72,-10.28,67,-0.01,0,0.01,1.94,77,124155,129340973,775364611,-14.4,66354,165.91,9,0.07,33.47,2025-12-29T10:12:31.278424644Z,170.54
95,10.89,852.8,-2.35,-2.68,-10.3,67,0.01,-0.01,0.01,1.94,78,123948,129340973,775364611,-14.24,66277,167.14,9,0.07,33.47,2025-12-29T10:12:34.347675237Z,-54.26
97,11.08,852.8,-2.72,-2.74,-10.38,67,-0.02,0.01,0.01,1.94,73,124050,129340973,775364611,-14.31,66312,165.31,9,0.07,33.52,2025-12-29T10:12:37.418257636Z,159.71
98,10.94,852.8,-2.71,-2.65,-10.26,67,-0.02,0.01,0,1.94,78,124156,129340973,775364611,-14.01,66352,165.21,9,0.07,33.57,2025-12-29T10:12:40.548928076Z,158.61
95,10.96,852.8,-2.75,-2.71,-10.25,67,-0.01,0,0.01,1.94,73,124164,129340970,775364646,-14.33,66343,165,9,0.13,33.52,2025-12-29T10:12:43.586521323Z,163.11
98,10.98,852.8,-2.75,-2.63,-10.3,67,-0.02,0,0,1.94,79,124112,129340960,775364685,-13.88,66305,165.05,9,0.09,33.57,2025-12-29T10:12:46.640520377Z,-165.85
95,10.94,856.8,-2.68,-2.64,-10.27,67,-0.02,0,0,1.8,78,124055,129340973,775364716,-13.97,66313,165.36,10,0.46,33.42,2025-12-29T10:12:49.714838497Z,170.33
98,10.98,857.4,-2.77,-2.69,-10.28,67,-0.02,0,0.01,1.8,73,124016,129340978,775364743,-14.18,66245,164.95,10,0.17,33.47,2025-12-29T10:12:52.778801177Z,162.62
96,10.95,857.5,-2.67,-2.67,-10.28,67,-0.02,0.01,0,1.8,78,124127,129340990,775364740,-14.1,66339,165.42,10,0.13,33.52,2025-12-29T10:12:55.858645322Z,161.57
98,10.91,858.3,-2.7,-2.76,-10.21,67,-0.01,0,0,1.8,73,124071,129340988,775364783,-14.65,66334,165.17,10,0.3,33.52,2025-12-29T10:12:58.917593744Z,163.7
98,10.98,858.8,-2.73,-2.72,-10.28,67,-0.02,0,0,1.8,75,124066,129340988,775364803,-14.35,66332,165.15,10,0.3,33.47,2025-12-29T10:13:01.999554823Z,163.39
95,10.94,859.6,-2.72,-2.65,-10.26,67,-0.02,0,0,1.8,74,124458,129340981,775364853,-14.03,66308,165.14,10,0.3,33.47,2025-12-29T10:13:05.065726326Z,167.23
95,11,859.6,-2.24,-2.85,-10.39,67,-0.03,-0.01,-0.01,1.8,75,123628,129340981,775364853,-15.01,65339,167.85,10,0.3,33.47,2025-12-29T10:13:08.142333309Z,-161.31
96,11.49,859.6,0.06,-2.51,-11.21,67,-0.04,0.29,0.01,1.8,75,123999,129340981,775364853,-12.61,65626,-179.69,10,0.3,33.57,2025-12-29T10:13:11.220032086Z,97.87
98,11.1,859.6,-4.09,-3.15,-9.83,67,-0.06,-0.15,-0.01,1.8,79,123666,129340981,775364853,-16.46,65391,157.39,10,0.3,33.47,2025-12-29T10:13:14.29444645Z,-111.98
98,10.61,859.6,-1.73,-2.64,-10.13,67,-0.03,-0.11,0.02,1.8,74,123583,129340981,775364853,-14.42,65562,170.33,10,0.3,33.47,2025-12-29T10:13:17.34848183Z,-105.41
96,11.27,859.6,-1.54,-2.66,-10.84,67,0.01,-0.08,0.02,1.8,78,123949,129340981,775364853,-13.63,65922,171.92,10,0.3,33.33,2025-12-29T10:13:20.541940261Z,-85.82
97,11.06,859.6,-2.2,-2.8,-10.47,67,-0.02,0.01,0,1.8,76,123663,129340981,775364853,-14.68,65349,168.11,10,0.3,33.57,2025-12-29T10:13:23.701581722Z,148.82
95,11.1,857.6,-1.57,-2.67,-10.66,67,-0.03,0.09,-0.02,1.8,79,123793,129340945,775364848,-13.92,65783,171.61,10,0.2,33.47,2025-12-29T10:13:26.775085171Z,106.52
96,11.08,857.2,-2.29,-2.72,-10.5,67,-0.02,0,0.01,1.8,73,123793,129340955,775364851,-14.22,65893,167.71,10,0.56,33.57,2025-12-29T10:13:29.853443402Z,-172.38
96,11.08,855.7,-2.19,-2.77,-10.51,67,-0.01,0,0,1.8,70,123989,129340953,775364781,-14.49,65942,168.22,10,0.07,33.52,2025-12-29T10:13:33.133433951Z,-174.29
97,11.02,855.1,-2.28,-2.76,-10.42,67,-0.02,0,0,1.8,73,123934,129340945,775364738,-14.52,65711,167.63,10,0.07,33.52,2025-12-29T10:13:36.210123826Z,-176.99
95,11.07,855.1,-2.24,-2.75,-10.49,67,-0.02,0.01,0.01,1.8,74,123896,129340945,775364738,-14.36,65927,167.94,10,0.07,33.57,2025-12-29T10:13:39.266177867Z,154.73
96,10.83,855.1,-2.26,-2.84,-10.2,67,-0.01,0.01,0.01,1.8,71,123916,129340945,775364738,-15.19,66240,167.5,10,0.07,33.47,2025-12-29T10:13:42.336200813Z,122.74
98,10.47,855.1,-2.64,-3.03,-9.67,67,-0.02,0.42,-0.04,1.8,72,123834,129340945,775364738,-16.8,66152,164.75,10,0.07,33.52,2025-12-29T10:13:45.430258369Z,92.49
97,11.06,855.1,-0.96,-2.66,-10.69,67,0.01,-0.18,0.06,1.8,79,123878,129340945,775364738,-13.94,66232,174.86,10,0.07,33.52,2025-12-29T10:13:48.486735077Z,-86.39
96,11.12,855.1,-2.43,-2.77,-10.49,67,0.02,-0.3,0.07,1.8,78,123760,129340945,775364738,-14.4,66076,166.96,10,0.07,33.57,2025-12-29T10:13:51.568714321Z,-87.05
98,10.88,855.1,-1.25,-2.68,-10.47,67,0,-0.02,0.02,1.8,78,124014,129341010,775364534,-14.26,66119,173.17,10,0.17,33.57,2025-12-29T10:13:54.627619117Z,-100.26
95,10.98,853.5,-2.21,-2.76,-10.39,67,-0.02,0,0.01,1.8,76,124111,129341038,775364536,-14.54,66102,168.01,10,0.15,33.52,2025-12-29T10:13:57.72273403Z,-165.38
98,11.02,853.6,-2.17,-2.71,-10.46,67,-0.02,0,0.01,1.8,78,123627,129341036,775364536,-14.21,65497,168.26,10,0.15,33.52,2025-12-29T10:14:00.77342049Z,175.95
98,11.28,853.6,-3.06,-2.96,-10.45,67,-0.03,0.16,-0.04,1.8,76,123672,129341050,775364546,-15.22,65669,163.66,10,0.72,33.47,2025-12-29T10:14:03.846020182Z,98.78
95,11.17,853.4,-2.64,-2.89,-10.46,67,-0.02,-0.36,0.06,1.8,77,123448,129341046,775364525,-14.98,65538,165.86,10,0.26,33.47,2025-12-29T10:14:06.919542038Z,-93.24
96,11.02,852.5,-1.65,-2.77,-10.53,67,0.05,-0.31,0.07,1.18,76,123893,129341051,775364488,-14.58,65835,171.11,11,0.26,33.47,2025-12-29T10:14:10.064728819Z,-81.15
98,10.95,851,-2.22,-2.78,-10.36,67,-0.01,0,0.01,1.18,75,123761,129341026,775364445,-14.69,65714,167.92,11,0.26,33.52,2025-12-29T10:14:13.053638892Z,-172.87
97,11.02,851,-2.14,-2.69,-10.47,67,-0.01,0,0,1.18,74,123863,129341026,775364445,-14.14,65764,168.45,11,0.26,33.52,2025-12-29T10:14:16.135893661Z,164.88
96,10.98,851,-2.22,-2.72,-10.4,67,-0.02,0.01,0,1.18,78,123868,129341026,775364445,-14.34,65736,167.96,11,0.26,33.47,2025-12-29T10:14:19.206816469Z,163.77
98,11,851,-2.27,-2.82,-10.39,67,-0.02,0,0,1.18,72,123849,129341026,775364445,-14.85,65689,167.66,11,0.26,33.57,2025-12-29T10:14:22.285156984Z,172.22
98,11.03,851,-2.24,-2.76,-10.44,67,-0.02,0,0,1.18,71,123842,129341026,775364445,-14.48,65764,167.87,11,0.26,33.52,2025-12-29T10:14:25.351029172Z,165.43
97,10.97,851,-2.23,-2.74,-10.38,67,-0.01,0.01,0,1.18,77,126099,129341026,775364445,-14.46,67836,167.88,11,0.26,33.52,2025-12-29T10:14:28.419796963Z,147.26
95,10.41,851,-7.38,-2.06,-7.05,67,-0.05,-0.16,0,1.18,72,124602,129341026,775364445,-11.42,66355,133.71,11,0.26,33.57,2025-12-29T10:14:31.504588356Z,-107.97
97,12.65,851,-9.91,-2.52,-7.44,67,0.07,0.13,-0.07,1.18,79,124268,129341026,775364445,-11.51,66120,126.89,11,0.26,33.52,2025-12-29T10:14:34.584026653Z,62.97
97,9.95,851,-4.59,-1.92,-8.61,67,0.02,0.29,-0.05,1.18,74,124516,129341036,775364411,-11.12,66119,151.96,11,0.56,33.57,2025-12-29T10:14:37.633947428Z,86.8
95,10.4,849.9,-5.88,-1.95,-8.36,67,-0.1,0.37,-0.09,1.22,78,124747,129341031,775364416,-10.82,66717,144.86,10,0.19,33.47,2025-12-29T10:14:40.775626748Z,104.49
96,10.56,850.8,-6.21,-2.19,-8.26,67,0.06,0.06,0.04,1.85,74,124711,129341031,775364413,-11.98,66164,143.06,9,0.04,33.57,2025-12-29T10:14:43.795596554Z,46.71
97,10.94,850,-3.34,-2.8,-10.03,67,-0.02,0.01,0,1.22,70,124529,129341025,775364381,-14.84,66039,161.56,10,0.15,33.47,2025-12-29T10:14:46.858726489Z,152.28
98,10.96,850.6,-3.39,-2.81,-10.04,67,-0.02,0,0,1.18,78,123825,129341001,775364411,-14.83,65537,161.34,11,0.26,33.52,2025-12-29T10:14:49.932307267Z,166.56
97,10.8,850.9,-3.22,-2.89,-9.9,67,0.02,-0.24,0.06,1.79,74,124476,129340983,775364433,-15.52,65789,161.97,10,0.26,33.57,2025-12-29T10:14:53.070286481Z,-86.06
95,10.89,851.5,-3.4,-2.79,-9.96,67,-0.01,-0.01,0.01,1.18,75,124295,129340963,775364503,-14.86,65678,161.17,11,0.26,33.52,2025-12-29T10:14:56.070906903Z,-159.75
96,10.87,851.5,-3.45,-2.77,-9.93,67,-0.02,0.01,0,1.18,73,124425,129340963,775364503,-14.77,65741,160.86,11,0.26,33.57,2025-12-29T10:14:59.141794825Z,148.07
97,11.17,0,-1.79,-2.05,-10.83,0,-0.04,0.03,-0.02,0,70,126823,129341288,775364791,-10.57,68448,170.63,0,1.06,32.72,2025-12-29T08:57:30.293214056Z,145.7
96,11.17,845.5,-1.72,-2.03,-10.85,0,-0.03,0.02,-0.01,1.23,77,126953,129341243,775364755,-10.47,68431,170.98,9,0.2,32.62,2025-12-29T08:57:33.894563399Z,146.72
98,11.09,844.9,-2.67,-2.14,-10.55,0,-0.02,0.13,-0.04,1.23,77,126841,129341285,775364748,-11.14,68367,165.79,9,0.5,32.77,2025-12-29T08:57:37.563659047Z,100.45
96,11.04,844.9,-1.27,-1.95,-10.79,0,0,0.01,0,1.23,75,126826,129341285,775364748,-10.17,68259,173.31,9,0.5,32.67,2025-12-29T08:57:41.465206592Z,97.39
96,11.05,844.9,-1.95,-2.03,-10.68,0,-0.02,0,0,1.23,71,127411,129341285,775364748,-10.59,68470,169.63,9,0.5,32.67,2025-12-29T08:57:44.963716771Z,170.54
97,11.04,841.8,-2.11,-2.07,-10.64,0,-0.02,-0.03,0.02,1.23,71,127804,129341475,775364691,-10.78,68547,168.76,9,0.33,32.62,2025-12-29T08:57:48.624186078Z,-124.37
98,11.11,841.8,-2.25,-2.14,-10.67,0,-0.01,0.01,0,1.23,71,127653,129341475,775364691,-11.12,68504,168.07,9,0.33,32.81,2025-12-29T08:57:52.126962427Z,158.4
97,11.1,842.8,-2.18,-2.12,-10.68,0,-0.02,0,0,1.23,73,127572,129341410,775364586,-11.01,68476,168.48,9,0.61,32.62,2025-12-29T08:57:55.791198317Z,169.56
96,11.11,842.8,-2.22,-2.07,-10.69,0,-0.02,0,0,1.23,77,127507,129341410,775364586,-10.75,68463,168.28,9,0.61,32.72,2025-12-29T08:57:59.47288546Z,169.96
95,11.13,842.6,-2.22,-2.17,-10.69,0,-0.01,0,0,1.23,73,127619,129341414,775364550,-11.25,68424,168.24,9,0.11,32.67,2025-12-29T08:58:03.171428718Z,167.12
97,11.05,842.8,-2.02,-2.25,-10.62,0,-0.01,0.02,0,1.23,79,128007,129341390,775364511,-11.77,68411,169.24,9,0.35,32.67,2025-12-29T08:58:07.070934142Z,130.09
97,10.93,842.8,-1.37,-2.13,-10.63,0,-0.03,0.05,-0.01,1.23,75,128226,129341390,775364511,-11.25,68456,172.66,9,0.35,32.67,2025-12-29T08:58:10.965609194Z,122.78
96,11.04,842.8,-1.99,-2.25,-10.62,0,-0.01,0,0.01,1.23,76,127987,129341390,775364511,-11.78,68336,169.38,9,0.35,32.67,2025-12-29T08:58:14.876865032Z,-176.42
96,11.07,842.8,-2,-2.22,-10.66,0,-0.02,0,0,1.23,73,127949,129341390,775364511,-11.58,68281,169.37,9,0.35,32.77,2025-12-29T08:58:18.530141846Z,168.96
95,11.14,842.8,-2.03,-2.28,-10.72,0,-0.02,0,0,1.23,73,127930,129341390,775364511,-11.8,68294,169.28,9,0.35,32.67,2025-12-29T08:58:22.415160082Z,175.83
97,11.03,846.1,-2.03,-2.27,-10.6,0,-0.01,0.01,0.01,1.23,75,127849,129341160,775364376,-11.89,68240,169.18,9,0.35,32.67,2025-12-29T08:58:26.522258181Z,147.65
98,11.06,847.2,-2.1,-2.18,-10.64,0,-0.01,0,0,1.23,76,127820,129341100,775364360,-11.37,68206,168.82,9,0.17,32.67,2025-12-29T08:58:30.247746795Z,171.95
95,11.02,847.2,-2.06,-2.23,-10.6,0,-0.02,0.01,0,1.23,75,127704,129341085,775364385,-11.67,68113,169,9,0.33,32.72,2025-12-29T08:58:33.899996681Z,148.32
97,11.05,847.2,-2,-2.25,-10.63,0,-0.02,0.01,0,1.23,70,127756,129341030,775364401,-11.74,68156,169.32,9,0.09,32.72,2025-12-29T08:58:37.572151554Z,143.37
97,11.02,847.2,-2.02,-2.27,-10.59,0,-0.02,0.01,0,1.23,75,127617,129341030,775364401,-11.91,68091,169.19,9,0.09,32.72,2025-12-29T08:58:40.888772704Z,154.75
95,11.02,849.6,-2.08,-2.24,-10.58,0,-0.01,0.01,0,1.23,76,127755,129340976,775364421,-11.71,68179,168.89,9,0.19,32.77,2025-12-29T08:58:44.124172003Z,153.43
95,11.09,850,-2.04,-2.29,-10.66,0,-0.02,0,0,1.23,70,127814,129340948,775364398,-11.92,68365,169.18,9,0.19,32.81,2025-12-29T08:58:47.189302963Z,163.74
97,11.12,850,-1.97,-2.3,-10.7,0,-0.01,0,0,1.23,76,127699,129340948,775364398,-11.93,68187,169.58,9,0.19,32.72,2025-12-29T08:58:50.329888624Z,-173.4
95,10.96,850,-2.07,-2.27,-10.52,0,-0.02,0,0,1.23,78,127676,129340948,775364398,-11.94,68183,168.89,9,0.19,32.58,2025-12-29T08:58:53.340946257Z,-179.01
98,11.17,850,-2.06,-2.29,-10.74,0,-0.02,0.01,0,1.23,78,127610,129340948,775364398,-11.83,68173,169.14,9,0.19,32.72,2025-12-29T08:58:56.401697101Z,160.53
98,11.01,850,-2.04,-2.26,-10.58,0,-0.01,-0.01,0,1.23,75,127745,129340948,775364398,-11.82,68231,169.09,9,0.19,32.67,2025-12-29T08:58:59.485185914Z,-159.33
97,11.03,850,-2.1,-2.28,-10.59,0,-0.02,0.02,0,1.23,76,127689,129340906,775364366,-11.91,68210,168.78,9,0.35,32.81,2025-12-29T08:59:02.550618361Z,129.93
96,11.04,850,-2.02,-2.26,-10.61,0,-0.02,0,0,1.23,75,127626,129340930,775364368,-11.84,68155,169.21,9,0.39,32.72,2025-12-29T08:59:05.624305699Z,-175.17
97,11.08,850.5,-2.05,-2.25,-10.65,0,-0.02,0,0,1.23,74,127744,129340925,775364353,-11.72,68188,169.11,9,0.07,32.72,2025-12-29T08:59:08.693063204Z,175.67
98,10.99,850.4,-2.09,-2.21,-10.56,0,-0.02,0,0,1.23,79,127775,129340933,775364364,-11.63,68157,168.83,9,0.19,32.72,2025-12-29T08:59:11.759622411Z,176.74
98,11.08,851,-2.03,-2.25,-10.66,0,-0.02,0.01,0,1.23,75,127647,129340891,775364381,-11.72,68109,169.23,9,0.33,32.72,2025-12-29T08:59:14.835288521Z,151.07
96,11.11,851,-2.06,-2.26,-10.68,0,-0.01,0,0,1.23,73,127694,129340900,775364390,-11.72,68118,169.07,9,0.09,32.72,2025-12-29T08:59:17.911608381Z,-178.25
97,11.05,850.7,-2.09,-2.28,-10.61,0,-0.02,0.01,0,1.23,74,127646,129340936,775364385,-11.89,68098,168.88,9,0.13,32.62,2025-12-29T08:59:20.992202285Z,159.63
97,11.08,850.2,-2.07,-2.23,-10.65,0,-0.02,0,0,1.23,70,127558,129340983,775364386,-11.61,68095,169.01,9,0.13,32.72,2025-12-29T08:59:24.055094815Z,168.95
96,11,850.2,-2.06,-2.23,-10.57,0,-0.02,0,0.01,1.23,79,127597,129340983,775364386,-11.68,68112,168.99,9,0.13,32.67,2025-12-29T08:59:27.124273167Z,173.1
98,11.03,850.2,-2.1,-2.22,-10.6,0,-0.02,0,0,1.23,72,127576,129340983,775364386,-11.62,68143,168.79,9,0.13,32.67,2025-12-29T08:59:30.465342756Z,163.56
96,11.05,850.2,-2.06,-2.24,-10.62,0,-0.01,0,0,1.23,71,127522,129340983,775364386,-11.69,68090,169.03,9,0.13,32.62,2025-12-29T08:59:33.474895184Z,176.42
97,11.14,850.2,-2.15,-2.26,-10.69,0,-0.02,0,0,1.23,71,127452,129341005,775364276,-11.71,68074,168.66,9,0.28,32.77,2025-12-29T08:59:36.544993037Z,177.1
96,11.12,850.2,-2.01,-2.28,-10.69,0,-0.02,0,0,1.23,70,127587,129341051,775364246,-11.83,68093,169.37,9,0.15,32.67,2025-12-29T08:59:39.636848261Z,171.44
97,11.04,848.9,-2.07,-2.24,-10.61,0,-0.02,0.01,0,1.24,70,127636,129341096,775364225,-11.71,68420,168.96,9,0.11,32.86,2025-12-29T08:59:42.68349006Z,160.17
97,11.06,849.1,-2.08,-2.29,-10.62,0,-0.01,-0.07,0.02,1.24,72,127547,129341086,775364186,-11.97,68171,168.94,9,0.24,32.77,2025-12-29T08:59:45.775708209Z,-98.54
98,11.03,848.3,-2.15,-2.26,-10.58,0,-0.02,0.01,0,1.24,73,127672,129341136,775364193,-11.81,68171,168.54,9,0.43,32.77,2025-12-29T08:59:48.834782132Z,158.73
98,11.09,849.2,-2.12,-2.26,-10.65,0,-0.01,0,0,1.24,70,127472,129341086,775364166,-11.74,68090,168.75,9,0.06,32.72,2025-12-29T08:59:51.914499462Z,163.9
95,11.03,849.5,-2.09,-2.28,-10.59,0,-0.02,0,0,1.24,73,127413,129341065,775364163,-11.93,68094,168.82,9,0.24,32.77,2025-12-29T08:59:54.980681984Z,172.57
96,11.08,848.9,-2.13,-2.26,-10.63,0,-0.02,0.01,0,1.24,78,127440,129341103,775364185,-11.79,68136,168.69,9,0.24,32.67,2025-12-29T08:59:58.054026776Z,162.32
95,10.97,848.9,-2.1,-2.23,-10.53,0,-0.01,0.01,0,1.24,78,127523,129341103,775364185,-11.75,68153,168.71,9,0.24,32.77,2025-12-29T09:00:01.133672622Z,153.43
96,11.1,848.9,-2.14,-2.26,-10.66,0,-0.02,0,0,1.24,79,127395,129341103,775364185,-11.75,68109,168.67,9,0.24,32.77,2025-12-29T09:00:04.190610391Z,170.95
96,11.08,848.9,-2.11,-2.3,-10.63,0,-0.02,0,0,1.24,70,127397,129341103,775364185,-11.97,68089,168.77,9,0.24,32.72,2025-12-29T09:00:07.278634555Z,170.17
95,11.1,848.9,-2.1,-2.23,-10.67,0,-0.02,0,0,1.24,78,127411,129341103,775364185,-11.61,68076,168.88,9,0.24,32.77,2025-12-29T09:00:10.642712009Z,-164.95
95,11.03,848.9,-2.07,-2.28,-10.59,0,-0.01,0,0.01,1.24,77,127427,129341103,775364185,-11.93,68112,168.95,9,0.24,32.72,2025-12-29T09:00:13.819598816Z,162.65
98,11.07,849.8,-2.1,-2.18,-10.65,0,-0.02,0.01,0,1.24,79,127364,129341048,775364261,-11.35,68094,168.85,9,0.19,32.72,2025-12-29T09:00:16.900755494Z,152.69
98,11.07,849.3,-2.16,-2.27,-10.62,0,-0.02,0,0,1.24,78,127336,129341103,775364270,-11.83,68076,168.51,9,0.48,32.72,2025-12-29T09:00:19.961824297Z,166.3
95,11.07,848.8,-2.15,-2.26,-10.62,0,-0.02,0,0,1.29,76,127267,129341103,775364270,-11.76,68044,168.58,8,0.48,32.81,2025-12-29T09:00:23.038249489Z,-178.99
96,11.04,848.8,-2.08,-2.21,-10.62,0,-0.01,0,0,1.29,78,127277,129341103,775364270,-11.55,68040,168.9,8,0.48,32.62,2025-12-29T09:00:26.104829029Z,169.93
97,11.02,848.8,-2.17,-2.26,-10.56,0,-0.01,0,0,1.29,75,127306,129341103,775364270,-11.86,68020,168.37,8,0.48,32.62,2025-12-29T09:00:29.184703513Z,159.3
98,10.98,848.8,-2.12,-2.28,-10.53,0,-0.01,0.01,0,1.29,74,127334,129341103,775364270,-11.97,68003,168.6,8,0.48,32.77,2025-12-29T09:00:32.456553848Z,161.1
97,11.03,848.8,-2.21,-2.29,-10.56,0,-0.02,0.01,0,1.29,75,127352,129341103,775364270,-12,68047,168.18,8,0.48,32.62,2025-12-29T09:00:35.525859313Z,141.97
98,11.06,848.8,-2.09,-2.25,-10.63,0,-0.01,0,0,1.29,77,127285,129341015,775364320,-11.74,68066,168.85,8,0.37,32.81,2025-12-29T09:00:38.60171221Z,-167.36
95,11.11,850.9,-2.18,-2.18,-10.68,0,-0.02,0.01,0,1.3,70,126316,129340945,775364311,-11.31,69641,168.44,8,0.15,32.72,2025-12-29T09:00:41.679691265Z,155.73
97,10.07,851.1,1.75,0.01,-9.92,0,0.04,0.33,-1.09,1.3,75,125602,129340940,775364270,0.07,67569,-169.98,8,2.89,32.72,2025-12-29T09:00:44.947719751Z,83.66
96,11.1,851.6,3.24,3.3,-10.09,0,-0.04,0.02,0.03,1.3,79,125635,129340998,775364093,17.31,67082,-162.2,8,2.82,32.62,2025-12-29T09:00:48.024303709Z,155.8
98,11.11,853.2,3.53,3.33,-10,0,-0.02,0.01,0.02,1.24,77,125521,129341071,775364215,17.44,66777,-160.53,9,2.82,32.72,2025-12-29T09:00:51.105930911Z,160.92
96,11.01,853.2,3.91,3.85,-9.54,0,0.01,0,-0.01,1.24,70,125449,129341071,775364215,20.5,66677,-157.72,9,2.82,32.72,2025-12-29T09:00:54.180482757Z,-23.86
98,11.13,853.2,3.87,3.55,-9.82,0,-0.02,0.01,0.01,1.24,75,125161,129341071,775364215,18.61,66529,-158.51,9,2.82,32.67,2025-12-29T09:00:57.242753452Z,156.65
97,11.13,853.2,3.91,3.6,-9.78,0,-0.01,0,0,1.24,79,124999,129341071,775364215,18.86,66373,-158.2,9,2.82,32.62,2025-12-29T09:01:00.37036423Z,152.14
97,11.12,853.2,3.99,3.59,-9.73,0,-0.02,0.01,0,1.24,73,125048,129341071,775364215,18.86,66351,-157.7,9,2.82,32.77,2025-12-29T09:01:03.382271961Z,158.09
95,11.05,853.2,3.95,3.59,-9.67,0,-0.01,0,0,1.24,74,126789,129341071,775364215,18.96,67578,-157.77,9,2.82,32.72,2025-12-29T09:01:06.450297173Z,-174.67
96,9.61,853.2,-7.94,-4.98,-2.12,30,0.21,-0.21,0.27,1.24,79,127000,129341139,775364145,-31.21,67369,104.95,9,2.8,32.77,2025-12-29T09:01:09.52376113Z,-44.24
95,10.61,853.2,-9.17,-3.91,-3.63,30,0.05,-0.05,0.29,1.24,74,128438,129341188,775363905,-21.64,70761,111.58,9,0.78,32.67,2025-12-29T09:01:12.804973181Z,-46.52
96,10.55,847.7,-1.96,5.89,-8.53,30,-1.41,0.84,-0.57,1.24,75,126866,129341186,775363830,33.96,69687,167.08,9,1.85,32.67,2025-12-29T09:01:15.879705737Z,149.23
98,10.13,848.1,-2.24,8.19,-5.52,30,-0.07,0,0.03,1.4,72,127487,129341146,775363701,53.97,68446,157.93,8,0.06,32.67,2025-12-29T09:01:18.923317614Z,-178.25
97,11,846.9,-1.25,0.15,-10.93,30,-0.14,0.12,-0.03,2.09,73,126609,129341146,775363701,0.79,67809,173.45,7,0.06,32.72,2025-12-29T09:01:22.024454194Z,139.79
97,11.01,845.2,-1.12,0.74,-10.93,30,-0.03,-0.04,0.01,1.24,77,125737,129341220,775363626,3.88,69330,174.15,9,0.06,32.67,2025-12-29T09:01:25.090359384Z,-126.9
98,10.83,845.2,-2.07,7.95,-7.05,30,0.49,0.26,0.2,1.24,74,125200,129341220,775363626,47.25,68298,163.62,9,0.06,32.72,2025-12-29T09:01:28.165677654Z,27.81
95,10.07,845.2,-2.51,8.26,-5.18,30,-0.01,0,0.01,1.24,77,124654,129341220,775363626,55.11,68014,154.17,9,0.06,32.72,2025-12-29T09:01:31.238939364Z,-168.57
96,10.04,845.2,-2.5,8.29,-5.09,30,-0.02,0.01,0,1.24,79,124033,129341220,775363626,55.63,67733,153.87,9,0.06,32.72,2025-12-29T09:01:34.524795555Z,154.42
97,10.09,845.2,-2.5,8.32,-5.11,30,-0.02,0,0,1.24,78,124084,129341220,775363626,55.63,67463,153.93,9,0.06,32.86,2025-12-29T09:01:37.59073133Z,168.14
98,11.04,845.6,-0.7,2.26,-10.78,30,-0.07,0.06,-0.01,1.24,74,123719,129341095,775363633,11.81,67463,176.29,9,0.37,32.72,2025-12-29T09:01:40.656087362Z,139.58
95,9.98,845.6,-2.94,8.26,-4.79,30,-0.02,-0.01,0.01,1.24,76,123412,129341125,775363655,55.77,67354,148.46,9,0.11,32.72,2025-12-29T09:01:44.135508193Z,-166.29
98,10.03,845,-2.95,8.3,-4.81,30,-0.02,0.01,0,1.25,75,123312,129341165,775363681,55.79,67267,148.44,9,0.09,32.67,2025-12-29T09:01:47.209316292Z,163.61
98,9.94,845,-2.94,8.22,-4.76,30,-0.02,0,0,1.25,78,123283,129341165,775363681,55.79,67275,148.32,9,0.09,32.72,2025-12-29T09:01:50.333350273Z,165.86
96,9.95,845,-2.97,8.22,-4.74,30,-0.01,0.01,0,1.25,70,123289,129341165,775363681,55.78,67269,147.89,9,0.09,32.81,2025-12-29T09:01:53.362096306Z,138.37
96,9.91,845,-2.92,8.2,-4.73,30,-0.02,0,0.01,1.25,76,123310,129341165,775363681,55.88,67230,148.27,9,0.09,32.67,2025-12-29T09:01:56.421556813Z,169.74
98,10.03,845,-2.96,8.21,-4.94,30,-0.01,0,0,1.25,77,123306,129341165,775363681,54.95,67240,149.02,9,0.09,32.77,2025-12-29T09:01:59.493627111Z,167.42
96,9.97,845,-2.95,8.22,-4.82,30,-0.02,0.01,0,1.25,76,123312,129341025,775363811,55.49,67228,148.5,9,0.2,32.72,2025-12-29T09:02:02.571399331Z,161.69
97,9.89,846.5,-2.93,8.19,-4.72,30,-0.01,0.01,0,1.63,79,123324,129340985,775363873,55.85,66935,148.17,8,0.8,32.86,2025-12-29T09:02:05.647491052Z,152.15
96,9.94,846,-2.92,8.35,-4.53,30,-0.01,0.01,0,1.25,76,123252,129341021,775363880,57.15,66984,147.23,9,0.09,32.72,2025-12-29T09:02:08.721006645Z,150.2
95,9.93,845.2,-2.89,8.33,-4.58,30,-0.02,0,0,1.25,74,123495,129341086,775363866,56.99,66991,147.72,9,0.11,32.81,2025-12-29T09:02:11.77867958Z,162.33
97,10.54,845.2,-2.4,8.26,-6.1,30,0.11,0.08,-0.04,1.35,77,123608,129341095,775363890,51.59,67391,158.52,10,0.13,32.77,2025-12-29T09:02:14.853728247Z,34.95
96,9.71,845,-3.26,7.97,-4.5,30,-0.04,1.27,-0.13,1.09,79,123520,129341101,775363963,55.11,67413,144.13,10,0.74,32.72,2025-12-29T09:02:17.925479548Z,91.97
95,9.71,845.2,-4.25,8.07,-3.34,30,-0.11,0.71,-0.15,1.09,76,123171,129341075,775364000,56.2,67331,128.14,10,0.74,32.72,2025-12-29T09:02:21.012053164Z,99.04
97,9.95,845.2,-2.94,8.1,-4.97,30,0,0.57,0.01,1.09,75,123124,129341075,775364000,54.51,66917,149.39,10,0.74,32.67,2025-12-29T09:02:24.07964947Z,90.09
95,10.09,845.2,-2.34,8.44,-5.01,30,0,-1.08,0.16,1.09,79,123159,129341075,775364000,56.74,67635,154.97,10,0.74,32.72,2025-12-29T09:02:27.143900285Z,-89.89
96,9.98,845.2,-2.46,8.35,-4.89,30,-0.06,0.15,0.08,1.09,79,123047,129341075,775364000,56.73,67450,153.32,10,0.74,32.67,2025-12-29T09:02:30.336672189Z,111.53
97,10,845.2,-2.24,8.32,-5.07,30,-0.02,0,0,1.09,79,123190,129341075,775364000,56.31,67473,156.15,10,0.74,32.81,2025-12-29T09:02:33.499023291Z,165.17
95,9,845.2,-2.1,7.81,-3.96,30,0.11,-0.11,0,1.09,76,123130,129341143,775364118,60.12,67525,152.05,10,0.5,32.67,2025-12-29T09:02:36.566516962Z,-44.49
98,10.1,845.1,-2.62,8.26,-5.17,30,-0.01,0,0,1.09,72,123109,129341110,775364135,54.95,67518,153.14,10,0.06,32.67,2025-12-29T09:02:39.6332956Z,172.13
96,10.04,845.6,-2.58,8.23,-5.13,30,-0.01,0,0.01,1.09,73,123091,129341083,775364145,55.11,67501,153.26,10,0.26,32.67,2025-12-29T09:02:42.705251687Z,174.29
95,10.02,846.2,-2.55,8.21,-5.14,30,-0.01,0,0,1.17,73,123102,129341034,775364135,55.08,67475,153.65,9,0.37,32.72,2025-12-29T09:02:45.782155391Z,168.19
98,10.02,846.4,-2.61,8.22,-5.09,30,-0.01,0.01,0,1.17,74,123112,129341023,775364146,55.17,67511,152.87,9,0.09,32.77,2025-12-29T09:02:48.860681964Z,157.57
95,10,846.7,-2.65,8.19,-5.09,30,-0.02,0,0,1.09,73,123118,129341001,775364116,54.99,67504,152.54,10,0.22,32.81,2025-12-29T09:02:51.930200459Z,162.02
96,10.04,846.8,-2.68,8.19,-5.15,30,-0.02,0,0.01,1.09,76,123145,129341030,775364096,54.64,67537,152.54,10,0.09,32.62,2025-12-29T09:02:54.995031026Z,168.61
98,10.13,847.2,-2.62,8.28,-5.2,30,-0.01,0,0.01,1.09,72,123129,129341001,775364088,54.89,67539,153.22,10,0.09,32.62,2025-12-29T09:02:58.073176544Z,175.6
96,9.97,847.2,-2.53,8.23,-5.03,30,-0.02,-0.01,0,1.09,78,123167,129341001,775364088,55.62,67376,153.29,10,0.09,32.67,2025-12-29T09:03:01.22708307Z,-160.05
96,9.98,847.2,-1.94,8.36,-5.09,30,0,-0.01,0,1.09,77,122977,129341001,775364088,56.94,67147,159.1,10,0.09,32.72,2025-12-29T09:03:04.216037258Z,-96.17
98,10.07,847.2,-2.1,8.21,-5.43,30,-0.02,0.01,0.01,1.09,75,122924,129341001,775364088,54.67,67692,158.82,10,0.09,32.72,2025-12-29T09:03:07.288035314Z,164.93
96,10.04,847.2,-1.91,8.42,-5.12,30,-0.01,-0.01,0,1.09,78,122927,129341001,775364088,57.01,67679,159.54,10,0.09,32.77,2025-12-29T09:03:10.422594091Z,-158.29
98,10.13,847.2,-1.96,8.45,-5.22,30,-0.02,0,0,1.09,78,122985,129341001,775364088,56.6,67602,159.38,10,0.09,32.72,2025-12-29T09:03:13.449465082Z,-178.32
95,10.05,847.2,-2.3,8.26,-5.25,30,-0.01,-0.01,0.01,1.09,78,123010,129340931,775364263,55.25,67588,156.35,10,0.44,32.81,2025-12-29T09:03:16.947506402Z,-157.54
97,10.08,847.2,-2.35,8.28,-5.24,30,-0.02,0.01,0.01,1.09,71,124222,129340933,775364280,55.24,67724,155.83,10,0.43,32.77,2025-12-29T09:03:20.084248642Z,148.09
97,8.92,847.9,-2.89,1.7,-8.27,30,-1.17,0.77,-0.87,1.17,70,123815,129340900,775364308,10.95,68024,160.74,9,0.43,32.62,2025-12-29T09:03:23.684757769Z,146.48
98,10.33,847.9,1.81,8.85,-5.02,30,0.07,-0.04,-0.06,1.17,73,124089,129340900,775364308,58.9,68368,-160.15,9,0.43,32.86,2025-12-29T09:03:27.178169087Z,-32.76
95,10.25,849.3,1.36,8.56,-5.48,30,-0.01,0.01,0,1.09,78,124147,129340835,775364395,56.58,68533,-166.09,10,0.35,32.72,2025-12-29T09:03:30.846314402Z,140.96
95,9.52,849.3,1.09,7.67,-5.53,30,0.01,-0.15,0.01,1.09,78,124056,129340835,775364395,53.68,68536,-168.84,10,0.35,32.72,2025-12-29T09:03:34.563609655Z,-86.82
95,10.79,849.9,1.47,9.29,-5.29,34,-0.02,-0.04,0.04,1.09,76,123948,129340798,775364621,59.44,68571,-164.46,10,0.5,32.67,2025-12-29T09:03:38.230348396Z,-113.46
95,10.25,850.6,1.35,8.62,-5.37,34,-0.02,0.01,0,1.09,70,123887,129340723,775364826,57.3,68618,-165.86,10,1.37,32.72,2025-12-29T09:03:42.119860567Z,151.87
96,10.3,851.3,1.27,8.57,-5.58,34,-0.01,0,0,1.09,79,123913,129340643,775364953,56.27,68718,-167.19,10,1.15,32.77,2025-12-29T09:03:45.995144799Z,180
95,10.47,851.3,1.39,8.75,-5.58,34,-0.01,0.04,-0.01,1.09,71,123862,129340643,775364953,56.71,68677,-165.99,10,1.15,32.67,2025-12-29T09:03:49.908244662Z,98.78
97,10.27,851.3,1.27,8.64,-5.4,34,0,0,0.03,1.09,78,123944,129340643,775364953,57.29,68760,-166.73,10,1.15,32.72,2025-12-29T09:03:53.413233405Z,23.81
96,10.59,851.3,1.37,8.85,-5.65,34,-0.01,-0.02,0.01,1.09,73,123856,129340643,775364953,56.68,68695,-166.38,10,1.15,32.86,2025-12-29T09:03:57.279346466Z,-112.04
98,10.28,851.1,1.27,8.58,-5.53,34,-0.02,0,0,1.09,71,123838,129340680,775365125,56.51,68703,-167.08,10,0.52,32.72,2025-12-29T09:04:00.945661342Z,173.24
95,10.25,851.1,1.23,8.57,-5.49,34,-0.01,0,0,1.09,75,123831,129340730,775365075,56.7,68769,-167.34,10,0.43,32.58,2025-12-29T09:04:04.648245652Z,-178.47
97,10.31,850.6,1.23,8.59,-5.57,34,-0.02,0.01,0,1.09,79,123822,129340780,775365043,56.4,68776,-167.57,10,0.43,32.72,2025-12-29T09:04:08.133670422Z,161.43
98,10.34,849.5,1.21,8.65,-5.54,34,-0.01,0,0,1.09,70,123816,129340843,775364951,56.74,68761,-167.69,10,1.13,32.67,2025-12-29T09:04:11.828679308Z,-169.14
97,10.28,849.5,1.17,8.54,-5.6,34,-0.01,0,0,1.09,76,123796,129340843,775364951,56.2,68771,-168.16,10,1.13,32.62,2025-12-29T09:04:15.500556308Z,161.24
95,10.32,849.5,1.27,8.58,-5.58,34,-0.02,0.01,0.01,1.09,79,123812,129340843,775364951,56.29,68788,-167.15,10,1.13,32.58,2025-12-29T09:04:19.174535929Z,156.32
98,10.23,846.3,1.17,8.56,-5.47,34,-0.01,0,0.01,1.09,78,123807,129341041,775364650,56.83,68785,-167.95,10,1.96,32.72,2025-12-29T09:04:22.876211615Z,-165.96
95,10.32,846.3,1.19,8.6,-5.58,34,-0.01,0.01,0.01,1.09,71,123840,129341041,775364650,56.44,68780,-167.98,10,1.96,32.67,2025-12-29T09:04:26.558335256Z,159.38
95,10.27,846.3,1.21,8.51,-5.63,34,-0.01,0.01,0,1.09,74,123856,129341041,775364650,55.91,68780,-167.9,10,1.96,32.67,2025-12-29T09:04:30.494644387Z,154.98
95,10.24,842.7,1.11,8.52,-5.58,34,-0.01,0,0.01,1.09,70,123801,129341281,775364280,56.28,68796,-168.76,10,1.15,32.62,2025-12-29T09:04:33.947619779Z,180
96,10.29,842.6,1.1,8.56,-5.62,34,-0.02,0,0,1.09,70,123803,129341310,775364194,56.22,68808,-168.91,10,0.85,32.81,2025-12-29T09:04:37.629265074Z,170.31
97,10.33,842.6,1.2,8.58,-5.63,34,-0.02,0,0,1.09,77,123807,129341310,775364194,56.12,68802,-167.98,10,0.85,32.67,2025-12-29T09:04:40.906304148Z,-178.88
97,10.21,843.3,1.11,8.49,-5.57,34,-0.02,0,0,1.09,78,123761,129341271,775364326,56.24,68782,-168.74,10,0.65,32.67,2025-12-29T09:04:44.166500053Z,164.79
96,10.31,843.1,1.16,8.54,-5.66,34,-0.01,0,0,1.09,70,123795,129341298,775364333,55.93,68836,-168.41,10,0.65,32.67,2025-12-29T09:04:47.450427044Z,159.21
97,10.16,843.1,1.13,8.49,-5.47,34,-0.01,0,0.01,1.09,72,123795,129341298,775364333,56.64,68808,-168.3,10,0.65,32.67,2025-12-29T09:04:51.340333206Z,163.7
98,10.25,841.6,1.08,8.54,-5.55,0.04,-0.01,0,0,1.09,75,123768,129341416,775364126,56.51,68811,-168.99,10,0.5,32.67,2025-12-29T09:04:54.809244505Z,179.44
95,10.34,841.6,1.11,8.55,-5.7,0.04,-0.01,0,0,1.09,72,123789,129341416,775364126,55.84,68817,-169.01,10,0.5,32.72,2025-12-29T09:04:58.713399066Z,163.44
97,10.38,841.6,1.12,8.63,-5.66,0.04,-0.02,0,0,1.09,71,123819,129341416,775364126,56.26,68854,-168.77,10,0.5,32.77,2025-12-29T09:05:02.189883112Z,179.58
95,10.32,843.5,1.07,8.54,-5.69,0.04,-0.02,0,0,1.09,78,123805,129341321,775363993,55.87,68814,-169.35,10,0.5,32.72,2025-12-29T09:05:05.872529437Z,167.47
96,10.31,843.5,1.08,8.61,-5.57,25,-0.01,0.01,0,1.09,75,123846,129341268,775364095,56.63,68825,-169.05,10,0.09,32.67,2025-12-29T09:05:09.359496222Z,142.78
98,10.35,843.5,1.11,8.58,-5.69,25,-0.02,0,0.01,1.09,70,123837,129341268,775364095,55.93,68866,-168.98,10,0.09,32.72,2025-12-29T09:05:13.042514574Z,176.37
98,10.29,845.7,1.06,8.49,-5.71,25,-0.02,0.01,0,1.09,70,123761,129341215,775364158,55.61,68830,-169.48,10,0.28,32.62,2025-12-29T09:05:16.327114614Z,160.13
96,10.33,845.7,1.08,8.54,-5.71,25,-0.02,0.01,0,1.09,72,123777,129341215,775364158,55.75,68852,-169.32,10,0.28,32.67,2025-12-29T09:05:20.400441812Z,155.22
96,10.29,847.2,1.09,8.5,-5.7,25,-0.02,0,0,1.09,73,123733,129341155,775364190,55.66,68827,-169.16,10,0.26,32.67,2025-12-29T09:05:24.111061443Z,172.23
98,10.29,847.2,1.12,8.52,-5.65,25,-0.01,0,0,1.09,76,123747,129341123,775364255,55.94,68841,-168.76,10,0.26,32.67,2025-12-29T09:05:27.779161866Z,-178.92
98,10.32,847.2,1.13,8.56,-5.65,25,-0.01,0.01,0,1.09,71,123748,129341123,775364255,56.08,68875,-168.69,10,0.26,32.62,2025-12-29T09:05:31.563849553Z,154.98
95,10.38,847.2,1.15,8.57,-5.74,25,-0.01,0,0,1.09,75,123765,129341123,775364255,55.68,68837,-168.65,10,0.26,32.72,2025-12-29T09:05:34.967099025Z,163.98
98,10.26,847.1,1.11,8.53,-5.58,25,-0.01,0,0,1.18,79,123797,129341155,775364205,56.3,68829,-168.77,10,0.46,32.67,2025-12-29T09:05:38.449253142Z,168.17
98,10.31,847.3,1.13,8.58,-5.61,25,-0.01,0,0,1.09,76,123807,129341141,775364183,56.3,68823,-168.65,10,0.46,32.72,2025-12-29T09:05:42.329497524Z,163.47
96,10.34,848.4,1.17,8.61,-5.62,25,-0.02,0,0.01,1.09,72,123795,129341053,775364273,56.31,68828,-168.28,10,0.13,32.67,2025-12-29T09:05:46.009164275Z,169.86
97,10.26,850.5,1.04,8.51,-5.64,25,-0.01,0,0,1.09,74,123784,129340901,775364421,56.03,68816,-169.58,10,0.41,32.67,2025-12-29T09:05:50.269852859Z,170.35
95,10.33,850.5,1.05,8.54,-5.71,25,-0.02,0,0,1.09,77,123795,129340879,775364495,55.8,68838,-169.62,10,0.46,32.72,2025-12-29T09:05:54.000039977Z,170.33
97,10.33,850.5,1.02,8.54,-5.72,25,-0.02,0,0,1.09,78,123832,129340879,775364495,55.75,68880,-169.85,10,0.46,32.58,2025-12-29T09:05:57.495255143Z,169.11
97,10.25,850.5,1.09,8.51,-5.6,25,-0.02,0.01,0,1.09,78,123806,129340879,775364495,56.18,68767,-169.02,10,0.46,32.67,2025-12-29T09:06:01.194698887Z,154.63
95,10.01,850.5,0.95,8.15,-5.73,25,-0.04,-0.01,0.01,1.09,76,123803,129340895,775364651,54.54,68877,-170.55,10,0.31,32.58,2025-12-29T09:06:04.848220631Z,-169.11
96,10.39,850.5,0.98,8.5,-5.9,25,0,0.02,0,1.09,74,123818,129340810,775364828,54.86,68847,-170.6,10,0.52,32.67,2025-12-29T09:06:08.133723687Z,87.66
97,10.17,851.1,1.16,8.36,-5.68,25,-0.02,0,-0.02,1.19,72,123804,129340810,775364828,55.24,68827,-168.5,9,0.52,32.77,2025-12-29T09:06:11.610695351Z,-172.35
95,10.27,851.1,1.01,8.48,-5.7,25,-0.02,0.01,0,1.19,78,123786,129340810,775364828,55.65,68851,-169.98,9,0.52,32.72,2025-12-29T09:06:15.309108615Z,161.85
95,10.33,851.4,1.09,8.49,-5.79,25,-0.01,0.01,0,1.1,77,123725,129340808,775364938,55.26,68788,-169.36,10,0.57,32.67,2025-12-29T09:06:18.569544767Z,153.22
98,10.2,851.4,1.03,8.43,-5.65,25,-0.01,0,0,1.1,72,123478,129340843,775364983,55.74,68741,-169.65,10,0.22,32.67,2025-12-29T09:06:21.643049365Z,172.21
95,10.5,851.6,1.65,8.49,-5.97,25,-0.15,0.08,0.2,1.1,78,123405,129340800,775365018,53.88,68679,-164.57,10,1.17,32.72,2025-12-29T09:06:24.71433536Z,153.84
96,10.24,851.9,1.95,8.4,-5.51,25,-0.01,0,0,1.1,79,123382,129340786,775364991,55.17,68656,-160.56,10,0.2,32.72,2025-12-29T09:06:27.803761755Z,-165.56
97,10.37,850.6,1.92,8.51,-5.6,25,-0.02,0.01,0,1.1,74,123345,129340868,775364968,55.15,68682,-161.08,10,0.57,32.72,2025-12-29T09:06:30.861681792Z,157.47
95,10.35,850.9,1.89,8.5,-5.6,25,-0.01,0.01,0.01,1.35,71,123392,129340831,775364991,55.18,68709,-161.32,10,0.07,32.62,2025-12-29T09:06:33.926213597Z,140.19
98,10.36,851.6,1.87,8.49,-5.64,25,-0.02,0,0,1.35,71,123396,129340795,775364971,55.04,68685,-161.69,9,0.07,32.72,2025-12-29T09:06:37.205488235Z,173.43
98,10.35,851.6,1.89,8.43,-5.69,25,-0.01,0,0,1.35,76,123427,129340795,775364971,54.61,68683,-161.64,9,0.07,32.72,2025-12-29T09:06:40.318319678Z,-178.25
97,10.38,851.6,1.87,8.47,-5.71,25,-0.02,0,0,1.35,71,123290,129340795,775364971,54.64,68665,-161.89,9,0.07,32.72,2025-12-29T09:06:43.350544067Z,-177.68
95,10.71,851.6,1.66,8.94,-5.67,25,0.13,0.15,0.29,1.35,75,125435,129340795,775364971,56.53,68232,-163.64,9,0.07,32.72,2025-12-29T09:06:46.433554487Z,48.72
98,11.35,851.6,4.81,-0.37,-10.28,25,0.04,-0.15,0.08,1.35,72,125572,129340795,775364971,-1.85,67880,-154.93,9,0.07,32.81,2025-12-29T09:06:49.487842978Z,-76.5
98,11.16,851.6,4.6,-0.31,-10.17,25,-0.02,0,0.01,1.35,73,125358,129340865,775364651,-1.6,67453,-155.67,9,0.78,32.67,2025-12-29T09:06:52.561000323Z,-178.34
96,11.3,851.6,4.96,-0.14,-10.15,25,-0.03,0.02,0.01,1.35,78,125336,129341008,775364565,-0.69,67503,-153.97,9,1.07,32.62,2025-12-29T09:06:55.634091331Z,141.34
98,11.21,848.6,4.77,-0.18,-10.14,25,-0.02,0.01,0,1.1,75,125134,129341056,775364473,-0.94,67370,-154.78,10,0.69,32.67,2025-12-29T09:06:58.921310418Z,160.12
98,11.25,848.7,4.62,-0.51,-10.25,25,0.03,-0.01,0.03,1.1,78,124426,129341120,775364303,-2.59,66718,-155.75,10,1.09,32.77,2025-12-29T09:07:01.998136414Z,-11.6
96,12.62,847.8,8.26,-0.55,-9.53,25,-0.02,-0.64,0.24,1.35,75,125025,129341120,775364303,-2.51,67046,-139.06,9,1.09,32.67,2025-12-29T09:07:05.074892393Z,-92.14
98,11.38,847.8,5.17,-0.31,-10.13,25,-0.02,-0.01,0.02,1.35,78,125514,129341120,775364303,-1.57,68257,-152.96,9,1.09,32.62,2025-12-29T09:07:08.127955421Z,-152.12
95,11.24,847.8,2.25,-2.38,-10.75,25,0.01,-0.05,0.03,1.35,74,125127,129341120,775364303,-12.25,67984,-168.21,9,1.09,32.81,2025-12-29T09:07:11.626727293Z,-74.53
97,11.31,847.8,0.97,-2.8,-10.91,25,-0.02,0.01,0.01,1.35,75,125187,129341120,775364303,-14.33,68075,-174.92,9,1.09,32.72,2025-12-29T09:07:14.679960716Z,159.99
97,11.2,843.2,1.08,-2.74,-10.8,25,-0.02,0,0,1.1,71,125125,129341303,775364251,-14.17,68069,-174.27,10,1.35,32.72,2025-12-29T09:07:17.758292735Z,-169.32
96,11.25,843,1.14,-2.76,-10.84,25,-0.02,0,0,1.5,75,125062,129341313,775364228,-14.21,68033,-173.99,8,1.39,32.77,2025-12-29T09:07:20.836980465Z,-174.02
95,11.2,840.8,1.13,-2.62,-10.84,25,-0.01,0,0.01,1.1,72,125163,129341490,775364283,-13.51,68077,-174.06,10,1.72,32.62,2025-12-29T09:07:23.90511747Z,179.47
95,11.29,839,1.12,-2.66,-10.92,25,-0.03,0,-0.01,1.35,71,125064,129341535,775364370,-13.6,68066,-174.14,10,0.22,32.77,2025-12-29T09:07:26.97274567Z,-178.76
97,11.18,836.6,1.14,-2.72,-10.79,25,-0.01,0,0.01,1.5,77,125045,129341600,775364493,-14.06,68054,-173.94,9,0.22,32.72,2025-12-29T09:07:30.092096383Z,174.23
96,11.25,835,1.18,-2.75,-10.85,25,-0.01,0,0,1.5,74,125076,129341673,775364480,-14.13,68049,-173.8,10,0.22,32.77,2025-12-29T09:07:33.115981731Z,-179.46
98,11.21,835,1.18,-2.73,-10.81,25,-0.02,0.01,0,1.5,73,125065,129341673,775364480,-14.1,68067,-173.79,10,0.22,32.77,2025-12-29T09:07:36.190135097Z,163.27
96,11.18,835,1.26,-2.68,-10.78,25,-0.02,0,0.01,1.5,74,125046,129341673,775364480,-13.88,68095,-173.33,10,0.22,32.67,2025-12-29T09:07:39.460515339Z,179.04
95,11.2,835,1.28,-2.76,-10.78,25,-0.01,0.01,0.01,1.5,78,125097,129341673,775364480,-14.26,68092,-173.25,10,0.22,32.72,2025-12-29T09:07:42.537881229Z,133.47
98,11.38,835,1.26,-2.86,-10.94,25,-0.02,0,0.01,1.5,78,125053,129342305,775364228,-14.54,68051,-173.41,10,0.81,32.81,2025-12-29T09:07:45.618621869Z,174.72
96,11.19,825.4,1.16,-2.72,-10.8,25,-0.02,0,0.01,1.35,74,125236,129342545,775364068,-14.09,68354,-173.85,10,1.04,32.77,2025-12-29T09:07:48.696209144Z,-163.07
96,11.31,824.1,1.53,-2.04,-11.02,25,-0.15,0.13,0.36,1.35,77,124244,129342726,775363936,-10.39,65836,-172.07,10,2.8,32.67,2025-12-29T09:07:52.167842168Z,139.48
96,11.17,824.9,4.61,3.1,-9.69,25,-0.06,0.02,0.02,1.35,77,124019,129342685,775363890,16.09,65685,-154.56,10,0.91,32.77,2025-12-29T09:07:55.67494649Z,162.58
95,11.13,824.9,4.75,2.98,-9.61,25,-0.02,0.01,0.01,1.35,71,124049,129342685,775363890,15.51,65571,-153.68,10,0.91,32.72,2025-12-29T09:07:59.337155344Z,165.79
95,11.11,826.4,4.88,2.99,-9.52,25,-0.01,0.01,0,1.35,75,123992,129342701,775363518,15.63,65523,-152.83,10,0.91,32.72,2025-12-29T09:08:02.623629625Z,148.43
95,11.04,826.4,4.72,2.9,-9.54,25,-0.02,0,0.01,1.35,79,123994,129342701,775363518,15.26,65415,-153.67,10,0.91,32.72,2025-12-29T09:08:06.504419165Z,177.46
95,11.17,827.6,4.89,3.05,-9.57,25,-0.02,-0.01,0.02,1.35,79,123967,129342735,775363335,15.86,65396,-152.93,10,0.81,32.72,2025-12-29T09:08:10.45376519Z,-164.1
96,11.19,829.8,4.93,3,-9.59,25,-0.02,0,0.01,1.35,71,124007,129342636,775363481,15.54,65382,-152.79,10,0.96,32.81,2025-12-29T09:08:13.890252959Z,165.23
98,11.21,830.6,4.85,3.02,-9.65,25,-0.01,0.01,0.01,1.35,70,123925,129342621,775363491,15.64,65350,-153.34,10,0.7,32.77,2025-12-29T09:08:17.365706614Z,143.58
95,11.15,830.6,4.81,2.94,-9.62,25,-0.01,0.01,0,1.35,73,123932,129342621,775363491,15.3,65318,-153.41,10,0.7,32.81,2025-12-29T09:08:20.850878351Z,142.38
95,11.08,830.6,4.77,3,-9.54,25,-0.01,0.01,-0.02,1.35,79,123806,129342621,775363491,15.71,65269,-153.43,10,0.7,32.77,2025-12-29T09:08:24.738369342Z,131.68
95,11.19,830.6,4.86,3,-9.62,25,-0.02,0,0.01,1.35,74,123847,129342621,775363491,15.54,65280,-153.22,10,0.7,32.81,2025-12-29T09:08:28.233629039Z,171.7
95,11.18,837.1,4.92,2.9,-9.61,25,-0.01,0,0,1.1,72,123933,129342166,775363481,15.03,65251,-152.88,10,0.7,32.77,2025-12-29T09:08:32.104728306Z,165.11
98,11.14,837.1,4.86,2.94,-9.58,25,-0.02,0,0.02,1.1,75,123891,129341993,775363658,15.31,65222,-153.12,10,1.17,32.81,2025-12-29T09:08:35.592128783Z,-174.19
96,11.07,837.1,4.81,2.95,-9.53,25,-0.01,0,0,1.1,71,123946,129341993,775363658,15.45,65335,-153.24,10,1.17,32.86,2025-12-29T09:08:39.474191676Z,166.88
96,11.17,843.9,5,2.94,-9.55,25,0,0.01,0.02,1.1,73,123926,129341720,775363673,15.23,65366,-152.39,10,0.67,32.67,2025-12-29T09:08:43.184914209Z,112.25
97,10.78,847.2,4.62,2.82,-9.32,25,-0.03,-0.08,0,1.1,74,124125,129341543,775363890,15.15,65230,-153.62,10,1.11,32.72,2025-12-29T09:08:46.871419842Z,-112.62
95,11.73,847.2,4.94,2.89,-10.24,25,-0.03,0.04,-0.03,1.1,79,124208,129341543,775363890,14.24,65269,-154.23,10,1.11,32.81,2025-12-29T09:08:50.54451871Z,121.07
95,11.1,847.2,4.85,2.89,-9.56,25,-0.02,0,0,1.1,74,124198,129341543,775363890,15.06,65279,-153.09,10,1.11,32.81,2025-12-29T09:08:54.242408221Z,-176.69
95,11.11,847.2,4.86,2.81,-9.59,25,-0.02,0,0.01,1.1,77,124094,129341076,775364426,14.66,65240,-153.14,10,1.39,32.86,2025-12-29T09:08:57.906228888Z,166.54
96,11.07,847.2,4.81,2.88,-9.55,25,-0.02,0,0.01,1.1,73,124050,129341003,775364596,15.05,65215,-153.28,10,1.44,32.77,2025-12-29T09:09:01.795902932Z,-171.74
97,11.15,858.6,4.94,2.92,-9.56,25,-0.02,0.01,0,1.1,70,124061,129340858,775364795,15.2,65213,-152.67,10,1.44,32.77,2025-12-29T09:09:05.277180611Z,162.27
97,11.13,858.6,4.92,3,-9.51,25,-0.02,0,0.01,1.1,72,124071,129340858,775364795,15.63,65219,-152.63,10,1.44,32.77,2025-12-29T09:09:08.975271703Z,-177.23
98,11.13,858.6,4.92,2.93,-9.54,25,-0.02,-0.01,0.01,1.1,78,124012,129340893,775364988,15.25,65184,-152.7,10,1.54,32.81,2025-12-29T09:09:12.65866768Z,-149.4
97,11.15,858.6,4.91,2.93,-9.58,25,-0.01,0.01,0,1.1,77,124066,129340893,775364988,15.25,65199,-152.86,10,1.54,32.81,2025-12-29T09:09:16.967699274Z,149.51
97,11.18,858.6,4.89,2.89,-9.63,25,-0.02,0.01,0,1.1,79,124001,129340893,775364988,14.96,65172,-153.07,10,1.54,32.91,2025-12-29T09:09:20.496654228Z,152.5
98,11.16,858.6,4.94,2.91,-9.57,25,-0.02,0,0,1.1,74,124082,129340893,775364988,15.13,65198,-152.67,10,1.54,32.77,2025-12-29T09:09:23.931423761Z,168.9
97,11.15,862.8,4.99,2.89,-9.54,25,-0.02,0.01,0.01,1.34,73,124067,129340751,775365154,15,65177,-152.39,10,0.28,32.77,2025-12-29T09:09:27.395798265Z,158.94
97,11.07,863,4.89,2.89,-9.5,25,-0.02,0,0.01,1.1,79,124043,129340751,775365154,15.11,65178,-152.76,10,0.28,32.77,2025-12-29T09:09:30.888229324Z,172.23
97,11.16,863.1,4.86,2.89,-9.62,25,-0.01,0,0.01,1.34,79,123995,129340818,775365211,15.03,65153,-153.21,10,1.28,33,2025-12-29T09:09:34.164290935Z,-158.96
98,11.12,862.8,4.95,2.93,-9.51,25,-0.01,0.01,0.01,1.34,73,124014,129340843,775365166,15.26,65121,-152.52,9,1.28,32.81,2025-12-29T09:09:37.6377428Z,139.51
98,11.06,862.8,4.95,2.92,-9.45,25,-0.02,0.01,0.01,1.34,76,123987,129340843,775365166,15.3,65132,-152.37,9,1.28,32.95,2025-12-29T09:09:41.11620138Z,150.91
97,11.13,861.8,4.9,3,-9.54,25,-0.02,0.01,0,1.2,70,124075,129340896,775365096,15.62,65133,-152.82,9,1.28,32.91,2025-12-29T09:09:44.816321236Z,149.62
97,11.13,861.8,4.89,2.94,-9.56,25,-0.01,0.01,0.01,1.2,71,124030,129340896,775365096,15.3,65164,-152.88,9,1.28,32.81,2025-12-29T09:09:47.891099605Z,149.19
97,11.11,861.8,4.92,2.95,-9.51,25,-0.01,0.01,0,1.1,79,123985,129340858,775365081,15.42,65105,-152.66,10,1.26,32.81,2025-12-29T09:09:51.357899338Z,158.93
96,11.14,861.8,4.84,2.89,-9.61,25,-0.02,0.01,0.01,1.1,79,124054,129340858,775365081,15.05,65170,-153.28,10,1.26,32.77,2025-12-29T09:09:55.045486792Z,158.31
96,11.13,861.5,4.83,2.92,-9.59,25,-0.02,0.01,0,1.34,73,124040,129340830,775365039,15.21,65112,-153.27,10,0.93,32.86,2025-12-29T09:09:58.738861812Z,146.86
95,11.17,861.5,4.94,2.91,-9.58,25,-0.02,0.01,0,1.34,73,124010,129340830,775365039,15.12,65097,-152.71,10,0.93,32.86,2025-12-29T09:10:02.222588223Z,145.41
95,11.11,861.5,4.93,2.9,-9.52,25,-0.02,0,0.01,1.34,77,123999,129340830,775365039,15.16,65106,-152.63,10,0.93,32.86,2025-12-29T09:10:05.918870192Z,171.09
97,11.09,860.4,4.88,2.89,-9.53,25,-0.02,0.01,0,1.34,73,124003,129340890,775364875,15.11,65117,-152.88,9,0.37,32.77,2025-12-29T09:10:09.596212005Z,145.01
96,11.13,860.4,4.98,2.93,-9.52,25,-0.02,0.01,0,1.34,73,123973,129340890,775364875,15.25,65113,-152.41,9,0.37,32.95,2025-12-29T09:10:13.485633465Z,152.76
95,11.09,860.4,4.91,2.94,-9.5,25,-0.02,0,0.01,1.34,78,124030,129340890,775364875,15.35,65132,-152.69,9,0.37,32.81,2025-12-29T09:10:17.419854006Z,174.7
97,11.07,860.2,4.91,2.95,-9.47,25,-0.02,0.01,0.01,1.1,74,123950,129340855,775364778,15.48,65099,-152.58,10,0.78,32.72,2025-12-29T09:10:21.279366147Z,161.69
95,11.14,859.8,4.92,2.97,-9.55,25,-0.01,0,0,1.1,78,123975,129340838,775364665,15.48,65112,-152.73,10,0.15,32.81,2025-12-29T09:10:24.951595681Z,-174.96
97,11.01,859.8,4.92,2.91,-9.41,25,-0.02,0.01,0.01,1.1,76,123985,129340815,775364556,15.32,65081,-152.38,10,0.04,32.81,2025-12-29T09:10:28.661209731Z,149.86
98,11.11,859.8,5.02,2.97,-9.46,25,-0.02,0.01,0,23,77,124012,4500000,3833333,15.5,65059,-152.04,117,0.04,32.86,2025-12-29T09:10:32.130006301Z,160.61
97,11.17,860.3,4.84,2.97,-9.62,25,-0.01,0,0,1.1,73,124919,129340759,775364406,15.4,69494,-153.28,10,1.22,32.95,2025-12-29T09:10:35.602867448Z,159.44
95,10.93,860.3,1.98,4.23,-9.88,25,0.34,-0.15,0.07,1.1,71,125587,129340759,775364406,22.77,70144,-168.68,10,1.22,32.91,2025-12-29T09:10:39.078981955Z,-23.75
97,10.95,859.6,1.94,4.15,-9.95,25,0.34,-0.15,0.07,1.1,73,127097,129340738,775364533,22.25,69103,-168.98,10,1.33,32.91,2025-12-29T09:10:43.003065868Z,-23.51
95,9.43,859.6,2.93,-1.96,-8.75,25,-0.59,-0.23,-0.42,1.1,74,127770,129340738,775364533,-11.99,67802,-161.46,10,1.33,32.91,2025-12-29T09:10:46.875731255Z,-158.61
96,11.08,859.6,-1.86,-2.32,-10.67,25,-0.02,0,0,1.1,73,127591,129340738,775364533,-12.07,67532,170.11,10,1.33,32.91,2025-12-29T09:10:50.594319691Z,172.07
96,11.06,859.6,-2.22,-2.33,-10.58,25,-0.01,-0.03,0.01,1.1,70,126497,129340738,775364533,-12.14,66767,168.16,10,1.33,32.91,2025-12-29T09:10:54.442590025Z,-111.58
95,10.7,858.8,-1.78,-2.23,-10.32,25,0.15,-0.22,0.08,1.63,70,126490,129340785,775364448,-12.04,66823,170.2,9,1.33,32.91,2025-12-29T09:10:57.948848653Z,-55.98
96,10.68,857.8,-1.82,-2.24,-10.28,25,0.15,-0.21,0.07,1.63,72,126202,129340826,775364481,-12.11,66667,169.94,9,0.33,32.91,2025-12-29T09:11:01.619179144Z,-54.44
96,11,857.8,-3.38,-2.2,-10.24,25,-0.13,-0.19,-0.01,1.63,75,126357,129340826,775364481,-11.53,66824,161.73,9,0.33,32.91,2025-12-29T09:11:05.181744515Z,-124.67
95,10.99,855.4,-2.65,-2.32,-10.41,25,-0.02,0.01,0,1.63,79,126369,129340953,775364488,-12.19,66831,165.73,8,0.41,32.95,2025-12-29T09:11:08.79206522Z,153.62
96,11.01,855.4,-2.72,-2.26,-10.43,25,-0.02,0,0,1.63,75,125976,129340953,775364488,-11.84,66517,165.41,8,0.41,32.91,2025-12-29T09:11:12.493423563Z,171.52
97,10.84,855.4,-2,-2.32,-10.39,25,0.04,-0.28,0.09,1.63,72,126120,129340953,775364488,-12.39,66419,169.12,8,0.41,32.91,2025-12-29T09:11:15.96334447Z,-82.67
95,11.7,855.6,-4.17,-2.54,-10.64,25,-0.03,0.14,-0.07,1.3,70,126269,129340935,775364553,-12.52,66814,158.61,9,0.35,33,2025-12-29T09:11:19.446195942Z,102.3
97,10.99,855.4,-2.72,-2.34,-10.39,25,-0.02,0,0,1.63,79,126037,129340945,775364573,-12.3,66514,165.32,8,0.35,32.91,2025-12-29T09:11:22.932643113Z,164.56
98,10.82,855,-1.88,-2.07,-10.45,25,0.07,-0.14,0.05,1.3,74,126200,129340963,775364595,-11.05,66787,169.79,9,0.17,32.81,2025-12-29T09:11:26.395209107Z,-64.72
96,11.03,855,-2.76,-2.29,-10.43,25,-0.02,0.01,0.01,1.3,76,126272,129340963,775364595,-11.99,66792,165.18,9,0.17,32.91,2025-12-29T09:11:30.329066299Z,152.69
97,11.03,854.3,-2.77,-2.39,-10.41,25,-0.02,0,0,1.63,72,126721,129340961,775364589,-12.49,67096,165.13,10,0.13,32.91,2025-12-29T09:11:33.785940151Z,-174.97
97,11.09,854.3,-4.48,-2.2,-9.9,25,-0.13,-0.84,0.08,1.63,70,126577,129340878,775364610,-11.43,66941,155.65,10,1.06,32.91,2025-12-29T09:11:37.459686254Z,-98.98
97,10.86,855.2,-3.43,-2.36,-10.03,25,-0.02,0,0.01,1.63,79,126573,129340875,775364598,-12.57,66931,161.14,10,1.06,32.95,2025-12-29T09:11:40.941759323Z,172.34
97,10.88,854.4,-3.39,-2.32,-10.07,25,-0.02,0,0,1.34,77,126471,129340910,775364533,-12.29,66860,161.37,9,0.24,32.86,2025-12-29T09:11:44.626358798Z,167.47
98,10.86,854.4,-3.49,-2.31,-10.02,25,-0.02,0.01,0,1.34,77,126012,129340910,775364533,-12.27,66412,160.8,9,0.24,32.86,2025-12-29T09:11:48.511447186Z,158.01
98,10.98,854.4,-4.45,-2.1,-9.82,25,-0.13,-0.05,-0.04,1.34,70,126299,129340910,775364533,-11.02,66465,155.62,9,0.24,32.91,2025-12-29T09:11:52.40048086Z,-159.58
96,11.44,854.4,-5.18,-2.66,-9.84,25,-0.01,0.11,-0.1,1.34,76,126151,129340918,775364356,-13.46,66425,152.23,9,0.43,32.95,2025-12-29T09:11:55.881728068Z,92.94
98,11.32,854.4,-3.08,-2.21,-10.66,25,-0.06,-0.2,0.08,1.34,78,126463,129340918,775364356,-11.26,66733,163.88,9,0.43,32.95,2025-12-29T09:11:59.37324854Z,-106.33
97,11.01,854.4,-3.47,-2.38,-10.17,25,-0.02,0.01,0,1.34,79,126403,129340918,775364356,-12.46,66730,161.16,9,0.43,32.91,2025-12-29T09:12:03.076337656Z,156.5
95,10.86,854.5,-3.39,-2.28,-10.06,25,-0.02,0.01,0,1.34,75,126363,129340800,775364306,-12.12,66663,161.41,9,0.13,32.86,2025-12-29T09:12:06.737670876Z,161.31
95,10.92,854.5,-3.4,-2.26,-10.13,25,-0.02,0,0,1.34,76,126420,129340800,775364306,-11.93,66697,161.43,9,0.13,32.91,2025-12-29T09:12:10.277942663Z,164.12
97,10.96,854.3,-3.45,-2.31,-10.14,25,-0.02,0,0,1.34,78,126305,129340803,775364281,-12.19,66670,161.21,9,0.46,32.91,2025-12-29T09:12:14.108534114Z,178.01
97,10.97,853.9,-3.37,-2.29,-10.19,25,-0.01,0,0,1.34,75,126014,129340833,775364273,-12.04,66247,161.72,9,0.06,32.91,2025-12-29T09:12:18.009401849Z,160.2
97,10.8,853.9,-2.77,-2.01,-10.24,25,-0.16,0.67,-0.15,1.34,75,126198,129340833,775364273,-10.73,66465,164.84,9,0.06,33,2025-12-29T09:12:21.078128539Z,103.42
97,11.07,853.9,-3.23,-2.19,-10.36,25,-0.08,-0.14,0.04,1.34,79,126468,129340833,775364273,-11.4,66701,162.67,9,0.06,32.95,2025-12-29T09:12:24.149632589Z,-120.64
97,10.88,853.9,-3.5,-2.23,-10.06,25,-0.02,0.01,0,1.34,70,126443,129340833,775364273,-11.81,66679,160.8,9,0.06,32.91,2025-12-29T09:12:27.643697075Z,154.82
96,10.9,853.9,-3.45,-2.28,-10.08,25,-0.02,0,0,1.34,76,126421,129340833,775364273,-12.1,66647,161.1,9,0.06,33,2025-12-29T09:12:31.339071368Z,166.87
96,10.9,848.9,-3.4,-2.29,-10.1,25,-0.01,0,0,1.11,75,126328,129341145,775364371,-12.15,66622,161.39,10,0.65,32.91,2025-12-29T09:12:34.796244583Z,167.91
96,10.93,848.9,-3.46,-2.32,-10.11,25,-0.01,0,0,1.11,79,126306,129341253,775364376,-12.24,66561,161.11,10,0.48,32.86,2025-12-29T09:12:38.506299886Z,173.53
98,10.91,845.5,-3.45,-2.37,-10.07,25,-0.01,0.01,0,1.34,77,126248,129341351,775364356,-12.54,66540,161.09,10,0.33,32.91,2025-12-29T09:12:42.186040441Z,157.3
96,10.91,844.9,-3.44,-2.32,-10.09,25,-0.01,0,0,1.11,76,126326,129341380,775364321,-12.28,66581,161.2,10,0.37,32.91,2025-12-29T09:12:45.864001041Z,170.87
98,10.91,844.2,-3.52,-2.28,-10.07,25,-0.02,0,0,1.34,78,126382,129341420,775364293,-12.09,66578,160.74,10,0.28,32.95,2025-12-29T09:12:49.547707265Z,-173.94
97,10.88,844,-3.44,-2.22,-10.08,25,-0.02,0,0,1.34,79,126113,129341420,775364301,-11.78,66463,161.18,9,0.28,32.91,2025-12-29T09:12:53.034128644Z,-174.84
96,10.44,843.6,-2.39,-2.07,-9.95,25,0.05,-0.1,0.04,1.34,74,126078,129341421,775364293,-11.44,66393,166.48,10,0.37,32.86,2025-12-29T09:12:56.707620245Z,-64.54
98,10.89,843.6,-4.05,-2.29,-9.84,25,-0.1,-0.32,0.03,1.34,79,126200,129341410,775364301,-12.12,66450,157.63,10,0.41,32.91,2025-12-29T09:13:00.25546249Z,-107.33
95,11.01,843.8,-3.71,-2.27,-10.12,25,-0.1,-0.27,0.04,1.34,72,126355,129341410,775364301,-11.88,66591,159.85,9,0.41,32.91,2025-12-29T09:13:03.664829084Z,-110.68
98,10.87,843.8,-3.36,-2.26,-10.08,25,-0.02,0.01,0,1.34,75,126280,129341410,775364301,-12.02,66549,161.55,9,0.41,32.95,2025-12-29T09:13:07.368503355Z,144.21
98,11.01,843.8,-3.45,-2.33,-10.19,25,-0.02,0,0,1.37,77,126499,129341371,775364263,-12.2,66642,161.27,8,0.41,33,2025-12-29T09:13:10.855043101Z,-169.74
97,10.9,844.5,-3.51,-2.26,-10.07,25,-0.02,0,0,1.91,79,126359,129341265,775364270,-11.96,66595,160.8,9,0.41,32.95,2025-12-29T09:13:14.526362082Z,174.92
96,10.84,844.5,-3.45,-2.32,-10.01,25,-0.02,0.01,0,1.91,77,126208,129341265,775364270,-12.33,66534,160.98,9,0.41,32.91,2025-12-29T09:13:18.432603819Z,152.73
96,10.86,844.3,-3.43,-2.28,-10.05,25,-0.02,0,0,1.91,77,126288,129341271,775364261,-12.1,66561,161.14,9,0.2,33,2025-12-29T09:13:22.155226431Z,166.32
95,10.8,844.3,-3.42,-2.22,-10,25,-0.02,-0.01,0,1.91,74,126264,129341181,775364193,-11.84,66559,161.12,9,0.5,33,2025-12-29T09:13:25.381973555Z,-156.86
96,10.94,844.3,-3.49,-2.26,-10.12,25,-0.01,0,0.01,1.91,70,126225,129341181,775364193,-11.91,66558,160.99,9,0.5,32.86,2025-12-29T09:13:29.063966427Z,166.41
98,10.91,847.1,-3.48,-2.27,-10.09,25,-0.01,0.01,0,1.34,77,126190,129341100,775364133,-12.02,66504,160.99,10,0.07,32.91,2025-12-29T09:13:32.766434063Z,160.1
98,10.78,847.1,-3.48,-2.25,-9.95,25,-0.01,0,0,1.34,78,126170,129341100,775364133,-12.05,66489,160.72,10,0.07,32.86,2025-12-29T09:13:36.45183524Z,-158.75
98,10.92,847.4,-3.46,-2.3,-10.1,25,-0.02,0.01,0,1.34,72,126182,129341111,775364168,-12.16,66516,161.09,10,0.07,32.91,2025-12-29T09:13:40.39835203Z,151.25
96,10.93,848,-3.51,-2.35,-10.08,25,-0.01,0.01,0,1.11,77,126231,129341095,775364188,-12.41,66510,160.77,10,0.19,32.86,2025-12-29T09:13:43.427413565Z,159.1
96,10.92,848,-3.46,-2.26,-10.11,25,-0.02,0,0,1.11,77,126189,129341095,775364188,-11.96,66511,161.09,10,0.19,32.86,2025-12-29T09:13:46.878922745Z,171.08
95,10.93,848,-3.48,-2.21,-10.12,25,-0.01,0,0.01,1.11,75,126131,129341095,775364188,-11.7,66511,161,10,0.19,32.91,2025-12-29T09:13:50.410116445Z,169.89
98,10.93,848,-3.53,-2.29,-10.09,25,-0.02,0,0,1.11,75,126127,129341095,775364188,-12.1,66495,160.69,10,0.19,32.86,2025-12-29T09:13:53.664853103Z,174.2
96,10.84,848,-3.53,-2.32,-9.99,25,-0.02,0.01,0,1.11,72,126098,129341095,775364188,-12.34,66518,160.51,10,0.19,32.81,2025-12-29T09:13:56.925235986Z,149.27
96,10.94,848.3,-3.54,-2.32,-10.09,25,-0.02,0.01,0,1.34,71,126097,129341135,775364323,-12.27,66467,160.66,10,0.13,32.91,2025-12-29T09:14:00.60915648Z,139.97
95,10.85,848.3,-3.53,-2.29,-10.01,25,-0.02,0,0,1.34,73,126210,129341135,775364323,-12.19,66490,160.56,10,0.13,32.86,2025-12-29T09:14:04.51502421Z,-178.06
95,10.94,848.1,-3.53,-2.3,-10.09,25,-0.02,0.01,0,1.37,73,126229,129341145,775364333,-12.12,66490,160.71,9,0.48,32.86,2025-12-29T09:14:08.194176851Z,153.43
97,10.93,848.4,-3.46,-2.28,-10.11,25,-0.01,0,0,1.14,70,126177,129341158,775364313,-12.04,66535,161.11,10,0.15,32.91,2025-12-29T09:14:11.462188277Z,-161.91
97,10.9,848.4,-3.5,-2.31,-10.06,25,-0.02,0,0,1.14,72,126340,129341158,775364313,-12.21,66525,160.8,10,0.15,32.91,2025-12-29T09:14:15.161954709Z,176.01
98,10.92,848.4,-3.56,-2.29,-10.06,25,-0.02,0,0,1.14,73,126257,129341173,775364290,-12.13,66490,160.49,10,0.2,32.86,2025-12-29T09:14:18.421706183Z,179.05
98,10.92,848.4,-3.57,-2.29,-10.06,25,-0.02,0,0,1.14,73,126147,129341173,775364290,-12.09,66758,160.46,10,0.2,32.86,2025-12-29T09:14:21.496753607Z,164.38
97,11.29,848.4,-1.1,-2.28,-11,25,-0.01,-0.06,0,1.14,75,127043,129341173,775364290,-11.64,66923,174.28,10,0.2,32.95,2025-12-29T09:14:24.993760315Z,-102.32
97,11.05,849.6,-1.11,-2.42,-10.72,25,-0.01,0,0,1.11,78,126985,129341146,775364285,-12.66,66822,174.07,10,0.31,32.91,2025-12-29T09:14:28.88981922Z,169.11
96,11.16,849.6,-1.17,-2.43,-10.83,25,-0.01,0.01,0,1.11,76,126779,129341146,775364285,-12.6,66740,173.84,10,0.31,32.95,2025-12-29T09:14:32.349384422Z,156.64
95,11.09,849.6,-1.2,-2.42,-10.75,25,-0.01,0.01,0,1.11,74,126739,129341146,775364285,-12.6,66745,173.61,10,0.31,32.77,2025-12-29T09:14:36.276813547Z,150.62
97,11.09,850.8,-1.16,-2.41,-10.76,25,-0.01,0,0,1.34,79,126613,129341040,775364343,-12.57,66690,173.83,10,0.74,32.86,2025-12-29T09:14:39.738306425Z,-177.56
95,11.13,850.8,-1.13,-2.41,-10.81,25,-0.02,0,0,1.34,76,125826,129341040,775364343,-12.49,66319,174.06,10,0.74,32.91,2025-12-29T09:14:43.828691389Z,164.9
95,11.15,850,-0.38,-2.37,-10.89,25,-0.02,-0.33,0.05,1.77,70,126166,129341016,775364336,-12.28,66409,178,8,0.74,32.81,2025-12-29T09:14:47.320432727Z,-94.11
96,11,850,-0.46,-2.34,-10.74,25,0.06,-0.22,0.03,1.77,74,126389,129341016,775364336,-12.27,66569,177.54,8,0.74,32.91,2025-12-29T09:14:51.011261755Z,-75.01
95,11.14,850.8,-1.05,-2.44,-10.82,25,-0.01,0,0,1.37,75,126331,129340996,775364366,-12.63,66548,174.44,8,0.28,32.81,2025-12-29T09:14:54.688052855Z,170.62
96,11.1,850.8,-1.21,-2.48,-10.75,25,-0.02,0,0,1.37,76,126275,129340996,775364366,-12.89,66454,173.58,8,0.28,32.91,2025-12-29T09:14:57.962803024Z,169.86
95,11.12,852.1,-1.13,-2.42,-10.79,25,-0.01,0,0,1.64,77,126373,129340980,775364419,-12.59,66488,174,10,0.13,32.95,2025-12-29T09:15:01.850299466Z,161.72
96,11.17,852.1,-1.17,-2.37,-10.85,25,-0.01,0.01,0,1.64,78,126438,129340980,775364419,-12.27,66502,173.87,10,0.13,32.81,2025-12-29T09:15:05.336259839Z,146.9
96,11.11,852.4,-1.19,-2.39,-10.79,25,-0.02,0,0,1.64,72,126349,129340993,775364510,-12.41,66461,173.7,10,0.19,32.81,2025-12-29T09:15:09.222573227Z,167.42
95,11.21,852.4,-1.14,-2.44,-10.88,25,-0.02,0,0,1.64,71,125951,129340960,775364506,-12.59,66176,174.02,10,0.28,32.86,2025-12-29T09:15:12.892646211Z,166.57
96,11.18,852.4,-0.28,-2.49,-10.9,25,0,0.04,0.01,1.64,70,126508,129340933,775364475,-12.87,66699,178.52,10,0.31,32.81,2025-12-29T09:15:16.605560226Z,89.28
97,11.16,852.6,-5.52,-2.57,-9.35,25,0.16,1.37,-0.09,1.12,77,126261,129340933,775364475,-13.31,66455,149.44,10,0.31,32.91,2025-12-29T09:15:20.327903646Z,83.35
96,10.9,848.5,-3.19,-2.44,-10.13,25,-0.02,-0.01,0.01,1.12,78,126218,129341000,775364440,-12.94,66417,162.53,10,0.28,32.91,2025-12-29T09:15:23.959007969Z,-142.75
98,11,848.5,-3.09,-2.45,-10.26,25,-0.02,0,0.01,1.12,78,126135,129341075,775364360,-12.86,66362,163.23,10,0.26,32.95,2025-12-29T09:15:27.244210741Z,179.05
97,10.99,848.5,-3.1,-2.38,-10.28,25,-0.01,0.01,0,1.12,72,126039,129341075,775364360,-12.49,66346,163.22,10,0.26,32.91,2025-12-29T09:15:30.528122621Z,153.9
97,10.9,848.5,-3.14,-2.4,-10.16,25,-0.02,0,0,1.12,74,125807,129341075,775364360,-12.73,66058,162.84,10,0.26,32.91,2025-12-29T09:15:33.794513539Z,177.51
97,11.11,847.5,-2.66,-2.66,-10.45,25,0,0.02,0.01,1.12,79,126279,129341156,775364291,-13.88,66386,165.74,10,0.31,32.95,2025-12-29T09:15:37.079152745Z,96.93
98,11.04,848.3,-2.48,-2.57,-10.45,25,-0.01,-0.01,0.01,1.12,76,126406,129341161,775364283,-13.48,66419,166.67,10,0.31,32.81,2025-12-29T09:15:40.615299517Z,-159
97,10.93,848.3,-2.65,-2.56,-10.29,25,-0.01,0,0,1.12,78,126341,129341161,775364283,-13.55,66473,165.55,10,0.31,32.81,2025-12-29T09:15:44.445103932Z,169.14
98,11.03,849.8,-2.67,-2.5,-10.4,25,-0.01,-0.03,0.01,1.12,77,126497,129341163,775364263,-13.1,66516,165.62,10,0.13,32.91,2025-12-29T09:15:47.92344122Z,-108.43
95,11.02,850.2,-2.64,-2.57,-10.38,25,-0.02,0,0,1.12,76,126293,129341160,775364301,-13.51,66465,165.74,10,0.09,32.77,2025-12-29T09:15:51.405771511Z,165.21
95,11.11,850.7,-2.6,-2.46,-10.52,25,-0.02,0.01,0,1.12,71,126140,129341133,775364313,-12.77,66429,166.09,10,0.09,32.86,2025-12-29T09:15:55.314868732Z,145.32
97,11.05,850.9,-2.72,-2.56,-10.4,25,-0.01,-0.01,0,1.12,72,126262,129341123,775364336,-13.42,66421,165.36,10,0.48,32.95,2025-12-29T09:15:58.987786496Z,-151.76
95,11.07,850.9,-2.62,-2.52,-10.46,25,-0.02,-0.01,0.01,1.12,75,125944,129341115,775364383,-13.13,66313,165.96,10,0.19,32.91,2025-12-29T09:16:02.880135835Z,-157.8
96,11.04,850.9,-2.55,-2.47,-10.45,25,-0.02,0,0,1.12,76,126065,129341115,775364383,-12.92,66394,166.28,10,0.19,32.91,2025-12-29T09:16:06.154063034Z,177.81
96,10.88,850.9,-2.63,-2.46,-10.27,25,-0.01,0,0,1.12,71,125972,129341115,775364383,-13.09,66414,165.65,10,0.19,32.95,2025-12-29T09:16:09.644099166Z,165.49
95,11.09,850.9,-2.69,-2.5,-10.47,25,-0.02,0.01,0,1.12,75,125885,129341115,775364383,-13.02,66395,165.6,10,0.19,32.91,2025-12-29T09:16:12.925204953Z,156.63
98,11.03,851.8,-2.74,-2.49,-10.39,0,-0.02,0,0,1.14,70,125931,129341071,775364419,-13.06,66331,165.24,10,0.8,32.91,2025-12-29T09:16:16.601936047Z,-174.85
97,10.96,851.8,-2.62,-2.56,-10.33,0,-0.02,0.01,0,1.14,78,126067,129341071,775364419,-13.53,66394,165.75,10,0.8,32.91,2025-12-29T09:16:19.874350022Z,160.35
95,10.96,852.4,-2.7,-2.53,-10.32,0,-0.02,0.01,0,1.14,73,125821,129341036,775364426,-13.33,66288,165.36,9,0.13,32.86,2025-12-29T09:16:23.341637372Z,161.7
97,11.08,852.4,-2.24,-2.54,-10.55,0,-0.01,-0.07,0.02,1.14,72,125954,129341036,775364426,-13.26,66362,168,9,0.13,32.81,2025-12-29T09:16:27.256094193Z,-98.22
98,11.06,852.4,-2.57,-2.51,-10.46,0,-0.02,0.01,0,1.14,76,126075,129341036,775364426,-13.1,66375,166.17,9,0.13,32.91,2025-12-29T09:16:31.177425333Z,149.31
97,11.06,852.4,-2.52,-2.54,-10.47,0,-0.02,0.01,0,1.14,73,125958,129341095,775364485,-13.29,66351,166.44,9,0.3,32.95,2025-12-29T09:16:34.826594394Z,157.29
95,11.03,852.4,-2.59,-2.45,-10.44,0,-0.01,0.01,0,1.14,70,126011,129341095,775364485,-12.82,66361,166.07,9,0.3,32.91,2025-12-29T09:16:38.716680037Z,155.32
98,11.05,852.4,-2.56,-2.51,-10.45,0,-0.02,0,0,1.14,75,125949,129341095,775364485,-13.14,66310,166.24,9,0.3,32.95,2025-12-29T09:16:42.195313342Z,168.09
98,11.07,852.4,-2.43,-2.48,-10.51,0,-0.02,0,0,1.14,73,125907,129341095,775364485,-12.93,66321,166.98,9,0.3,32.86,2025-12-29T09:16:45.88716885Z,-161.87
98,11.11,852.4,-2.59,-2.52,-10.51,0,-0.01,0.01,0,1.14,73,125886,129341095,775364485,-13.09,66288,166.17,9,0.3,32.91,2025-12-29T09:16:49.470006851Z,152.78
97,11.07,852.4,-2.59,-2.44,-10.48,0,-0.01,0,0,1.14,72,125782,129341095,775364485,-12.72,66243,166.15,9,0.3,32.95,2025-12-29T09:16:52.836406531Z,-172.87
97,10.97,851.5,-2.56,-2.51,-10.37,4,-0.02,0,0.01,1.14,73,125934,129341238,775364163,-13.21,66272,166.14,9,0.43,32.91,2025-12-29T09:16:55.902893476Z,174.76
97,11.03,851.2,-2.55,-2.5,-10.44,4,-0.02,0.01,0,1.14,78,125881,129341271,775364120,-13.09,66268,166.27,9,0.61,32.95,2025-12-29T09:16:58.972595369Z,162.29
98,11.07,851.6,-2.59,-2.5,-10.47,4,-0.01,0,0,1.14,79,125778,129341273,775364130,-13.04,66269,166.13,9,0.61,32.95,2025-12-29T09:17:02.047921488Z,-167.76
96,11.03,851.6,-2.53,-2.56,-10.42,4,-0.02,0.01,0,1.14,74,125864,129341273,775364130,-13.43,66287,166.35,9,0.61,32.86,2025-12-29T09:17:05.131842687Z,158.52
95,11,851.6,-2.62,-2.46,-10.4,4,-0.02,0,0,1.14,74,125849,129341273,775364130,-12.92,66276,165.85,9,0.61,32.95,2025-12-29T09:17:08.196090587Z,174.54
97,11.03,851.6,-2.58,-2.48,-10.43,4,-0.02,0,0,1.14,78,125836,129341273,775364130,-12.99,66283,166.13,9,0.61,32.95,2025-12-29T09:17:11.28331013Z,-171.42
95,10.92,851.6,-2.58,-2.45,-10.33,4,-0.02,0.01,0,1.14,76,125884,129341273,775364130,-12.94,66338,165.96,9,0.61,32.95,2025-12-29T09:17:14.418701873Z,159.16
95,10.96,851.6,-2.56,-2.5,-10.36,4,-0.02,-0.01,0,1.14,75,125966,129341273,775364130,-13.19,66316,166.11,9,0.61,32.86,2025-12-29T09:17:17.417511414Z,-157.69
97,11.03,851.6,-2.56,-2.53,-10.43,4,-0.01,-0.01,0,1.14,72,125996,129341273,775364130,-13.26,66341,166.18,9,0.61,33,2025-12-29T09:17:20.495965244Z,-160.8
97,10.99,851.6,-2.54,-2.48,-10.4,4,-0.02,0,0,1.14,70,125996,129341405,775364280,-13.05,66351,166.3,9,0.2,32.91,2025-12-29T09:17:23.557381581Z,167.72
96,10.94,851.6,-2.49,-2.44,-10.37,4,-0.01,0.01,0,1.14,75,126059,129341393,775364296,-12.91,66405,166.48,9,0.13,32.91,2025-12-29T09:17:26.637132787Z,135.27
97,11,849.5,-3.38,-2.46,-10.17,4,0,-0.15,0.04,1.15,77,125910,129341413,775364295,-12.94,66314,161.6,9,0.39,32.86,2025-12-29T09:17:29.720476986Z,-88.26
95,10.94,849.2,-3,-2.45,-10.23,4,-0.01,0.01,0,1.12,72,125915,129341433,775364335,-12.93,66330,163.67,10,0.22,33,2025-12-29T09:17:32.78627234Z,161.1
97,10.97,849.1,-2.94,-2.48,-10.27,4,-0.02,0,0,1.12,74,125849,129341431,775364330,-13.07,66291,164.03,10,0.3,32.86,2025-12-29T09:17:35.862066957Z,169.66
97,10.92,849,-2.96,-2.42,-10.23,4,-0.01,0,0,1.12,71,125873,129341428,775364330,-12.81,66301,163.84,10,0.06,33,2025-12-29T09:17:38.913823348Z,174.4
95,10.88,849.3,-2.94,-2.48,-10.18,4,-0.01,0.01,0,1.12,71,125890,129341416,775364353,-13.18,66298,163.9,10,0.17,32.91,2025-12-29T09:17:41.98874199Z,145.15
95,10.95,849.3,-2.87,-2.46,-10.28,4,-0.01,0,0,1.12,74,125863,129341416,775364353,-12.99,66341,164.42,10,0.17,32.91,2025-12-29T09:17:45.058054387Z,175.15
96,10.98,848.9,-2.95,-2.48,-10.28,4,-0.02,0.01,0,1.12,77,125878,129341436,775364336,-13.07,66330,163.97,10,0.17,33,2025-12-29T09:17:48.126999219Z,155.56
98,10.94,848.9,-2.97,-2.44,-10.24,4,-0.02,0,0,1.12,70,125823,129341436,775364336,-12.9,66306,163.82,10,0.17,32.86,2025-12-29T09:17:51.200569619Z,-174.72
97,10.98,848.9,-2.97,-2.41,-10.3,4,-0.02,0,0,1.12,78,125823,129341436,775364336,-12.67,66311,163.91,10,0.17,32.91,2025-12-29T09:17:54.286388501Z,171.18
98,10.95,848.9,-2.96,-2.54,-10.23,4,-0.01,0,0,1.12,71,125914,129341436,775364336,-13.41,66330,163.85,10,0.17,32.91,2025-12-29T09:17:57.759661781Z,173.96
97,10.93,848.4,-2.95,-2.47,-10.23,4,-0.02,0,0,1.12,77,126139,129341431,775364221,-13.08,66374,163.88,10,0.44,32.95,2025-12-29T09:18:00.831869288Z,176.25
98,11.01,848.5,-2.94,-2.51,-10.31,4,-0.01,0,0,1.12,75,126178,129341428,775364201,-13.19,66369,164.07,10,0.43,32.91,2025-12-29T09:18:03.899786208Z,162.9
96,10.99,849.5,-2.93,-2.51,-10.29,4,-0.02,0.01,0,1.12,71,126069,129341313,775364223,-13.22,66346,164.13,10,0.11,32.95,2025-12-29T09:18:06.968054098Z,158.73
96,11,850,-3.01,-2.54,-10.28,4,-0.01,0.01,0.01,1.12,76,126224,129341313,775364223,-13.33,66379,163.66,10,0.11,32.81,2025-12-29T09:18:10.145749523Z,146.84
97,10.96,850,-2.93,-2.38,-10.29,4,-0.01,0,0,1.12,78,126099,129341313,775364223,-12.55,66334,164.1,10,0.11,32.81,2025-12-29T09:18:13.11011663Z,161.16
95,10.99,850,-3,-2.41,-10.3,4,-0.02,0.01,0,1.12,79,125933,129341313,775364223,-12.65,66228,163.73,10,0.11,32.86,2025-12-29T09:18:16.194726686Z,142.35
96,11.06,850,-2.94,-2.47,-10.38,4,-0.01,-0.01,0,1.12,71,125985,129341313,775364223,-12.88,66293,164.19,10,0.11,32.86,2025-12-29T09:18:19.257034909Z,-160.1
98,10.96,850,-2.94,-2.46,-10.27,4,-0.01,0,0,1.12,75,125956,129341313,775364223,-12.97,66345,164,10,0.11,32.91,2025-12-29T09:18:22.334726603Z,176.76
96,10.86,850,-3.11,-2.52,-10.1,4,-0.02,0,0,1.12,77,126081,129341313,775364223,-13.4,66372,162.88,10,0.11,32.91,2025-12-29T09:18:25.408705121Z,179.01
98,11.01,850,-2.12,-2.43,-10.53,4,-0.01,0.01,0,1.12,79,125963,129341313,775364223,-12.75,66274,168.62,10,0.11,32.91,2025-12-29T09:18:28.476643207Z,159.39
98,11.08,850,-2.12,-2.42,-10.61,4,-0.01,0.03,0.01,1.12,78,126163,129341313,775364223,-12.63,66368,168.68,10,0.11,32.86,2025-12-29T09:18:31.550928291Z,109.58
98,11.03,850,-2.06,-2.43,-10.56,4,-0.01,0,0,1.12,78,126128,129341118,775364418,-12.7,66368,168.95,10,0.28,33,2025-12-29T09:18:34.62801564Z,162.2
95,11.04,850,-2.06,-2.43,-10.57,4,-0.02,0,0,1.12,77,126099,129341106,775364446,-12.73,66316,168.97,10,0.31,32.86,2025-12-29T09:18:37.751532076Z,164.52
95,11.14,853.7,-2.05,-2.48,-10.67,4,-0.02,0.01,0.01,1.35,74,126045,129341083,775364496,-12.88,66299,169.1,10,0.78,33,2025-12-29T09:18:40.834006985Z,159.61
96,10.96,854.1,-2.15,-2.41,-10.47,4,-0.02,0,0,1.35,72,125974,129341055,775364540,-12.72,66279,168.42,10,0.39,32.95,2025-12-29T09:18:43.839037338Z,171.33
96,11.02,854.6,-2.08,-2.42,-10.55,4,-0.02,0,0,1.35,73,125914,129341051,775364580,-12.66,66296,168.86,10,0.24,32.86,2025-12-29T09:18:46.918135179Z,174.17
95,11.02,855.1,-2.09,-2.47,-10.53,4,-0.01,0.02,0,1.35,78,126214,129341028,775364648,-12.97,66580,168.77,10,0.17,32.86,2025-12-29T09:18:50.251431964Z,128.07
97,10.84,855.6,-5,-2.29,-9.34,4,-0.01,-0.04,0.04,1.35,72,126225,129340981,775364668,-12.18,66374,151.85,10,0.17,32.91,2025-12-29T09:18:53.259974246Z,-110.82
96,10.8,855.6,-3.27,-2.43,-10,4,-0.01,0,0,1.35,73,126191,129340981,775364668,-12.98,66370,161.89,10,0.17,32.91,2025-12-29T09:18:56.336793813Z,174.18
96,10.86,855.6,-3.26,-2.49,-10.05,4,-0.02,0,0,1.35,77,126184,129340981,775364668,-13.23,66356,162.01,10,0.17,33,2025-12-29T09:18:59.401566628Z,-173.44
98,10.96,855.6,-3.29,-2.41,-10.17,4,-0.01,0,0,1.35,75,126140,129340981,775364668,-12.69,66366,162.07,10,0.17,32.95,2025-12-29T09:19:02.492086282Z,164.61
96,10.9,855.6,-3.25,-2.45,-10.11,4,-0.02,0,0,1.35,70,126025,129340981,775364668,-13.02,66307,162.15,10,0.17,32.91,2025-12-29T09:19:05.749013903Z,166.79
97,10.89,855.6,-3.27,-2.52,-10.07,4,-0.02,0,0,1.35,75,126069,129340966,775364644,-13.4,66304,162.04,10,0.37,32.95,2025-12-29T09:19:08.819613153Z,176.8
97,10.98,855.6,-3.3,-2.47,-10.18,4,-0.02,0.01,0,1.42,76,126066,129340981,775364611,-12.98,66272,162.01,9,0.13,32.91,2025-12-29T09:19:11.920515366Z,158.96
95,10.9,855.9,-3.26,-2.41,-10.11,4,-0.02,0,0,1.42,76,125986,129340928,775364556,-12.8,66234,162.15,9,0.26,32.86,2025-12-29T09:19:14.963198059Z,174.34
98,10.98,856.6,-3.35,-2.49,-10.15,4,-0.01,0,0,1.15,76,125979,129340928,775364556,-13.12,66246,161.72,9,0.26,33,2025-12-29T09:19:18.031400904Z,162.03
97,10.97,856.9,-3.3,-2.43,-10.18,4,-0.01,0,0,1.15,72,126052,129340905,775364533,-12.77,66260,162.04,9,0.26,32.95,2025-12-29T09:19:21.113129009Z,-174.14
98,10.92,856.9,-3.26,-2.45,-10.13,4,-0.02,0.01,0,1.15,72,126002,129340905,775364533,-12.95,66256,162.16,9,0.26,33,2025-12-29T09:19:24.181060686Z,150.26
97,10.94,856.9,-3.3,-2.45,-10.13,4,-0.01,0,0,1.15,73,126290,129340905,775364533,-12.94,66632,161.94,9,0.26,32.95,2025-12-29T09:19:27.25545348Z,165.83
95,10.68,856.9,-4.74,-2.18,-9.33,4,-0.08,-0.08,0,1.15,76,125980,129340905,775364533,-11.79,66319,153.08,9,0.26,32.91,2025-12-29T09:19:30.37100788Z,-133.76
96,11.24,856.9,-3.18,-2.4,-10.51,4,-0.02,0.58,-0.03,1.15,79,126097,129340905,775364533,-12.34,66404,163.18,9,0.26,32.95,2025-12-29T09:19:33.39902208Z,92.14
98,10.91,856.9,-3.46,-2.54,-10.02,4,-0.01,0.04,-0.02,1.15,78,125391,129340905,775364533,-13.44,65883,160.94,9,0.26,33,2025-12-29T09:19:36.467845971Z,107.59
98,10.72,856.9,-3.28,-2.32,-9.94,4,-0.12,0.36,-0.11,1.15,71,125605,129340905,775364533,-12.52,66001,161.71,9,0.26,32.91,2025-12-29T09:19:39.558172967Z,108.19
96,11.07,856.9,-3.68,-2.63,-10.1,4,-0.02,-0.03,0.03,1.15,71,125663,129340876,775364478,-13.75,66093,159.98,9,0.28,32.95,2025-12-29T09:19:42.628453869Z,-120.34
95,10.9,856.9,-3.23,-2.46,-10.12,4,-0.02,0,0,1.15,74,125630,129340891,775364493,-13.03,66067,162.3,9,0.24,32.91,2025-12-29T09:19:45.687969659Z,176.77
98,10.94,857,-3.14,-2.38,-10.21,4,-0.01,0,0,1.13,72,125635,129340901,775364531,-12.59,66096,162.91,10,0.2,32.86,2025-12-29T09:19:48.761784621Z,160.2
98,10.86,856.9,-3.24,-2.43,-10.07,4,-0.02,0,0,1.15,77,125190,129340913,775364515,-12.92,65776,162.18,9,0,32.81,2025-12-29T09:19:51.880102461Z,166.08
97,10.62,857,-2.63,-2.21,-10.05,4,-0.1,0.41,-0.11,1.13,75,125600,129340930,775364511,-12.01,66103,165.35,10,0.19,32.91,2025-12-29T09:19:54.93803426Z,103.71
95,10.9,857.4,-3.16,-2.43,-10.14,4,-0.01,0,0,1.13,73,125472,129340878,775364570,-12.9,65861,162.7,10,0.61,33,2025-12-29T09:19:57.997780838Z,161.09
95,11.29,857.9,-2.28,-2.37,-10.8,4,-0.01,-0.2,0.1,1.13,73,125489,129340878,775364570,-12.13,66001,168.09,10,0.61,32.86,2025-12-29T09:20:01.473188238Z,-91.96
95,11.01,857.9,-3.08,-2.43,-10.29,4,0.01,-0.03,0.03,1.13,79,125339,129340878,775364570,-12.74,65931,163.32,10,0.61,33.05,2025-12-29T09:20:04.959123817Z,-59.48
96,10.9,856.4,-3.12,-2.49,-10.14,4,0.01,-0.07,0.04,1.13,72,125611,129340949,775364605,-13.21,66102,162.91,10,0.24,32.95,2025-12-29T09:20:08.65249815Z,-83.55
97,10.95,856.3,-3.17,-2.49,-10.18,4,-0.02,0,0,1.13,76,125635,129340955,775364625,-13.13,66117,162.68,10,0.24,32.91,2025-12-29T09:20:12.344601623Z,166.08
97,10.99,855.4,-3.15,-2.5,-10.23,4,-0.02,0,0,1.13,77,125607,129340998,775364596,-13.13,66094,162.87,10,0.06,32.91,2025-12-29T09:20:16.225617392Z,171.45
96,10.93,854.8,-3.17,-2.48,-10.16,4,-0.02,0,0,1.13,74,125603,129341011,775364580,-13.1,66127,162.68,10,0.07,32.91,2025-12-29T09:20:19.709937584Z,-173.77
97,11.02,854.8,-3.21,-2.38,-10.27,0,-0.01,0.01,0,1.13,70,125670,129340983,775364548,-12.46,66122,162.63,10,0.13,33,2025-12-29T09:20:23.584783074Z,137.47
96,10.93,854.6,-3.25,-2.4,-10.16,0,-0.02,0.02,0,1.13,78,125646,129340983,775364548,-12.66,66082,162.28,10,0.13,32.95,2025-12-29T09:20:27.482842761Z,134.41
97,10.91,854.5,-3.21,-2.44,-10.14,0,-0.02,0,0,1.13,76,125624,129340963,775364511,-12.93,66044,162.43,10,0.11,32.91,2025-12-29T09:20:31.411489718Z,163
95,11.01,854.5,-3.11,-2.51,-10.26,0,-0.01,0.01,0.01,1.34,79,125548,129340941,775364463,-13.16,66044,163.14,9,0.09,33,2025-12-29T09:20:35.064734964Z,157.75
98,10.96,854.5,-3.04,-2.45,-10.24,0,-0.02,0,0,1.34,72,125469,129340933,775364461,-12.94,66016,163.47,11,0.13,33,2025-12-29T09:20:38.753943977Z,167.3
98,10.97,854.5,-3.13,-2.52,-10.2,0,-0.01,0.02,0,1.34,71,125586,129340933,775364461,-13.28,66112,162.96,11,0.13,32.95,2025-12-29T09:20:42.018829173Z,133.2
96,10.96,854.4,-3.24,-2.44,-10.18,0,-0.01,0,0.01,1.19,72,125549,129340910,775364485,-12.86,66062,162.32,11,0.13,32.95,2025-12-29T09:20:45.313031113Z,178.89
96,10.96,854.4,-3.12,-2.51,-10.2,0,-0.02,0.01,0.01,1.19,70,125509,129340910,775364485,-13.23,65983,162.96,11,0.13,32.86,2025-12-29T09:20:49.18498674Z,162.97
96,10.98,854.4,-3.16,-2.48,-10.22,0,-0.02,0,0,1.19,73,125655,129340925,775364506,-13.04,66000,162.82,11,0.17,33,2025-12-29T09:20:53.072825659Z,168.22
98,11.04,854.4,-3.16,-2.37,-10.31,0,-0.02,0,0,1.19,70,125707,129340925,775364506,-12.4,66099,162.97,11,0.17,32.95,2025-12-29T09:20:56.973104869Z,-166.83
96,10.89,854.4,-3.19,-2.41,-10.13,0,-0.02,0.01,0,1.19,78,125755,129340925,775364506,-12.79,66207,162.53,11,0.17,32.95,2025-12-29T09:21:00.656293499Z,140.85
97,10.86,854.4,-3.16,-2.5,-10.08,0,-0.01,0,0.01,1.19,76,125745,129340925,775364506,-13.29,66186,162.6,11,0.17,32.95,2025-12-29T09:21:04.562398175Z,-162.06
98,10.9,854,-3.09,-2.49,-10.15,0,-0.01,0,0,1.34,75,125736,129340953,775364500,-13.23,66192,163.07,10,0.17,32.91,2025-12-29T09:21:08.026184223Z,174.18
96,10.76,854.2,-3.09,-2.46,-10.01,0,-0.02,0.04,-0.01,1.17,76,125630,129340943,775364463,-13.22,66081,162.83,11,0.24,32.86,2025-12-29T09:21:11.910800442Z,114.15
98,10.91,854.2,-3.08,-2.43,-10.18,0,-0.02,0,0,1.17,78,125618,129340943,775364463,-12.89,66078,163.18,11,0.24,32.91,2025-12-29T09:21:15.398668449Z,175.67
95,10.93,854.2,-3.11,-2.4,-10.2,0,-0.02,0,0,1.17,75,125482,129340943,775364463,-12.69,66031,163.05,11,0.24,32.91,2025-12-29T09:21:18.872367413Z,176.63
96,10.89,854.2,-3.07,-2.4,-10.17,0,-0.02,0.01,0,1.17,75,125544,129341033,775364600,-12.72,66061,163.2,11,0.22,33,2025-12-29T09:21:22.575290116Z,149.8
97,10.98,853.9,-3.13,-2.44,-10.24,0,-0.01,0,0,1.34,75,125539,129341033,775364600,-12.83,66073,162.98,11,0.22,32.95,2025-12-29T09:21:26.253895719Z,-162.07
96,10.95,853.9,-3.17,-2.48,-10.18,0,-0.01,0,0,1.34,72,125487,129341041,775364644,-13.07,66020,162.7,11,0.2,32.95,2025-12-29T09:21:29.955398773Z,162.61
98,10.95,853.9,-3.06,-2.52,-10.2,0,-0.02,0.01,0,1.34,72,125491,129341050,775364625,-13.29,66069,163.28,11,0.19,33,2025-12-29T09:21:33.419916404Z,144.13
97,10.94,854.3,-3.13,-2.45,-10.19,0,-0.02,0.01,0,1.34,79,125523,129341050,775364625,-12.94,66108,162.93,10,0.19,32.86,2025-12-29T09:21:37.309069454Z,146.4
97,10.63,854,-2.72,-2.51,-9.96,0,-0.02,-0.52,0.06,1.34,76,124790,129341088,775364615,-13.68,65549,164.76,11,0.17,33,2025-12-29T09:21:41.201380285Z,-92.05
97,11.27,854,-2.04,-2.36,-10.83,0,-0.05,-0.17,0.03,1.34,72,125211,129341126,775364630,-12.08,65849,169.35,11,1.06,33,2025-12-29T09:21:45.099927058Z,-106.72
95,10.52,854,-3.59,-2.38,-9.6,0,-0.07,0.12,-0.04,1.34,70,125421,129341126,775364630,-13.06,65900,159.5,11,1.06,32.95,2025-12-29T09:21:48.799541093Z,119.75
95,11.29,854,-2.66,-2.18,-10.75,0,-0.05,0.08,-0.01,1.34,77,125636,129341126,775364630,-11.13,66113,166.08,11,1.06,32.95,2025-12-29T09:21:52.489426877Z,124.13
97,10.99,853.6,-3.16,-2.47,-10.23,0,-0.01,0,0,1.34,70,125568,129341196,775364611,-13.01,66070,162.83,10,0.07,33,2025-12-29T09:21:55.752668855Z,179.47
97,10.96,853.5,-3.21,-2.46,-10.19,0,-0.01,0,0,1.34,77,125492,129341211,775364598,-12.98,66067,162.5,10,0.11,32.95,2025-12-29T09:21:59.019582907Z,171.95
97,10.94,853.8,-3.2,-2.42,-10.18,0,-0.02,0.01,0,1.34,72,125541,129341176,775364558,-12.77,66040,162.54,10,0.28,32.95,2025-12-29T09:22:02.502558112Z,154.12
97,10.97,853.8,-3.17,-2.44,-10.21,0,-0.02,0,0,1.34,73,125608,129341176,775364558,-12.88,66060,162.75,10,0.28,33,2025-12-29T09:22:06.009176948Z,174.72
95,10.88,853.8,-3.17,-2.44,-10.12,0,-0.02,0.01,0,1.34,73,125690,129341036,775364493,-12.97,66078,162.64,10,0.24,32.86,2025-12-29T09:22:09.260434539Z,160.23
96,10.88,855.6,-3.2,-2.5,-10.1,0,-0.01,0,0,1.03,75,125761,129340981,775364445,-13.26,66109,162.41,11,0.24,33.05,2025-12-29T09:22:12.959443873Z,-168.25
96,11.01,855.6,-3.15,-2.47,-10.26,0,-0.02,0,0,1.03,77,125748,129340980,775364425,-12.98,66088,162.94,11,0.22,32.95,2025-12-29T09:22:16.438429497Z,-174.69
95,10.99,855.6,-3.2,-2.49,-10.21,0,-0.02,0.01,0,1.03,76,125850,129340980,775364425,-13.1,66138,162.6,11,0.22,32.91,2025-12-29T09:22:20.177919576Z,156.25
97,10.93,855.7,-3.14,-2.38,-10.2,0,-0.01,0,0,1.17,73,125711,129340911,775364405,-12.58,66086,162.91,11,0.22,32.95,2025-12-29T09:22:23.819198638Z,168.49
96,10.92,855.7,-3.12,-2.44,-10.17,0,-0.02,0,0,1.17,70,125696,129340911,775364405,-12.94,66079,162.94,11,0.22,32.91,2025-12-29T09:22:27.076862581Z,169.94
98,10.95,856.6,-3.16,-2.43,-10.2,0,-0.02,0,0,1.17,79,125670,129340788,775364408,-12.8,66050,162.79,11,0.54,32.91,2025-12-29T09:22:30.408678407Z,165.45
95,10.91,856.6,-3.15,-2.42,-10.16,0,-0.02,0.01,0,1.17,73,125614,129340788,775364408,-12.79,66051,162.77,11,0.54,32.95,2025-12-29T09:22:34.040714333Z,159.33
96,11.01,856.6,-3.11,-2.43,-10.28,0,-0.02,0,0,1.17,75,125594,129340788,775364408,-12.73,66067,163.17,11,0.54,32.86,2025-12-29T09:22:37.74358862Z,172.19
95,10.91,856.6,-3.16,-2.46,-10.15,0,-0.01,0,0,1.17,73,125652,129340788,775364408,-13.02,66088,162.71,11,0.54,32.91,2025-12-29T09:22:41.419958414Z,163.25
95,10.97,856.6,-3.13,-2.39,-10.24,0,-0.01,0,0,1.17,71,125644,129340788,775364408,-12.61,66090,163,11,0.54,32.95,2025-12-29T09:22:45.098349239Z,166.96
96,10.91,856.8,-3.15,-2.43,-10.16,0,-0.02,0,0.01,1.17,72,125702,129340746,775364283,-12.86,66052,162.77,10,0.2,32.91,2025-12-29T09:22:48.585266782Z,171
98,11.3,856.8,-2.68,-2.38,-10.72,0,0.03,-0.04,0.03,1.17,72,125631,129340746,775364283,-12.18,66030,165.95,10,0.2,33,2025-12-29T09:22:51.661644319Z,-55.47
96,11.03,856.8,-3.15,-2.48,-10.28,0,-0.02,0.01,0,1.17,77,125670,129340690,775364253,-12.98,66019,162.97,10,0.39,32.95,2025-12-29T09:22:55.350137217Z,162.43
98,10.98,857.8,-3.12,-2.47,-10.24,0,-0.01,0,0,1.17,73,125565,129340706,775364245,-12.99,65999,163.06,11,0.39,33,2025-12-29T09:22:58.839749085Z,162.03
95,10.91,857.8,-3.14,-2.39,-10.17,0,-0.01,0,0,1.17,72,125685,129340676,775364223,-12.68,66077,162.82,11,0.5,32.91,2025-12-29T09:23:02.306066969Z,176.51
96,10.9,858.1,-3.09,-2.39,-10.18,0,-0.02,0,0,1.17,71,125669,129340695,775364220,-12.65,66084,163.14,11,0.3,33.05,2025-12-29T09:23:05.792663035Z,168.5
98,10.94,858.1,-3.17,-2.43,-10.19,0,-0.01,0,0.01,1.17,74,125704,129340695,775364220,-12.83,66055,162.69,11,0.3,32.91,2025-12-29T09:23:09.270054637Z,169.84
97,10.86,858.1,-3.12,-2.45,-10.11,0,-0.02,0,0,1.17,78,125717,129340695,775364220,-13.03,66091,162.85,11,0.3,33,2025-12-29T09:23:13.16770224Z,170.54
96,11.03,859.7,-3.13,-2.42,-10.29,0,-0.01,0,0,1.17,76,125627,129340650,775364196,-12.68,66040,163.07,11,0.3,32.95,2025-12-29T09:23:17.067028335Z,-177.82
97,10.9,859.7,-3.16,-2.43,-10.15,0,-0.02,0,0,1.17,71,125580,129340650,775364196,-12.87,66045,162.69,11,0.3,33.05,2025-12-29T09:23:20.959430387Z,163.61
97,10.99,859.7,-3.19,-2.44,-10.23,0,-0.01,0.01,0,1.17,74,125577,129340650,775364196,-12.81,66080,162.66,11,0.3,32.95,2025-12-29T09:23:24.615023427Z,155.89
97,10.93,859.7,-3.14,-2.43,-10.18,0,-0.01,0.01,0,1.17,77,125529,129340650,775364196,-12.87,66024,162.86,11,0.3,33,2025-12-29T09:23:28.047894681Z,145.58
95,10.93,856.9,-3.1,-2.45,-10.19,0,-0.02,0.01,0,1.08,76,125578,129340654,775364155,-12.95,66018,163.1,10,0.15,33.09,2025-12-29T09:23:31.843155665Z,147.42
97,10.94,856.9,-3.05,-2.42,-10.22,0,-0.01,0.01,0,1.08,70,125549,129340654,775364155,-12.77,66013,163.37,10,0.15,33.05,2025-12-29T09:23:35.279596031Z,156.46
97,10.94,856.9,-3.07,-2.4,-10.22,0,-0.02,0,0,1.08,79,125569,129340654,775364155,-12.67,66032,163.3,10,0.15,32.95,2025-12-29T09:23:38.975404662Z,177.23
98,10.96,856.9,-3.16,-2.48,-10.2,0,-0.02,0.01,0,1.08,77,125960,129340716,775364203,-13.09,66543,162.81,10,0.02,32.95,2025-12-29T09:23:42.66005978Z,159.73
98,10.6,853.2,-5.23,-2,-9,0,-0.05,-0.14,-0.01,1.08,75,125717,129340686,775364210,-10.86,66098,149.81,10,0.02,32.95,2025-12-29T09:23:46.152996568Z,-110.98
96,10.97,852.6,-3.41,-2.46,-10.13,0,-0.02,0,0,1.08,78,125012,129340663,775364225,-12.94,65842,161.38,10,0.22,32.91,2025-12-29T09:23:49.718510413Z,167.75
95,11.23,852.6,-0.72,-2.31,-10.97,0,-0.04,-0.06,-0.05,1.08,76,126254,129340663,775364225,-11.89,66499,176.26,10,0.22,32.95,2025-12-29T09:23:53.096708702Z,-127.39
95,11.06,854,-1.13,-2.47,-10.72,0,-0.02,0,0,1.08,71,126245,129340603,775364235,-12.91,66477,173.98,10,0.67,33,2025-12-29T09:23:56.37633898Z,169.73
98,11.12,854,-1.09,-2.4,-10.8,0,-0.02,0,0,1.08,78,126244,129340603,775364235,-12.47,66411,174.22,10,0.67,32.91,2025-12-29T09:24:00.318194798Z,166.53
98,11.14,854,-1.08,-2.41,-10.82,0,-0.02,0,0,1.08,71,126262,129340661,775364255,-12.49,66405,174.28,10,0.3,33,2025-12-29T09:24:03.74911069Z,-174.93
95,11.16,854,-1.03,-2.4,-10.85,0,-0.01,0,0,1.08,78,126166,129340723,775364193,-12.42,66380,174.57,10,0.7,33,2025-12-29T09:24:07.440688384Z,168.58
96,11.11,855.5,-1.05,-2.39,-10.8,0,-0.01,-0.01,0.01,1.08,78,126123,129340746,775364163,-12.44,66329,174.43,10,0.7,33,2025-12-29T09:24:10.702785441Z,-147.21
96,11.08,855.5,-1.08,-2.45,-10.75,0,-0.02,0,0,1.08,78,126131,129340746,775364163,-12.76,66401,174.25,10,0.7,32.95,2025-12-29T09:24:14.397530239Z,166.57
96,11.22,855.5,-1.17,-2.43,-10.89,0,-0.02,0,0,1.08,77,126300,129340746,775364163,-12.49,66800,173.89,10,0.7,32.91,2025-12-29T09:24:18.074755275Z,180
96,10.85,856.3,-4.45,-2.19,-9.64,0,-0.36,0.13,-0.12,1.08,78,126575,129340826,775364213,-11.67,66926,155.23,10,1.09,32.95,2025-12-29T09:24:21.786326149Z,160.34
98,12.16,856.3,-4.6,-2.62,-10.94,0,-0.17,-0.94,0.06,1.08,77,126438,129340826,775364213,-12.45,66743,157.18,10,1.09,32.91,2025-12-29T09:24:25.475847725Z,-100.34
96,10.72,856.3,-2.53,-2.37,-10.14,0,0.09,-0.41,0.05,1.08,75,126204,129340826,775364213,-12.75,66519,165.99,10,1.09,32.95,2025-12-29T09:24:28.729097959Z,-78.03
98,10.87,855.2,-2.66,-2.28,-10.29,0,-0.01,0.01,0,1.08,72,126137,129340841,775363980,-12.1,66426,165.5,10,0.28,32.95,2025-12-29T09:24:32.003211998Z,156.94
98,11,854.8,-2.7,-2.31,-10.41,0,-0.01,0,0,1.08,75,125974,129340841,775363980,-12.11,66367,165.49,10,0.28,32.95,2025-12-29T09:24:35.066776188Z,170.71
98,10.95,854.8,-2.7,-2.29,-10.37,0,-0.02,0,0,1.08,77,125968,129340841,775363980,-12.06,66330,165.42,10,0.28,32.95,2025-12-29T09:24:38.136329951Z,167.57
98,10.93,854.8,-2.58,-2.29,-10.37,0,-0.01,0.01,0.01,1.08,70,125942,129340841,775363980,-12.12,66278,166.04,10,0.28,32.95,2025-12-29T09:24:41.415075171Z,152.81
97,11.01,854.8,-2.6,-2.29,-10.45,0,-0.02,0,0,1.08,77,125864,129340841,775363980,-11.98,66274,166.04,10,0.28,33.05,2025-12-29T09:24:44.486195208Z,176.89
95,10.9,854.8,-2.55,-2.27,-10.35,0,-0.02,-0.02,0.01,1.08,74,125875,129340841,775363980,-12.05,66265,166.17,10,0.28,33,2025-12-29T09:24:47.564278069Z,-135
96,11.01,854.8,-2.63,-2.26,-10.45,0,-0.01,0,0.01,1.08,73,125858,129340898,775363910,-11.85,66270,165.88,10,0.31,33.05,2025-12-29T09:24:50.64501456Z,169.99
97,10.9,854.8,-2.57,-2.29,-10.34,0,-0.02,0,0,1.08,76,125818,129340911,775363953,-12.11,66246,166.03,10,0.37,32.95,2025-12-29T09:24:53.704121289Z,168.98
97,11.07,855.8,-2.63,-2.29,-10.5,0,-0.02,0.01,0,1.08,76,125849,129340911,775364010,-11.94,66255,165.92,10,0.28,33.05,2025-12-29T09:24:56.776185539Z,159.71
98,10.95,857.2,-2.58,-2.29,-10.39,0,-0.01,0,0,1.08,73,125868,129340916,775364096,-12.07,66255,166.06,10,0.89,33,2025-12-29T09:24:59.854611401Z,161.75
96,11.04,857.3,-2.68,-2.32,-10.46,0,-0.02,0.02,0.01,1.3,72,125777,129340941,775364111,-12.11,66217,165.63,9,0.72,33,2025-12-29T09:25:02.936753937Z,137.75
95,10.99,857.4,-2.58,-2.31,-10.43,0,-0.02,0.01,0,1.3,71,125687,129340951,775364113,-12.13,66312,166.1,9,0.83,32.91,2025-12-29T09:25:05.989690641Z,158.87
98,10.98,855.8,-2.35,-2.33,-10.47,0,-0.01,0.03,0,1.3,73,125332,129340971,775364178,-12.27,65999,167.36,9,0.83,33.05,2025-12-29T09:25:09.084680118Z,101.56
96,10.99,855.8,-2.41,-2.3,-10.47,0,-0.02,-0.01,0.01,1.3,72,125569,129340971,775364178,-12.06,66072,167.03,9,0.83,32.95,2025-12-29T09:25:12.134131649Z,-146.51
97,11.02,855.8,-2.43,-2.35,-10.49,0,-0.02,0,0,1.3,71,125662,129340971,775364178,-12.32,66081,166.96,9,0.83,33,2025-12-29T09:25:15.211262691Z,165.34
97,10.98,855.8,-2.43,-2.29,-10.46,0,-0.02,0.01,0,1.3,70,125622,129340971,775364178,-12.06,66055,166.94,9,0.83,33.05,2025-12-29T09:25:18.291054053Z,154.3
96,11.06,855.8,-2.42,-2.31,-10.54,0,-0.01,0,0,1.3,76,125681,129340971,775364178,-12.06,66094,167.09,9,0.83,33,2025-12-29T09:25:21.351719341Z,171.65
95,10.99,855.8,-2.44,-2.35,-10.45,0,-0.02,0,0,1.3,76,125544,129340971,775364178,-12.34,66112,166.86,9,0.83,32.95,2025-12-29T09:25:24.502538898Z,173.93
98,11.05,855.8,-2.53,-2.29,-10.51,0,-0.02,0.01,-0.01,1.3,79,126885,129340971,775364178,-11.95,67254,166.45,9,0.83,32.91,2025-12-29T09:25:27.503496272Z,156.49
98,11.29,855.8,-4.02,-2.39,-10.28,0,-0.15,-0.49,0.03,1.3,71,126887,129340971,775364178,-12.22,67157,158.66,9,0.83,32.91,2025-12-29T09:25:30.616169245Z,-107.03
96,11.13,855.8,-3.72,-2.33,-10.23,37,-0.06,-0.24,0.02,1.3,76,126439,129341195,775364336,-12.07,66760,160.01,9,0.26,33,2025-12-29T09:25:33.652559385Z,-104.69
98,10.89,855.8,-3.09,-2.23,-10.2,37,-0.02,0,0,1.3,73,126235,129341271,775364306,-11.8,66701,163.17,9,0.3,33,2025-12-29T09:25:36.915492119Z,169.89
95,10.92,842.8,-3.06,-2.21,-10.24,37,-0.01,0,0,1.3,77,126271,129341308,775364370,-11.68,66703,163.38,9,0.24,33,2025-12-29T09:25:40.421696263Z,176.91
95,10.92,840.8,-3.12,-2.22,-10.23,37,-0.02,0,0,1.3,72,126130,129341355,775364393,-11.74,66641,163.03,9,0.24,32.95,2025-12-29T09:25:43.694828627Z,166.08
96,10.96,840.8,-3.03,-2.21,-10.3,37,-0.02,0,0,1.3,70,126294,129341355,775364393,-11.64,66624,163.63,9,0.24,33.05,2025-12-29T09:25:46.743055982Z,-168.25
96,11,839,-3.08,-2.24,-10.31,37,-0.01,0,0,1.3,78,126543,129341393,775364430,-11.73,66698,163.35,10,0.2,33,2025-12-29T09:25:49.823584581Z,163.78
96,11,839.1,-3.04,-2.2,-10.34,37,-0.01,0,0,1.08,77,126663,129341405,775364446,-11.54,66845,163.63,10,0.2,32.91,2025-12-29T09:25:52.893241611Z,-171.37
97,10.92,838.3,-3.05,-2.19,-10.25,37,-0.02,-0.09,0.01,1.08,73,127070,129341371,775364513,-11.58,67152,163.44,10,0.28,33.05,2025-12-29T09:25:55.963448876Z,-101.76
97,10.46,837.1,-3.71,-2.07,-9.56,37,0.22,0.42,0.01,1.08,79,127119,129341371,775364513,-11.41,67270,158.79,10,0.28,33.05,2025-12-29T09:25:59.047313995Z,61.73
97,10.79,838,-4.49,-2.01,-9.6,37,0.1,0.41,0,1.3,71,126541,129341371,775364508,-10.75,66787,154.95,9,0.28,33.09,2025-12-29T09:26:02.104905273Z,76.09
98,10.93,838,-3.34,-2.11,-10.19,37,-0.01,0,0,1.3,78,126395,129341371,775364508,-11.14,66697,161.82,9,0.28,33.09,2025-12-29T09:26:05.182146456Z,-170.2
96,10.9,838,-3.39,-2.3,-10.1,37,-0.01,0.01,0,1.3,71,126260,129341371,775364508,-12.18,66635,161.43,9,0.28,33.05,2025-12-29T09:26:08.252551175Z,142.54
97,11,838,-3.36,-2.17,-10.25,37,-0.02,0,0,1.3,79,126698,129341371,775364508,-11.4,66963,161.87,9,0.28,33,2025-12-29T09:26:11.354826094Z,168.31
96,11.2,838,-4.06,-2.3,-10.18,37,-0.16,-0.43,0.03,1.3,72,126256,129341371,775364508,-11.83,66620,158.27,9,0.28,33,2025-12-29T09:26:14.395159755Z,-110.43
95,11.03,838,-3.3,-2.21,-10.29,37,-0.02,0.01,0,1.3,73,126224,129341371,775364508,-11.58,66645,162.23,9,0.28,32.95,2025-12-29T09:26:17.549406069Z,162.54
95,10.94,838,-3.19,-2.17,-10.23,37,-0.02,0,0.01,1.3,76,126166,129341371,775364508,-11.45,66631,162.67,9,0.28,33.05,2025-12-29T09:26:20.634238542Z,167.81
96,10.92,838,-3.24,-2.13,-10.21,37,-0.01,0,0,1.3,78,126217,129341301,775364523,-11.25,66653,162.41,9,0.94,33.09,2025-12-29T09:26:23.814517772Z,-171.38
97,10.97,838,-3.24,-2.24,-10.24,37,-0.01,0.01,0,1.3,74,126332,129341283,775364560,-11.8,66670,162.45,9,0.39,33,2025-12-29T09:26:26.886877781Z,154.06
96,10.98,845.8,-3.23,-2.19,-10.26,37,-0.01,0,0.01,1.02,72,126190,129341275,775364555,-11.51,66584,162.52,11,0.26,33,2025-12-29T09:26:29.963242962Z,175.8
97,10.99,846.3,-3.27,-2.17,-10.27,37,-0.01,0,0,1.02,75,126193,129341273,775364566,-11.4,66589,162.32,11,0.26,33.05,2025-12-29T09:26:33.038507962Z,178.64
97,10.94,846.9,-3.26,-2.2,-10.21,37,-0.01,0,0,1.02,76,126245,129341276,775364561,-11.57,66610,162.29,11,0.26,33,2025-12-29T09:26:36.108981925Z,163.19
97,10.97,846.9,-3.28,-2.23,-10.23,37,-0.02,0.01,0,1.02,79,126237,129341276,775364561,-11.75,66632,162.24,11,0.26,33.09,2025-12-29T09:26:39.383348221Z,155.72
98,10.92,846.9,-3.24,-2.21,-10.19,37,-0.02,0.01,0,1.02,73,126138,129341276,775364561,-11.68,66576,162.36,11,0.26,32.95,2025-12-29T09:26:42.450909452Z,160.46
96,10.93,846.9,-3.25,-2.15,-10.21,37,-0.02,0.01,0,1.02,73,126006,129341276,775364561,-11.37,66464,162.34,11,0.26,33.05,2025-12-29T09:26:45.536224032Z,147.29
98,10.93,846.9,-3.29,-2.17,-10.19,37,-0.02,0,0,1.02,70,126067,129341276,775364561,-11.46,66466,162.08,11,0.26,33,2025-12-29T09:26:48.609040121Z,166.18
95,10.99,846.9,-3.2,-2.21,-10.27,37,-0.02,0,0,1.02,78,125874,129341168,775364668,-11.61,66397,162.69,11,0.09,33,2025-12-29T09:26:51.670747399Z,167.6
95,10.93,849.2,-3.18,-2.17,-10.23,37,-0.02,0.01,0,1.17,78,126001,129341175,775364638,-11.47,66459,162.73,10,0.56,33.05,2025-12-29T09:26:54.751366534Z,159.9
98,11,850.1,-3.21,-2.16,-10.3,37,-0.02,0,0.01,1.02,76,126051,129341173,775364618,-11.35,66475,162.71,11,0.06,33.05,2025-12-29T09:26:57.823815954Z,173.94
98,10.93,850.9,-3.24,-2.25,-10.19,37,-0.02,0.01,0,1.02,72,125983,129341186,775364616,-11.86,66492,162.36,11,0.26,32.95,2025-12-29T09:27:00.903559936Z,154.73
97,10.92,851.9,-3.25,-2.18,-10.2,37,-0.02,0.01,0,1.02,70,126004,129341205,775364543,-11.49,66470,162.34,11,0.5,33,2025-12-29T09:27:03.959581997Z,155.62
95,10.91,851.9,-3.21,-2.21,-10.19,37,-0.02,0,0,1.26,76,126005,129341205,775364543,-11.7,66468,162.52,9,0.5,33,2025-12-29T09:27:07.039603997Z,167.81
98,10.99,852.1,-3.22,-2.18,-10.28,37,-0.02,0,0,1.02,72,125957,129341216,775364515,-11.45,66458,162.59,11,0.5,33.09,2025-12-29T09:27:10.171693701Z,171.25
95,10.97,852.1,-3.23,-2.21,-10.25,37,-0.01,0,0,1.02,77,125979,129341216,775364515,-11.63,66488,162.51,11,0.5,33.14,2025-12-29T09:27:13.174592036Z,163.78
96,10.98,852.1,-3.2,-2.21,-10.27,37,-0.02,0,0,1.02,70,125940,129341216,775364515,-11.58,66498,162.67,11,0.5,32.91,2025-12-29T09:27:16.253913576Z,177.16
96,10.93,852.1,-3.18,-2.22,-10.22,37,-0.02,0,0,1.02,79,125926,129341216,775364515,-11.71,66484,162.7,11,0.5,33.05,2025-12-29T09:27:19.520382592Z,172.26
96,10.91,852.1,-3.23,-2.17,-10.19,37,-0.02,0,0,1.02,71,126018,129341216,775364515,-11.48,66501,162.41,11,0.5,33,2025-12-29T09:27:22.598001189Z,166.07
97,10.89,852.1,-3.17,-2.19,-10.19,37,-0.02,0,0,1.02,72,126047,129341275,775364425,-11.59,66506,162.73,11,0.13,33,2025-12-29T09:27:25.663371993Z,164.59
98,10.87,850,-3.17,-2.17,-10.17,37,-0.02,0.01,0,1.21,76,126044,129341271,775364431,-11.52,66519,162.69,11,0.54,33.05,2025-12-29T09:27:28.741489541Z,152.32
95,10.91,849.8,-3.16,-2.15,-10.22,37,-0.01,0,0,1.21,74,126230,129341280,775364431,-11.38,66576,162.84,11,0.06,33,2025-12-29T09:27:31.854738378Z,-164.26
96,10.94,850,-3.22,-2.22,-10.22,37,-0.02,0,0,1.21,79,126136,129341288,775364430,-11.7,66506,162.53,11,0.26,33.09,2025-12-29T09:27:35.088254734Z,173.05
97,10.94,849.1,-3.21,-2.14,-10.24,37,-0.02,0,0,1.21,74,126103,129341311,775364435,-11.27,66498,162.62,11,0.35,33,2025-12-29T09:27:38.369876372Z,180
95,10.89,849.1,-3.25,-2.18,-10.16,37,-0.02,0,0,1.21,76,126073,129341311,775364435,-11.53,66510,162.26,11,0.35,33,2025-12-29T09:27:42.227080192Z,170.23
97,10.92,849.1,-3.19,-2.22,-10.2,37,-0.02,0.01,0,1.21,71,125963,129341311,775364435,-11.74,66480,162.65,11,0.35,33.05,2025-12-29T09:27:45.550075568Z,141.86
98,10.89,849.1,-3.24,-2.13,-10.18,37,-0.02,0,0,1.21,73,126516,129341311,775364435,-11.29,66938,162.34,11,0.35,33.09,2025-12-29T09:27:49.427700048Z,169.16
95,10.9,849.1,-3.99,-1.82,-9.98,37,-0.17,0,-0.02,1.21,75,126167,129341311,775364435,-9.59,66525,158.21,11,0.35,33,2025-12-29T09:27:52.909379805Z,178.86
96,10.93,845.8,-3.28,-2.21,-10.19,37,-0.03,-0.1,0.02,1.22,70,126240,129341360,775364488,-11.69,66512,162.19,11,0.41,33.05,2025-12-29T09:27:56.621308174Z,-105.96
96,10.93,845.8,-3.3,-2.18,-10.19,37,-0.01,0,0,1.22,79,126199,129341360,775364488,-11.51,66517,162.08,11,0.41,33.09,2025-12-29T09:28:00.165885051Z,168.58
96,10.95,844.2,-3.37,-2.19,-10.19,37,-0.02,0.01,0,1.22,77,126166,129341401,775364390,-11.54,66517,161.7,11,0.46,32.95,2025-12-29T09:28:03.569774411Z,155.14
95,10.95,844.2,-3.34,-2.2,-10.2,37,-0.02,0,0.01,1.22,79,126163,129341401,775364390,-11.59,66532,161.89,11,0.46,33.05,2025-12-29T09:28:07.038164574Z,-177.3
96,10.94,844.1,-3.3,-2.16,-10.2,37,-0.02,0,0,1.18,76,126103,129341385,775364318,-11.41,66460,162.09,11,0.41,33.05,2025-12-29T09:28:11.088958762Z,-171.74
95,10.96,844.1,-3.39,-2.24,-10.18,37,-0.01,0,0,1.18,79,125925,129341385,775364318,-11.78,66388,161.56,11,0.41,33,2025-12-29T09:28:14.428516414Z,165.43
98,10.93,844.1,-3.3,-2.23,-10.18,37,0,0.03,0,1.18,79,125589,129341385,775364318,-11.78,66285,162.02,11,0.41,33.14,2025-12-29T09:28:18.323662881Z,95.45
98,10.99,844.5,-2.88,-2.21,-10.38,37,-0.01,0,0,1.22,70,125601,129341350,775364315,-11.59,66248,164.5,11,0.3,33.05,2025-12-29T09:28:21.589514257Z,171.5
98,10.97,844.5,-2.95,-2.26,-10.32,37,-0.01,0,0,1.22,71,125659,129341350,775364315,-11.88,66297,164.02,11,0.3,33,2025-12-29T09:28:25.080741075Z,-177.88
96,10.92,844.6,-2.9,-2.22,-10.29,37,-0.01,0,0,1.22,76,125578,129341305,775364400,-11.74,66264,164.28,11,0.57,33.05,2025-12-29T09:28:28.340778762Z,160.35
97,11,844.6,-2.85,-2.22,-10.39,37,-0.02,0.01,0,1.22,70,125460,129341305,775364400,-11.64,66251,164.67,11,0.57,33.05,2025-12-29T09:28:31.41592534Z,159.98
98,10.96,844.6,-2.88,-2.1,-10.37,37,-0.02,0.01,0,1.22,76,125694,129341305,775364400,-11.06,66314,164.5,11,0.57,33,2025-12-29T09:28:34.898032071Z,152.06
95,10.99,844.6,-2.92,-2.13,-10.38,37,-0.02,0,0,1.22,78,125929,129341305,775364400,-11.18,66340,164.29,11,0.57,33.05,2025-12-29T09:28:37.965723203Z,168.61
98,10.96,846.5,-2.85,-2.15,-10.36,37,-0.01,0,0,1.22,78,125751,129341328,775364243,-11.34,66271,164.63,11,0.57,33.05,2025-12-29T09:28:41.661114955Z,168.49
98,10.92,846,-2.9,-2.17,-10.31,37,-0.02,0,0,1.22,76,125996,129341366,775364196,-11.48,66445,164.3,11,0.57,33,2025-12-29T09:28:45.134964245Z,-177.47
97,10.85,844.7,-3.13,-2.15,-10.16,0,-0.01,0,0,1.22,78,125957,129341420,775364128,-11.42,66483,162.86,11,0.61,33.05,2025-12-29T09:28:48.61907952Z,173.22
96,10.93,844.7,-3.21,-2.19,-10.22,0,-0.02,0.01,0,1.22,79,125947,129341420,775364128,-11.55,66474,162.57,11,0.61,33,2025-12-29T09:28:52.518495502Z,151.73
98,10.87,845.7,-3.22,-2.18,-10.15,0,-0.02,0,0,1.22,70,125900,129341373,775364086,-11.59,66442,162.38,11,0.17,33.09,2025-12-29T09:28:56.207427582Z,-178.49
96,10.95,845.8,-3.27,-2.16,-10.23,0,-0.02,0.01,0.01,1.23,79,125898,129341356,775364108,-11.36,66451,162.27,11,0.37,33,2025-12-29T09:28:59.909113214Z,158.2
97,11.05,845.8,-3.26,-2.15,-10.34,0,-0.01,0,0,1.23,72,125920,129341356,775364108,-11.22,66455,162.48,11,0.37,33,2025-12-29T09:29:03.23879575Z,-173.22
98,10.9,845.8,-3.16,-2.16,-10.2,0,-0.02,0.01,0,1.23,72,125823,129341356,775364108,-11.44,66395,162.78,11,0.37,33.09,2025-12-29T09:29:06.441579883Z,147.09
97,10.85,845.8,-3.23,-2.18,-10.12,0,-0.01,0,0,1.23,75,125920,129341356,775364108,-11.59,66435,162.28,11,0.37,33.05,2025-12-29T09:29:09.718409263Z,173.09
97,10.98,845.8,-3.25,-2.18,-10.26,0,-0.02,0,0,1.23,76,125491,129341356,775364108,-11.43,66976,162.4,11,0.37,33.09,2025-12-29T09:29:13.009160184Z,173.66
96,11.01,846.6,-0.4,-1.05,-10.95,0,0.01,0.03,0.02,1.19,79,125280,129341368,775364131,-5.45,66938,177.93,11,0.37,33.05,2025-12-29T09:29:16.275620423Z,63.43
96,10.11,846.6,-7.4,1.06,-6.8,0,-0.02,-0.01,0.01,1.19,78,125221,129341368,775364131,6.04,66905,132.62,11,0.37,33.05,2025-12-29T09:29:19.756725353Z,-141.8
96,10.1,846.6,-7.45,0.96,-6.75,0,-0.02,0,0.01,1.19,77,125090,129341368,775364131,5.46,66818,132.15,11,0.37,33.05,2025-12-29T09:29:23.426510672Z,-170.68
97,10.04,842.4,-7.39,0.89,-6.73,7732.18,-0.02,0.01,0.01,1.2,75,124915,129341338,775364301,5.06,66822,132.32,11,0.74,33,2025-12-29T09:29:26.711715243Z,151.17
95,10.18,842.4,-7.49,0.87,-6.84,7732.18,-0.02,0,0.01,1.2,71,124911,129341338,775364301,4.92,66802,132.41,11,0.74,33,2025-12-29T09:29:30.459467846Z,166.56
97,10.16,843.7,-7.45,0.88,-6.85,7732.18,-0.02,0.01,0.01,1.2,72,124804,129341303,775364215,4.99,66845,132.59,11,0.74,33.05,2025-12-29T09:29:33.684202476Z,155.66
98,10.17,843.7,-7.43,0.93,-6.87,7732.18,-0.02,0,0.01,1.2,79,124810,129341303,775364215,5.23,66882,132.75,11,0.74,33.09,2025-12-29T09:29:37.376376409Z,170.32
96,10.11,845.6,-7.44,0.91,-6.78,0,-0.02,0,0.01,1.2,70,124816,129341301,775364156,5.15,66863,132.37,11,1.39,32.91,2025-12-29T09:29:40.864477613Z,172.16
95,10.07,846.1,-7.44,0.83,-6.74,0,-0.02,0,0.01,1.2,76,124747,129341306,775364181,4.7,66918,132.21,11,0.37,33.05,2025-12-29T09:29:44.324962341Z,-175.63
96,10.01,846.1,-7.41,0.85,-6.67,0,-0.01,0,0,1.2,78,124756,129341306,775364181,4.89,66885,131.97,11,0.37,33.14,2025-12-29T09:29:47.919311989Z,174.7
95,10.06,846.1,-7.42,0.83,-6.74,0,-0.02,0,0.01,1.2,79,124760,129341288,775364281,4.75,66929,132.22,11,0.33,33.09,2025-12-29T09:29:51.699034877Z,-178.68
95,10.04,846.1,-7.4,0.81,-6.73,0,-0.01,0.01,0,1.2,78,124501,129341288,775364281,4.61,66745,132.3,11,0.33,33.05,2025-12-29T09:29:55.593420335Z,154.11
95,10.1,848.7,-7.41,0.83,-6.82,0,-0.02,0,0,1.2,73,124639,129341281,775364286,4.69,66862,132.65,11,0.33,33.05,2025-12-29T09:29:59.48698139Z,-178.77
95,10.12,849.4,-7.43,0.87,-6.82,0,-0.02,0,0.01,1.2,74,124687,129341250,775364320,4.94,66897,132.55,11,0.11,33.05,2025-12-29T09:30:03.189051445Z,169.99
98,10.09,850,-7.42,0.8,-6.79,0,-0.02,0.01,0.01,1.2,75,124665,129341223,775364373,4.57,66958,132.45,11,0.09,33,2025-12-29T09:30:06.651809836Z,162.01
96,10.14,850,-7.43,0.8,-6.86,0,-0.02,0,0.01,1.2,71,124578,129341223,775364373,4.54,66842,132.71,11,0.09,33.05,2025-12-29T09:30:10.206906016Z,177.51
96,10.15,851.4,-7.39,0.85,-6.9,0,-0.03,-0.02,0.02,1.2,70,124487,129341203,775364353,4.8,66954,133.06,11,0.24,33.05,2025-12-29T09:30:13.197081028Z,-146.78
95,10.04,851.4,-7.3,0.8,-6.85,0,-0.02,0,0.02,1.2,70,124559,129341203,775364353,4.55,66936,133.15,11,0.24,33,2025-12-29T09:30:16.260343624Z,168.14
97,10.1,851.4,-7.38,0.76,-6.85,0,-0.01,0,0,1.2,77,124591,129341203,775364353,4.3,66918,132.87,11,0.24,33.14,2025-12-29T09:30:19.346474599Z,169.24
97,10.13,851.4,-7.45,0.79,-6.82,0,-0.02,0,0.01,1.2,72,124555,129341203,775364353,4.47,66884,132.46,11,0.24,33.09,2025-12-29T09:30:22.419337008Z,169.73
96,10.16,851.4,-7.46,0.83,-6.85,0,-0.01,0.01,0.01,1.2,79,124529,129341203,775364353,4.69,66872,132.56,11,0.24,33.05,2025-12-29T09:30:25.696903301Z,139.45
98,10.06,851.4,-7.35,0.86,-6.81,0,-0.02,0,0.01,1.2,79,124527,129341203,775364353,4.93,66911,132.82,11,0.24,33,2025-12-29T09:30:28.986624517Z,175.14
97,10.11,849.8,-7.43,0.87,-6.81,0,-0.02,0,0.01,1.21,75,124381,129341143,775364368,4.92,66868,132.52,11,0.69,33,2025-12-29T09:30:32.039656675Z,171.67
97,10.11,849.8,-7.39,0.75,-6.85,0,-0.02,0,0.01,1.21,72,124336,129341143,775364368,4.25,66920,132.82,11,0.69,33.09,2025-12-29T09:30:35.312895199Z,167.63
96,10.07,849.8,-7.34,0.82,-6.85,0,-0.01,0.01,-0.01,1.21,70,124496,129341143,775364368,4.69,66974,133.05,11,0.69,33.09,2025-12-29T09:30:38.389567218Z,153.66
98,10.1,849.8,-7.42,0.77,-6.81,0,-0.02,0.01,0.01,1.21,73,124534,129341143,775364368,4.39,67022,132.55,11,0.69,33.09,2025-12-29T09:30:41.477043121Z,158.13
98,10.1,849.8,-7.41,0.75,-6.83,0,-0.02,0.01,0,1.21,79,124477,129341143,775364368,4.28,67055,132.66,11,0.69,33.05,2025-12-29T09:30:44.522925264Z,162.12
96,10.14,849.8,-7.46,0.69,-6.83,0,-0.01,0.02,0,1.21,75,124730,129341143,775364368,3.9,67087,132.49,11,0.69,33,2025-12-29T09:30:47.607793605Z,117.32
98,10.15,849.8,-7.41,0.8,-6.88,11,-0.02,0,0.01,1.21,78,124684,129341095,775364458,4.51,67120,132.88,11,0.24,32.95,2025-12-29T09:30:50.673541099Z,166.69
97,10.15,848.6,-7.42,0.82,-6.88,11,-0.01,0.01,0,1.21,79,124548,129341100,775364478,4.65,67067,132.85,11,0.31,33.05,2025-12-29T09:30:53.744071356Z,144.07
98,10.05,848.3,-7.36,0.78,-6.79,11,-0.01,0,0.01,1.21,78,124539,129341101,775364516,4.43,67067,132.69,11,0.2,33.05,2025-12-29T09:30:56.817213869Z,-161.88
98,10.16,847.7,-7.45,0.77,-6.87,11,-0.01,0,0.01,1.21,77,124467,129341110,775364568,4.37,67013,132.69,11,0.06,33.09,2025-12-29T09:30:59.896702723Z,164.51
97,10.16,847.3,-7.44,0.79,-6.87,11,-0.02,0,0,1.21,74,124318,129341115,775364611,4.43,66924,132.73,11,0.06,33.09,2025-12-29T09:31:02.971086869Z,167.52
95,10.12,846.9,-7.42,0.77,-6.83,11,-0.02,0.01,0.01,1.22,70,124436,129341115,775364611,4.37,66990,132.62,11,0.06,33.09,2025-12-29T09:31:06.033130545Z,149.4
95,10.15,846.2,-7.38,0.8,-6.93,11,-0.01,0.01,0.01,1.22,73,124333,129341138,775364626,4.53,66948,133.19,11,0.06,33.09,2025-12-29T09:31:09.115164949Z,145.19
98,10.14,846.2,-7.41,0.73,-6.88,11,-0.02,0,0.01,1.22,73,124140,129341138,775364626,4.13,66759,132.9,11,0.06,33.09,2025-12-29T09:31:12.177627317Z,169.7
96,10.08,846.2,-7.38,0.77,-6.82,11,-0.02,0,0.01,1.22,76,124214,129341138,775364626,4.4,66870,132.77,11,0.06,33.05,2025-12-29T09:31:15.245927559Z,-170.54
97,10.17,846.2,-7.49,0.76,-6.83,11,-0.02,0,0.01,1.22,75,124221,129341138,775364626,4.29,66914,132.34,11,0.06,33,2025-12-29T09:31:18.33788325Z,167.1
96,10.06,846.2,-7.42,0.77,-6.75,11,-0.02,0.01,0,1.22,78,124374,129341138,775364626,4.38,66936,132.3,11,0.06,33.05,2025-12-29T09:31:21.796654582Z,149.53
97,10.08,846.2,-7.45,0.78,-6.74,11,-0.01,0,0.01,1.22,76,124357,129341138,775364626,4.41,66963,132.14,11,0.06,33.05,2025-12-29T09:31:24.870230689Z,-170.2
96,10.09,844.9,-7.44,0.84,-6.77,11,-0.02,-0.01,0.02,1.03,78,124261,129341186,775364458,4.75,66910,132.27,11,0.44,33.05,2025-12-29T09:31:28.168000868Z,-160.67
95,10.1,844.5,-7.42,0.85,-6.8,11,-0.02,0,0.01,1.22,70,124378,129341185,775364456,4.8,67069,132.53,11,0.09,33.09,2025-12-29T09:31:31.220145171Z,167.63
97,10.16,844.5,-7.41,0.82,-6.91,11,-0.02,0,0.01,1.22,72,124352,129341185,775364456,4.63,67040,133.03,11,0.09,33.09,2025-12-29T09:31:34.292148955Z,-172.13
97,10.06,844.5,-7.41,0.79,-6.76,11,-0.02,0,0.01,1.22,74,124325,129341185,775364456,4.5,67000,132.37,11,0.09,33.09,2025-12-29T09:31:37.578129981Z,-167.57
95,10.09,844.5,-7.43,0.79,-6.77,11,-0.02,0,0.01,1.22,74,124095,129341185,775364456,4.48,66828,132.33,11,0.09,33.09,2025-12-29T09:31:40.658574443Z,171.19
95,10.07,844.5,-7.41,0.75,-6.77,11,-0.02,0,0.01,1.22,72,124232,129341205,775364431,4.27,66917,132.44,11,0.15,33.09,2025-12-29T09:31:43.729546544Z,-178.29
95,10.04,843.4,-7.39,0.75,-6.75,11,-0.02,0,0.01,1.22,73,124252,129341193,775364419,4.31,66935,132.4,11,0.28,33.05,2025-12-29T09:31:47.001789055Z,-178.75
97,10.13,843.5,-7.46,0.77,-6.8,11,-0.02,0,0.01,1.22,79,124286,129341195,775364423,4.37,66949,132.36,11,0.41,33.05,2025-12-29T09:31:59.284318724Z,-178.19
96,10.13,843.5,-7.44,0.75,-6.85,11,-0.02,0,0.01,1.22,73,124143,129341195,775364423,4.23,66923,132.63,11,0.41,33,2025-12-29T09:32:02.37211228Z,165.04
98,10.13,843.5,-7.39,0.74,-6.89,11,-0.02,0,0,1.22,70,124272,129341195,775364423,4.22,66952,132.99,11,0.41,33,2025-12-29T09:32:05.622837981Z,170.31
96,10.11,843.5,-7.41,0.82,-6.84,11,-0.02,0,0.01,1.22,75,124210,129341195,775364423,4.63,67002,132.7,11,0.41,33.05,2025-12-29T09:32:08.929919915Z,178.28
96,10.02,845.6,-7.38,0.74,-6.74,11,-0.02,0.01,0.01,1.23,77,124331,129341236,775364426,4.23,67018,132.44,11,0.31,33.05,2025-12-29T09:32:12.601624035Z,157.53
97,10.11,845.6,-7.43,0.72,-6.82,11,-0.01,0,0.01,1.23,76,124370,129341236,775364426,4.07,67087,132.52,11,0.31,33,2025-12-29T09:32:16.279838895Z,163.19
97,10.07,845.1,-7.37,0.73,-6.83,11,-0.02,0,0.01,1.23,75,124419,129341261,775364458,4.16,67138,132.83,11,0.2,33.05,2025-12-29T09:32:19.569388154Z,-179.57
98,10.18,845.1,-7.45,0.73,-6.9,11,-0.02,0.01,0.01,1.23,77,124388,129341261,775364458,4.1,67080,132.78,11,0.2,33.09,2025-12-29T09:32:23.062249264Z,156.5
95,10.07,844.9,-7.35,0.75,-6.84,11,-0.01,0.01,0.01,1.23,73,124378,129341216,775364436,4.29,67083,132.92,11,0.43,33,2025-12-29T09:32:26.538779147Z,142.4
97,10.15,844.9,-7.45,0.75,-6.85,11,-0.02,0.01,0.01,1.23,70,124335,129341216,775364436,4.23,67044,132.58,11,0.43,33.14,2025-12-29T09:32:30.458526682Z,157.02
95,10.11,845,-7.44,0.79,-6.79,11,-0.02,0,0.01,1.23,77,124276,129341195,775364433,4.5,67022,132.38,11,0.43,33.05,2025-12-29T09:32:33.89889942Z,-172.64
96,10.13,845.5,-7.35,0.77,-6.93,11,-0.01,0.01,0.01,1.23,72,124349,129341173,775364400,4.34,67095,133.33,11,0.28,33,2025-12-29T09:32:37.591356053Z,151.57
95,10.12,845.5,-7.41,0.74,-6.85,11,-0.02,0,0.01,1.23,70,124118,129341173,775364400,4.21,66926,132.73,11,0.28,33.09,2025-12-29T09:32:40.883321486Z,-178.76
95,10.19,845.1,-7.41,0.76,-6.96,11,-0.02,0.01,0.01,1.24,74,124208,129341188,775364360,4.3,66993,133.23,11,0.43,33.09,2025-12-29T09:32:44.134110164Z,161.32
95,10.21,844.7,-7.45,0.74,-6.94,11,-0.02,0,0.01,1.24,79,124250,129341200,775364309,4.13,66785,132.99,11,0.43,33.09,2025-12-29T09:32:48.025128361Z,179.5
98,10.21,844.7,-7.38,0.78,-7.01,11,-0.02,-0.01,0.01,1.24,78,123923,129341200,775364309,4.39,66768,133.5,11,0.43,33,2025-12-29T09:32:51.922944383Z,-150.74
96,10.14,844.7,-7.45,0.69,-6.84,11,-0.01,0.01,0,1.24,79,124399,129341200,775364309,3.9,67225,132.53,11,0.43,33.09,2025-12-29T09:32:55.394937551Z,137.79
97,10.12,844.7,-7.49,0.66,-6.77,11,-0.02,0.01,0.01,1.24,79,124511,129341200,775364309,3.76,67285,132.14,11,0.43,32.95,2025-12-29T09:32:58.885486559Z,162.08
96,10.08,842.4,-7.46,0.74,-6.73,11,-0.02,0,0.01,1.21,73,124494,129341158,775364566,4.24,67364,132.05,10,1.35,33.09,2025-12-29T09:33:02.366451674Z,-167.32
98,10.11,842.4,-7.5,0.7,-6.75,11,-0.02,0.01,0.01,1.21,74,124349,129341158,775364566,3.95,67289,132.02,10,1.35,33.09,2025-12-29T09:33:06.25650666Z,162.45
96,10.11,840.6,-7.52,0.67,-6.72,11,-0.01,0.01,0.01,1.21,75,124337,129341168,775364598,3.79,67292,131.78,11,0.15,33.05,2025-12-29T09:33:09.743346888Z,160.64
96,10.07,840.6,-7.51,0.65,-6.68,11,-0.02,0.01,0.01,1.21,73,124151,129341168,775364598,3.72,67206,131.64,11,0.15,33.09,2025-12-29T09:33:13.449195574Z,158.87
96,10.04,839.1,-7.52,0.61,-6.62,11,-0.02,0,0.01,1.21,79,124143,129341173,775364598,3.46,67138,131.34,11,0.15,33.05,2025-12-29T09:33:16.919862968Z,-169.41
98,10.1,839,-7.63,0.69,-6.59,0,-0.01,0,0.01,1.21,78,124261,129341128,775364696,3.93,67192,130.83,10,0.06,33,2025-12-29T09:33:20.53768356Z,-178.03
97,10.12,838.9,-7.54,0.68,-6.72,0,-0.01,0,0.01,1.33,70,124180,129341128,775364696,3.84,67142,131.73,10,0.06,33.14,2025-12-29T09:33:24.28204714Z,162.53
96,10.05,838.9,-7.53,0.68,-6.62,0,-0.02,0,0.01,1.33,78,124236,129341121,775364673,3.88,67191,131.34,10,0.65,33.14,2025-12-29T09:33:27.972011406Z,168.43
98,10.05,838.9,-7.59,0.63,-6.56,0,-0.02,0.01,0.01,1.33,78,124232,129341123,775364690,3.59,67195,130.83,10,0.65,33,2025-12-29T09:33:32.292585118Z,158.93
98,10.13,838.9,-7.62,0.7,-6.64,0,-0.02,0.01,0.01,1.33,76,124182,129341123,775364690,3.98,67203,131.08,10,0.65,33.05,2025-12-29T09:33:35.962018769Z,139.12
97,10.05,838.9,-7.56,0.71,-6.59,0,-0.02,0,0.01,1.33,72,124229,129341151,775364741,4.03,67242,131.11,10,1.22,33,2025-12-29T09:33:39.643176854Z,168.23
95,10,838.9,-7.53,0.66,-6.55,0,-0.02,0,0.01,1.33,71,124245,129341151,775364741,3.8,67282,131.01,10,1.22,33,2025-12-29T09:33:43.323384013Z,163.17
96,10.03,840.3,-7.52,0.7,-6.6,0,-0.02,-0.01,0.01,1.39,77,124157,129341146,775364848,4,67208,131.25,9,0.26,33.05,2025-12-29T09:33:47.213405027Z,-154.2
97,10.05,840.7,-7.63,0.66,-6.51,0,-0.02,0,0.01,1.39,77,124202,129341139,775364869,3.74,67253,130.48,9,0.02,33,2025-12-29T09:33:50.702104109Z,-168.97
96,10.04,840.7,-7.53,0.68,-6.61,0,-0.02,0.01,0.01,1.39,78,124278,129341139,775364869,3.87,67232,131.24,9,0.02,33.14,2025-12-29T09:33:54.594162334Z,161.17
95,10.03,841.1,-7.52,0.68,-6.6,0,-0.01,0,0.01,1.33,72,124243,129341133,775364825,3.89,67239,131.29,10,0.02,33.05,2025-12-29T09:33:58.082333675Z,-171.09
96,10.03,841.5,-7.57,0.68,-6.55,0,-0.02,0,0.01,1.21,71,124244,129341133,775364748,3.9,67247,130.89,11,0.44,33.09,2025-12-29T09:34:01.570907929Z,163.87
97,10.09,841.5,-7.58,0.66,-6.64,0,-0.01,-0.01,0.01,1.21,71,124045,129341133,775364748,3.74,67240,131.22,11,0.44,33.09,2025-12-29T09:34:05.452653149Z,-144.67
96,10.12,841.5,-7.57,0.63,-6.69,0,-0.02,0.04,0.02,1.21,77,123963,129341133,775364748,3.57,67217,131.45,11,0.44,33,2025-12-29T09:34:08.932230874Z,112.67
98,10.12,841.9,-7.54,0.63,-6.72,0,-0.02,-0.02,0.01,1.33,72,124074,129341106,775364671,3.58,67272,131.73,11,0.09,33.05,2025-12-29T09:34:12.646803686Z,-139.59
98,10.11,841.9,-7.58,0.65,-6.65,0,-0.02,0,0.01,1.33,77,124030,129341106,775364671,3.71,67293,131.27,11,0.09,33.05,2025-12-29T09:34:16.159903135Z,-167.57
97,10.11,842.5,-7.53,0.6,-6.72,0,-0.01,0,0.01,1.4,72,124004,129341090,775364651,3.42,67247,131.76,10,0.09,33.09,2025-12-29T09:34:19.498967715Z,171.21
95,10,842.5,-7.56,0.64,-6.53,0,-0.01,0.01,0.01,1.4,79,123952,129341090,775364651,3.65,67227,130.82,10,0.09,33.09,2025-12-29T09:34:22.843947829Z,159.8
95,10.08,843.8,-7.55,0.62,-6.66,0,-0.01,0.01,0.01,1.33,78,123925,129341034,775364675,3.55,67252,131.41,11,0.26,33.14,2025-12-29T09:34:26.523034351Z,151.82
97,10.04,844.3,-7.49,0.64,-6.65,0,-0.01,-0.02,-0.03,1.34,72,124008,129341008,775364693,3.64,67331,131.58,11,0.26,32.95,2025-12-29T09:34:29.851633486Z,-124.6
97,10.16,844.3,-7.71,0.54,-6.59,0,-0.02,-0.02,0,1.34,75,123981,129340973,775364741,3.03,67274,130.55,11,0.44,33.09,2025-12-29T09:34:33.719379694Z,-124.12
97,10.07,844.3,-7.54,0.61,-6.65,0,-0.02,0.01,0.01,1.34,75,123960,129340973,775364741,3.46,67304,131.41,11,0.44,33.09,2025-12-29T09:34:36.989462944Z,138.81
95,10.02,843.9,-7.56,0.6,-6.55,0,-0.01,0.01,0.01,1.4,73,123955,129340971,775364723,3.44,67316,130.9,11,1.19,33.09,2025-12-29T09:34:40.53348336Z,158.2
96,10.01,844.1,-7.62,0.61,-6.46,0,-0.01,0.03,0.01,1.29,77,123822,129340963,775364721,3.48,67308,130.3,11,1.19,33.09,2025-12-29T09:34:43.961060466Z,110.68
95,10.14,843.8,-7.64,0.61,-6.63,0,-0.01,0,0.01,1.4,75,123970,129341006,775364653,3.43,67388,130.96,11,1.69,33.09,2025-12-29T09:34:47.431727098Z,168.4
98,10.07,843.8,-7.61,0.62,-6.57,0,-0.02,0.01,0.01,1.4,77,123970,129341006,775364653,3.54,67381,130.81,11,1.69,33,2025-12-29T09:34:50.91797028Z,146.2
98,9.95,843.8,-7.54,0.64,-6.46,0,-0.02,0,0.01,1.4,71,123882,129341006,775364653,3.7,67327,130.61,11,1.69,33.09,2025-12-29T09:34:54.392225866Z,-175.85
96,10.06,843.8,-7.58,0.63,-6.59,0,-0.02,0.01,0.01,1.4,75,123911,129341006,775364653,3.59,67297,131.02,11,1.69,33,2025-12-29T09:34:57.881532214Z,151.36
98,10.02,841.9,-7.61,0.63,-6.49,0,-0.02,0.01,0.01,1.34,72,123585,129341034,775364766,3.6,66999,130.45,10,0.26,33.09,2025-12-29T09:35:01.155791212Z,160.89
96,10,841,-7.55,0.64,-6.52,0,-0.01,0.01,0.01,1.34,75,123632,129341050,775364793,3.67,67000,130.79,10,0.17,33.14,2025-12-29T09:35:05.044800442Z,156.8
96,10.05,841,-7.64,0.59,-6.51,0,-0.01,0,0.01,1.34,74,123658,129341050,775364793,3.39,67034,130.47,10,0.17,33.09,2025-12-29T09:35:08.535462616Z,-176.88
95,10.05,841,-7.56,0.6,-6.59,0,-0.02,0.02,0,1.34,76,123797,129341050,775364793,3.4,67043,131.05,10,0.17,33.09,2025-12-29T09:35:12.007240262Z,132.51
96,10.07,840,-7.61,0.62,-6.56,0,-0.02,0,0.01,1.34,75,123707,129341036,775364871,3.56,67090,130.75,11,0.22,33.05,2025-12-29T09:35:15.484809179Z,-172.72
96,10.14,840,-7.58,0.64,-6.71,0,-0.01,0,0.01,1.34,78,123816,129341036,775364871,3.64,67210,131.54,11,0.22,33.09,2025-12-29T09:35:19.389146137Z,169.7
97,10.07,839.7,-7.64,0.62,-6.53,0,-0.02,0.01,0.01,1.4,74,123992,129341040,775364868,3.54,67313,130.52,10,0.22,33.14,2025-12-29T09:35:22.865527233Z,162
96,10.02,839.7,-7.56,0.65,-6.54,0,-0.01,-0.01,0.01,1.4,78,123955,129341040,775364868,3.7,67266,130.86,10,0.22,33.05,2025-12-29T09:35:26.550160226Z,-142.23
98,10.04,839.7,-7.62,0.61,-6.51,0,-0.02,0,0,1.4,71,123861,129341040,775364868,3.47,67280,130.51,10,0.22,33.09,2025-12-29T09:35:30.079743377Z,170.31
96,10.1,838.1,-7.62,0.56,-6.61,0,-0.01,0.01,0.01,1.34,71,123969,129340983,775364853,3.19,67307,130.94,10,0.15,33,2025-12-29T09:35:33.581124811Z,140.93
95,10,838.1,-7.57,0.55,-6.52,0,-0.02,0.01,0.01,1.34,71,123893,129340983,775364853,3.16,67312,130.75,10,0.15,33.09,2025-12-29T09:35:37.19497132Z,162.96
96,10.08,838,-7.63,0.56,-6.57,0,-0.01,0.01,0.01,1.4,76,123907,129340971,775364840,3.17,67344,130.75,10,0.17,32.95,2025-12-29T09:35:40.890826784Z,154.93
98,10.08,838,-7.58,0.68,-6.6,0,-0.02,0,0.01,1.4,71,123966,129340971,775364840,3.85,67352,131.04,10,0.17,33.09,2025-12-29T09:35:44.778835617Z,167.07
98,10.09,838,-7.59,0.64,-6.61,0,-0.02,0.01,0.01,1.4,70,123985,129340971,775364840,3.66,67330,131.06,10,0.17,33.09,2025-12-29T09:35:48.170004762Z,153.43
95,10.09,838.9,-7.62,0.59,-6.59,0,-0.02,0,0.01,1.35,70,123965,129340900,775364833,3.36,67324,130.85,10,0.17,33.05,2025-12-29T09:35:51.324252179Z,180
98,10.03,838.9,-7.53,0.59,-6.59,0,-0.02,0,0.01,1.35,76,124067,129340900,775364833,3.37,67396,131.17,10,0.17,33.09,2025-12-29T09:35:54.396221162Z,174.04
98,10.1,838.9,-7.57,0.62,-6.66,0,-0.02,-0.01,0.01,1.35,78,123955,129340900,775364833,3.49,67367,131.35,10,0.17,33.09,2025-12-29T09:35:57.980265593Z,-161.94
96,10.12,838.9,-7.59,0.59,-6.67,0,-0.02,0.01,0.01,1.35,70,123905,129340900,775364833,3.33,67386,131.29,10,0.17,33.14,2025-12-29T09:36:01.567545157Z,152.45
98,10.07,838.9,-7.56,0.57,-6.64,0,-0.02,0,0.01,1.35,76,123989,129340900,775364833,3.26,67378,131.28,10,0.17,33.14,2025-12-29T09:36:05.260675324Z,170.61
98,10.08,838.9,-7.57,0.63,-6.63,0,-0.02,0.01,0.01,1.35,79,123843,129340708,775364768,3.57,67236,131.22,10,0.02,33.05,2025-12-29T09:36:08.93728679Z,159.03
95,10.05,838.9,-7.57,0.62,-6.58,0,-0.02,0,0.01,1.35,74,123866,129340696,775364743,3.54,67304,130.99,10,0.02,33.14,2025-12-29T09:36:12.824870018Z,174.37
95,10.07,846.5,-7.58,0.61,-6.6,0,-0.02,0,0,1.11,71,123991,129340656,775364636,3.48,67362,131.05,10,0.02,33.05,2025-12-29T09:36:16.723400259Z,176.21
98,10.09,846.5,-7.57,0.54,-6.65,0,-0.02,0,0.01,1.11,77,123865,129340615,775364588,3.07,67281,131.28,10,0.06,33.05,2025-12-29T09:36:20.629144293Z,-163.48
97,10.06,848.4,-7.57,0.58,-6.61,0,-0.02,0,0,1.33,75,123855,129340615,775364588,3.29,67217,131.12,10,0.06,33.09,2025-12-29T09:36:24.296623376Z,170.84
96,10.12,848.3,-7.59,0.56,-6.67,0,-0.01,0,0.01,1.41,74,123862,129340603,775364595,3.19,67256,131.29,11,0.15,33,2025-12-29T09:36:27.993215444Z,-163.55
96,10.14,848.3,-7.59,0.57,-6.7,0,-0.02,-0.01,0.01,1.41,72,123791,129340596,775364608,3.21,67172,131.43,11,0.33,33.14,2025-12-29T09:36:31.483726056Z,-156.75
95,10.08,848.3,-7.56,0.65,-6.65,0,-0.02,0,0,1.41,76,123841,129340596,775364608,3.69,67303,131.33,11,0.33,33.09,2025-12-29T09:36:35.178007534Z,171.38
97,10.03,845.8,-7.55,0.62,-6.56,0,-0.01,0,0.01,1.35,77,123935,129340588,775364681,3.53,67316,130.99,11,0.33,33,2025-12-29T09:36:38.622713316Z,162.03
97,10.08,845.8,-7.63,0.58,-6.56,0,-0.01,0.01,0.01,1.35,76,123912,129340588,775364681,3.32,67271,130.7,11,0.33,33.05,2025-12-29T09:36:41.999335352Z,152.22
95,10.14,844.9,-7.61,0.62,-6.67,0,-0.02,0,0.01,1.35,73,123909,129340613,775364695,3.49,67187,131.23,11,0.22,33.14,2025-12-29T09:36:45.808526419Z,169
98,9.97,844.9,-7.52,0.57,-6.52,0,-0.02,0,0.01,1.35,70,123902,129340613,775364695,3.31,67283,130.92,11,0.22,33.05,2025-12-29T09:36:49.703155804Z,168.14
95,10.04,844.9,-7.51,0.59,-6.63,0,-0.01,0.01,0.01,1.35,73,123753,129340646,775364759,3.35,67185,131.46,11,0.43,33.09,2025-12-29T09:36:53.594371841Z,146.18
97,10.01,841.4,-7.54,0.6,-6.56,0,-0.02,0.01,0.01,1.35,72,123728,129340646,775364759,3.43,67111,131.05,11,0.43,33.05,2025-12-29T09:36:57.310039326Z,159.82
96,10.11,840.6,-7.63,0.56,-6.61,0,-0.01,0.01,0.01,1.35,79,123773,129340651,775364803,3.16,67157,130.9,11,0.61,33.19,2025-12-29T09:37:00.956644837Z,148.95
98,10,839.2,-7.5,0.59,-6.58,0,-0.02,0,0.01,1.36,74,123740,129340708,775364828,3.38,67135,131.24,11,0.56,33.09,2025-12-29T09:37:04.633461986Z,165.96
96,10.07,839.2,-7.58,0.64,-6.6,0,-0.02,0,0.01,1.36,74,123636,129340708,775364828,3.64,67008,131.07,11,0.56,33.09,2025-12-29T09:37:07.920806178Z,169.86
95,10.12,839.9,-7.58,0.57,-6.67,0,-0.01,0,0.01,1.41,70,123780,129340690,775364786,3.2,67206,131.35,9,0.15,33.05,2025-12-29T09:37:11.402059116Z,-165.17
98,10.06,839.9,-7.58,0.58,-6.59,0,-0.02,0,0.01,1.41,71,123770,129340690,775364786,3.3,67150,131,9,0.15,33.09,2025-12-29T09:37:14.889092436Z,163.69
96,10.05,840.3,-7.6,0.64,-6.54,0,-0.02,0,0.01,1.36,73,123953,129340681,775364778,3.63,67318,130.72,11,0.09,33.09,2025-12-29T09:37:18.771182793Z,177.04
97,10.08,840.3,-7.6,0.6,-6.6,0,-0.02,0.01,0.01,1.36,74,123896,129340681,775364778,3.39,67318,130.97,11,0.09,33.09,2025-12-29T09:37:22.249796279Z,157.83
95,10.04,841.4,-7.6,0.58,-6.54,0,-0.02,0.01,0.01,1.36,74,123852,129340711,775364753,3.31,67284,130.71,11,0.09,33.19,2025-12-29T09:37:26.166037245Z,156.68
96,10.1,841.4,-7.56,0.63,-6.66,0,-0.01,0,0,1.36,79,123752,129340695,775364725,3.59,67235,131.4,11,0.17,33.14,2025-12-29T09:37:30.123123492Z,-174.81
96,10.09,841.4,-7.6,0.62,-6.61,0,-0.01,0.01,0.01,1.36,73,123808,129340695,775364725,3.54,67279,131.03,11,0.17,33.05,2025-12-29T09:37:33.949360628Z,155.56
98,10.08,841.4,-7.62,0.61,-6.57,0,-0.02,0.01,0.01,1.36,71,123794,129340695,775364725,3.49,67307,130.79,11,0.17,33.09,2025-12-29T09:37:37.214202507Z,161.94
95,10.13,841.4,-7.64,0.6,-6.62,0,-0.01,0.01,0.01,1.36,78,123799,129340695,775364725,3.4,67290,130.95,11,0.17,33.09,2025-12-29T09:37:40.547181721Z,135.95
96,10.1,841.4,-7.58,0.62,-6.64,0,-0.02,0.02,0.01,1.36,73,123750,129340695,775364725,3.53,67212,131.21,11,0.17,33.09,2025-12-29T09:37:44.184950557Z,131.24
96,10.11,839.6,-7.56,0.56,-6.68,0,-0.01,0,0.01,1.36,71,123801,129340806,775364723,3.19,67264,131.49,10,0.09,33.05,2025-12-29T09:37:47.661770498Z,162.68
96,10.07,839.6,-7.57,0.54,-6.63,0,-0.02,0.01,0,1.36,77,123796,129340806,775364723,3.09,67255,131.22,10,0.09,33.09,2025-12-29T09:37:51.558221089Z,161.71
95,10.07,839.8,-7.55,0.57,-6.63,0,-0.02,0,0.01,1.36,77,123760,129340796,775364706,3.22,67259,131.28,10,0.39,33.09,2025-12-29T09:37:55.230880591Z,165.63
98,10.07,840,-7.61,0.57,-6.57,0,-0.02,0.01,0.01,1.36,78,123813,129340795,775364686,3.26,67306,130.8,10,0.11,33.09,2025-12-29T09:37:58.710077268Z,162.01
95,10.14,840,-7.61,0.58,-6.67,0,-0.02,0.01,0.01,1.36,78,123777,129340795,775364686,3.29,67260,131.24,10,0.11,33.14,2025-12-29T09:38:02.195819088Z,157.44
98,10.01,842.5,-7.54,0.55,-6.56,93759,-0.02,0.01,0,1.31,72,123851,129340756,775364630,3.15,67272,131.02,11,0.11,33.14,2025-12-29T09:38:05.678947632Z,160.46
95,10.13,842.5,-7.61,0.62,-6.65,93759,-0.01,0.01,0,1.31,73,123804,129340756,775364630,3.51,67202,131.17,11,0.11,33.09,2025-12-29T09:38:08.961783519Z,136.05
98,10.06,843.1,-7.56,0.61,-6.62,93759,-0.02,0,0.01,1.42,77,123792,129340748,775364650,3.46,67214,131.2,9,0.3,33.14,2025-12-29T09:38:12.017879075Z,-170.84
96,10.09,844.1,-7.54,0.6,-6.68,93759,-0.02,0,0.01,1.42,76,123808,129340755,775364631,3.43,67219,131.51,10,0.3,33.05,2025-12-29T09:38:15.084372667Z,-162.79
97,10.06,844.1,-7.56,0.57,-6.62,93759,-0.02,0,0.01,1.42,79,123751,129340755,775364631,3.22,67228,131.18,10,0.3,33.09,2025-12-29T09:38:18.352373272Z,-179.53
95,10.06,844.1,-7.58,0.59,-6.59,93759,-0.02,0,0.01,1.42,73,123762,129340755,775364631,3.37,67236,131.01,10,0.3,33.09,2025-12-29T09:38:21.657272439Z,166.76
96,10.18,844.1,-7.63,0.62,-6.72,93759,-0.02,0,0.01,1.42,79,123735,129340755,775364631,3.49,67246,131.37,10,0.3,33.14,2025-12-29T09:38:24.705741609Z,169.28
96,10.05,843.2,-7.54,0.59,-6.63,93759,-0.02,0,0.01,1.42,78,123700,129340724,775364658,3.36,67275,131.32,9,0.26,33.19,2025-12-29T09:38:27.792836178Z,172.59
98,10.12,843,-7.58,0.56,-6.68,93759,-0.02,0,0.01,1.42,72,123817,129340720,775364653,3.19,67295,131.41,9,0.22,33.09,2025-12-29T09:38:30.906700605Z,164.98
97,10.1,842.6,-7.57,0.61,-6.66,93759,-0.01,0.02,0.01,1.42,70,123806,129340718,775364643,3.47,67274,131.37,9,0.02,33.05,2025-12-29T09:38:33.919922439Z,127.57
97,10.06,842.5,-7.56,0.56,-6.61,93759,-0.02,0,0.01,1.42,70,123654,129340733,775364623,3.18,67219,131.19,9,0.13,33.05,2025-12-29T09:38:37.005728913Z,-173.27
95,10.11,842.5,-7.61,0.62,-6.63,93759,-0.01,0.01,0.01,1.42,79,123707,129340733,775364623,3.53,67245,131.08,9,0.13,33.09,2025-12-29T09:38:40.141161813Z,148.42
97,10.05,842.1,-7.53,0.65,-6.63,93759,-0.02,0.01,0.01,1.28,79,123711,129340736,775364611,3.69,67238,131.36,9,0.13,33.09,2025-12-29T09:38:43.133975493Z,150.15
96,10.04,842.1,-7.58,0.57,-6.56,93759,-0.02,0.01,0.01,1.28,77,123696,129340736,775364611,3.23,67255,130.85,9,0.13,33.14,2025-12-29T09:38:46.208634579Z,154.72
97,10.09,842.1,-7.56,0.62,-6.66,93759,-0.02,0.01,0.01,1.28,71,123751,129340736,775364611,3.52,67277,131.35,9,0.13,33.14,2025-12-29T09:38:49.293119298Z,154.69
97,10.12,842.1,-7.57,0.62,-6.69,93759,-0.01,0,0.01,1.28,71,123711,129340736,775364611,3.5,67268,131.46,9,0.13,33.14,2025-12-29T09:38:52.355313668Z,174.23
95,10.09,842.1,-7.58,0.58,-6.63,93759,-0.01,0.01,0.01,1.28,73,123711,129340736,775364611,3.31,67292,131.19,9,0.13,33.05,2025-12-29T09:38:55.426169531Z,151.87
96,10.05,842.1,-7.55,0.54,-6.6,93759,-0.01,0,0.01,1.28,72,123770,129340736,775364611,3.1,67325,131.16,9,0.13,33.09,2025-12-29T09:38:58.495546029Z,170.54
96,10.08,842.1,-7.57,0.64,-6.63,93759,-0.02,0,0.01,1.28,70,123722,129340736,775364611,3.62,67343,131.25,9,0.13,33.19,2025-12-29T09:39:01.583622317Z,-167.04
97,10.1,842.1,-7.54,0.64,-6.69,93759,-0.01,0,0,1.28,79,124916,129340753,775364516,3.62,67788,131.56,9,0.17,33.19,2025-12-29T09:39:04.649139351Z,163.2
98,10.37,843.1,-2.89,1.34,-9.87,93759,0.14,0.74,0.67,1.43,77,125771,129340766,775364525,7.44,66982,163.7,9,0.85,33.09,2025-12-29T09:39:07.721311666Z,79.56
96,11.02,844.6,-2.25,-2.29,-10.54,93759,0,0.22,-0.02,1.52,76,125586,129340718,775364366,-11.98,66616,167.96,9,1.11,33.09,2025-12-29T09:39:10.99556728Z,90.03
96,11.18,846.5,-0.84,-2.39,-10.89,93759,0.01,0.11,0.01,1.26,71,125001,129340600,775364488,-12.36,65993,175.58,10,2.82,33.09,2025-12-29T09:39:14.086766893Z,85.18
97,10.88,847.1,-1.83,-2.26,-10.48,93759,-0.04,-0.01,-0.01,1.26,72,124887,129340606,775364638,-11.99,65877,170.08,10,2.82,33.19,2025-12-29T09:39:17.143888622Z,-167.72
98,11.28,847.1,-2.82,-2.59,-10.61,93759,-0.1,0.14,-0.11,1.26,76,124763,129340606,775364638,-13.29,65832,165.12,10,2.82,33.14,2025-12-29T09:39:20.274272553Z,125.27
96,11.15,847.1,-1.77,-2.39,-10.74,93759,0.02,0.01,0.04,1.26,75,124895,129340606,775364638,-12.39,65921,170.64,10,2.82,33.14,2025-12-29T09:39:23.500922079Z,35.16
96,11.13,847.1,-1.73,-2.29,-10.75,93759,-0.01,0.01,0,1.26,73,124861,129340606,775364638,-11.87,66035,170.86,10,2.82,33.19,2025-12-29T09:39:26.561444176Z,147.23
96,10.96,847.1,-1.63,-2.43,-10.56,93759,-0.02,0,0,1.26,79,124885,129340603,775365245,-12.78,66016,171.21,10,0.57,33.19,2025-12-29T09:39:29.644793162Z,-166.25
97,11,847.1,-1.73,-2.39,-10.6,93759,-0.01,0,0,1.26,78,124653,129340653,775365160,-12.54,65740,170.74,10,1.04,33.14,2025-12-29T09:39:32.715539885Z,155.48
98,11.17,852.4,-1.64,-2.2,-10.82,93759,-0.02,-0.02,0.02,1.52,76,124741,129340688,775365101,-11.34,65912,171.36,9,0.35,33.09,2025-12-29T09:39:35.798621134Z,-136.91
98,11.19,854,-1.79,-2.43,-10.77,93759,-0.01,-0.01,0,1.52,71,124812,129340668,775365356,-12.57,66163,170.56,9,2.22,33.24,2025-12-29T09:39:38.857902236Z,-151.34
96,11.03,855,-1.39,-2.33,-10.69,93759,-0.04,0.01,-0.01,1.26,79,124989,129340636,775365346,-12.22,66240,172.59,10,2.26,33.05,2025-12-29T09:39:41.918086752Z,169.47
98,10.69,856.1,-2.06,-2.54,-10.18,93759,-0.02,0.21,-0.04,1.26,70,125084,129340578,775365319,-13.74,66305,168.57,10,2.06,33.19,2025-12-29T09:39:45.013730344Z,94.35
98,10.97,857.4,-1.91,-2.33,-10.55,93759,-0.04,-0.02,-0.01,1.26,79,125095,129340615,775365276,-12.25,66280,169.76,10,2.06,33.09,2025-12-29T09:39:48.069811574Z,-154.64
96,10.86,857.4,-1.89,-2.32,-10.43,93759,-0.04,0.03,-0.02,1.26,74,125020,129340615,775365276,-12.37,66142,169.74,10,2.06,33.09,2025-12-29T09:39:51.140240573Z,141.02
98,11.14,857.4,-2.21,-2.3,-10.68,93759,-0.02,0.01,0,1.26,73,124972,129340615,775365276,-11.89,66146,168.29,10,2.06,33.09,2025-12-29T09:39:54.210745952Z,159.68
98,11.16,857.4,-2.18,-2.35,-10.69,93759,-0.02,0,0,1.26,70,124941,129340615,775365276,-12.15,66212,168.5,10,2.06,33.14,2025-12-29T09:39:57.499049783Z,166.85
97,11.08,857.4,-1.84,-2.31,-10.68,93759,-0.01,0.03,-0.01,1.26,79,124887,129340615,775365276,-12.05,66101,170.2,10,2.06,33.19,2025-12-29T09:40:00.592118931Z,112.79
96,11.11,857.4,-2.22,-2.27,-10.65,93759,-0.02,0,0,1.26,70,124868,129340723,775364871,-11.81,66108,168.22,10,0.48,33.09,2025-12-29T09:40:03.699588611Z,171.54
96,11.09,861.9,-2.21,-2.31,-10.62,93759,-0.01,0,0,1.52,77,124979,129340746,775364973,-12.03,66147,168.22,9,1.41,33.09,2025-12-29T09:40:07.116374777Z,165.45
97,11.03,862,-2.24,-2.3,-10.56,93759,-0.02,0.01,0,1.66,72,124947,129340885,775364935,-12.01,66097,168.03,8,1.35,33.09,2025-12-29T09:40:10.233611599Z,152.68
98,11,862,-2.25,-2.33,-10.51,93759,-0.02,0,0,1.66,79,124936,129340885,775364935,-12.24,66061,167.91,8,1.35,33.05,2025-12-29T09:40:13.252675314Z,164.66
98,11.05,862,-2.23,-2.35,-10.56,93759,-0.01,0.01,0,1.66,74,124952,129340885,775364935,-12.3,66191,168.06,8,1.35,33.14,2025-12-29T09:40:16.337151032Z,155.06
97,11.08,862,-2.3,-2.3,-10.59,93759,-0.01,0,0,1.66,77,124967,129340885,775364935,-11.99,66175,167.75,8,1.35,33.14,2025-12-29T09:40:19.608584794Z,180
97,10.98,862,-2.34,-2.36,-10.47,93759,-0.02,0,0,1.66,78,124921,129340885,775364935,-12.4,66144,167.39,8,1.35,33.09,2025-12-29T09:40:22.691088001Z,164.59
95,11.03,869.7,-2.33,-2.37,-10.52,93759,-0.02,0.01,0,1.06,75,124972,129341143,775364996,-12.39,66121,167.52,11,1.19,33.19,2025-12-29T09:40:25.971881006Z,162.99
96,11.12,870.1,-2.29,-2.28,-10.64,93759,-0.01,0,0,1.39,74,124984,129341245,775365105,-11.82,66091,167.86,9,1.85,33.09,2025-12-29T09:40:29.041224958Z,173.88
96,11.07,871.3,-2.3,-2.37,-10.57,93759,-0.01,0,0,1.21,70,124928,129341303,775365356,-12.35,66096,167.72,10,1.85,33.14,2025-12-29T09:40:32.523706783Z,162.65
95,11.06,871.3,-2.31,-2.41,-10.54,93759,-0.02,0,0,1.21,73,124853,129341303,775365356,-12.57,66039,167.66,10,1.85,33.14,2025-12-29T09:40:35.595027018Z,174.29
97,11.05,871.3,-1.69,-2.31,-10.67,93759,-0.01,0,0,1.21,74,124732,129341125,775365345,-12.07,65951,171,10,1.28,33.24,2025-12-29T09:40:38.653089987Z,-175.24
95,10.99,871.3,-0.86,-2.27,-10.72,93759,-0.02,-0.13,0.02,1.21,70,124610,129341236,775365328,-11.9,65792,175.43,10,1.09,33.09,2025-12-29T09:40:41.731268551Z,-96.77
98,10.9,867.9,-0.16,-2.37,-10.64,93759,-0.08,0.25,-0.04,1.26,75,124680,129341315,775365256,-12.55,65807,179.15,9,0.96,33.09,2025-12-29T09:40:45.015396802Z,108.03
96,11.42,865.4,-0.37,-2.33,-11.17,93759,-0.04,0.32,-0.03,1.06,73,124677,129341281,775365278,-11.79,65753,178.09,11,0.37,33.14,2025-12-29T09:40:48.283235185Z,97.55
97,11.54,865.4,-0.19,-2.39,-11.28,93759,-0.04,0.26,-0.02,1.06,79,124688,129341281,775365278,-11.98,65774,179.03,11,0.37,33.14,2025-12-29T09:40:51.369722452Z,99.28
97,11.9,865.4,-0.67,-2.48,-11.62,93759,0,0.1,0.01,1.06,79,124850,129341281,775365278,-12.02,65809,176.7,11,0.37,33.09,2025-12-29T09:40:54.448737804Z,91.59
98,11.22,865.4,-1.22,-2.52,-10.87,93759,-0.01,-0.11,0.02,1.06,78,124921,129341281,775365278,-12.99,65881,173.59,11,0.37,33.14,2025-12-29T09:40:57.693215304Z,-92.72
98,11.11,861.7,-1.47,-2.38,-10.75,93759,-0.02,0.01,0,1.06,73,124842,129341410,775365271,-12.35,65885,172.24,11,0.24,33.19,2025-12-29T09:41:00.764222515Z,149.44
96,11.12,860.9,-1.52,-2.44,-10.75,93759,-0.02,0,0,1.21,74,124816,129341460,775364963,-12.67,65964,171.97,10,2,33.09,2025-12-29T09:41:03.847982356Z,163.13
98,11.08,859.9,-1.39,-2.43,-10.72,93759,-0.01,0,0,1.21,79,124807,129341480,775364783,-12.69,65970,172.59,10,0.81,33.14,2025-12-29T09:41:06.919842145Z,176.78
98,11.1,858.7,-1.32,-2.4,-10.76,93759,-0.01,0.01,0,1.21,75,124844,129341519,775364568,-12.48,65896,173.01,10,1.07,33.05,2025-12-29T09:41:09.979798129Z,142.65
98,11.19,857.1,-1.32,-2.39,-10.85,93759,-0.02,0,0,1.21,72,124817,129341588,775364285,-12.35,65850,173.08,10,1.07,33,2025-12-29T09:41:13.075221935Z,-178.64
98,11.1,857.1,-1.42,-2.41,-10.74,93759,-0.01,0.01,0,1.21,74,124818,129341588,775364285,-12.52,65847,172.44,10,1.07,33.19,2025-12-29T09:41:16.139089346Z,154.72
97,11.06,857.1,-1.36,-2.43,-10.7,93759,-0.02,0,0,1.21,71,124767,129341588,775364285,-12.71,65830,172.74,10,1.07,33.14,2025-12-29T09:41:19.196999004Z,169.24
95,11.1,857.1,-1.39,-2.43,-10.74,93759,-0.02,0,0,1.21,79,125169,129341588,775364285,-12.63,65931,172.61,10,1.07,33.09,2025-12-29T09:41:22.290881268Z,-178.2
97,11.26,857.1,-2.1,-2.34,-10.81,93759,-0.05,-0.28,0.03,1.21,77,124815,129341588,775364285,-11.99,65435,169.01,10,1.07,33.09,2025-12-29T09:41:25.344856035Z,-99.87
97,11.1,857.1,-0.91,-2.31,-10.82,93759,-0.02,-0.01,0,1.21,71,124911,129341588,775364285,-12.02,65509,175.18,10,1.07,33.24,2025-12-29T09:41:28.624870098Z,-161.27
96,11.24,857.1,-0.97,-2.35,-10.94,93759,-0.01,0,0,1.21,70,124857,129341588,775364285,-12.08,65488,174.92,10,1.07,33.09,2025-12-29T09:41:31.707816288Z,174.9
98,11.13,852.6,-0.89,-2.29,-10.86,93759,-0.01,-0.01,0,1.27,74,125787,129341510,775364053,-11.89,66690,175.31,10,0.26,33.14,2025-12-29T09:41:34.7679916Z,-156.48
98,10.45,852.6,-6.93,-1.68,-7.64,93759,-0.11,-0.38,0.02,1.27,78,124728,129341488,775363968,-9.26,66173,137.76,10,0.91,33.19,2025-12-29T09:41:38.040093919Z,-105.49
97,10.53,853.4,-4.84,-1.53,-9.23,93759,-0.02,-0.45,0.14,1.07,79,125285,129341460,775363888,-8.38,66293,152.34,11,0.5,33.05,2025-12-29T09:41:41.322959618Z,-92.82
98,10.36,853.4,-4.96,-1.45,-8.97,93759,-0.05,-0.3,0.1,1.07,70,125218,129341460,775363888,-8.04,66305,151.06,11,0.5,33.24,2025-12-29T09:41:44.394281798Z,-99.54
95,10.27,853.4,-4.14,-1.55,-9.27,93759,-0.06,0.16,0.02,1.07,74,125011,129341460,775363888,-8.67,66292,155.96,11,0.5,33.19,2025-12-29T09:41:47.467679279Z,110.51
97,10.23,853.4,-5.43,-1.6,-8.52,93759,-0.03,0.38,-0.04,1.07,76,124867,129341460,775363888,-9,66272,147.49,11,0.5,33.14,2025-12-29T09:41:50.535758276Z,94.83
97,10.29,853.4,-4.93,-1.62,-8.89,93759,0,-0.18,0.01,1.07,79,125244,129341413,775363588,-9.03,66459,150.97,11,0.91,33.14,2025-12-29T09:41:54.055197978Z,-88.51
97,12.2,853.4,-8.66,-2.06,-8.34,93759,-0.02,0.05,-0.06,1.07,73,125070,129341441,775363563,-9.72,65717,133.91,11,0.37,33.19,2025-12-29T09:41:57.291218462Z,114.52
98,11.03,853.4,-2.25,-2.41,-10.53,93759,-0.01,-0.08,0.02,1.07,71,125033,129341441,775363563,-12.64,65771,167.96,11,0.37,33.09,2025-12-29T09:42:00.599690971Z,-96.97
96,11.02,853.4,-2.91,-2.4,-10.35,93759,-0.01,-0.01,0.01,1.07,73,124942,129341441,775363563,-12.58,65748,164.29,11,0.37,33.24,2025-12-29T09:42:03.648498155Z,-139.35
96,10.9,849.7,-2.95,-2.38,-10.21,93759,-0.02,0,0,1.07,76,124996,129341460,775363533,-12.64,65721,163.89,11,0.76,33.19,2025-12-29T09:42:06.725497384Z,179.57
97,10.9,847.7,-2.91,-2.36,-10.24,93759,-0.02,0,0,1.07,72,124951,129341430,775363490,-12.51,65684,164.13,11,0.39,33.19,2025-12-29T09:42:10.449844165Z,176.32
96,10.89,845.5,-2.89,-2.41,-10.21,93759,-0.02,0,0,1.07,74,124848,129341435,775363409,-12.78,65628,164.18,11,0.67,33.14,2025-12-29T09:42:13.484073048Z,180
97,11.02,845.5,-2.91,-2.41,-10.35,93759,-0.02,0,0,1.07,78,124792,129341435,775363409,-12.63,65571,164.27,11,0.67,33.09,2025-12-29T09:42:16.55623403Z,179.49
96,10.92,845.5,-2.83,-2.38,-10.28,253,-0.01,0,0,1.07,71,124833,129341458,775363363,-12.6,65672,164.58,11,0.74,33.09,2025-12-29T09:42:19.610966008Z,-167.09
96,10.88,845.5,-2.89,-2.32,-10.23,253,-0.01,0,0,1.07,79,124823,129341478,775363373,-12.3,65653,164.25,11,0.69,33.19,2025-12-29T09:42:22.691002332Z,176.39
97,10.97,842.3,-2.84,-2.43,-10.31,253,-0.01,-0.01,0.01,1.07,71,124390,129341463,775363343,-12.82,65269,164.62,11,0.19,33.14,2025-12-29T09:42:25.778834424Z,-140.19
96,10.9,840.5,-2.85,-2.39,-10.25,253,-0.02,0.01,0,1.07,70,124491,129341400,775363418,-12.67,65338,164.45,11,0.22,33.14,2025-12-29T09:42:29.050680815Z,150.88
95,10.98,839.8,-2.98,-2.35,-10.3,253,-0.01,-0.01,0,1.07,71,125561,129341373,775363470,-12.36,65834,163.86,11,0.46,33.14,2025-12-29T09:42:32.136625588Z,-158.38
95,11.28,839.8,-0.53,-2.29,-11.03,253,0.03,0.2,0.01,1.07,79,124577,129341373,775363470,-11.72,65375,177.27,11,0.46,33.09,2025-12-29T09:42:35.186172632Z,80.49
97,10.96,839.8,-1.26,-2.33,-10.63,253,0.02,-0.58,0.09,1.07,77,124393,129341373,775363470,-12.27,65180,173.25,11,0.46,33.09,2025-12-29T09:42:38.250577432Z,-88.1
98,11.09,839.8,-2.27,-2.35,-10.6,253,-0.03,0,-0.01,1.07,79,124624,129341373,775363470,-12.24,65215,167.9,11,0.46,33.19,2025-12-29T09:42:41.331706514Z,177.06
95,11.73,839.8,-3.35,-2.49,-10.96,253,-0.1,0.17,-0.09,1.07,79,124509,129341373,775363470,-12.23,65222,162.99,11,0.46,33.14,2025-12-29T09:42:44.412755909Z,120.23
96,11.13,839.8,-1.44,-2.31,-10.8,253,-0.01,0,0,1.07,76,124432,129341373,775363470,-11.96,65169,172.42,11,0.46,33.09,2025-12-29T09:42:47.470344133Z,168.17
96,11.12,839.8,-1.41,-2.22,-10.81,253,-0.02,0,0,1.07,76,124359,129341373,775363470,-11.54,65117,172.58,11,0.46,33.09,2025-12-29T09:42:50.756952326Z,173.49
95,11.12,839.8,-1.46,-2.24,-10.79,253,-0.02,0.01,0,1.07,73,124285,129341351,775363718,-11.62,65144,172.32,11,0.15,33.14,2025-12-29T09:42:53.827969413Z,163.34
96,11.12,837.4,-1.55,-2.25,-10.78,253,-0.02,0,0.01,1.07,74,124257,129341341,775363689,-11.69,65141,171.83,11,0.11,33.14,2025-12-29T09:42:56.902188665Z,-174.34
98,11.14,837.4,-1.49,-2.33,-10.79,253,-0.01,0,0,1.07,73,124234,129341323,775363696,-12.06,65102,172.13,11,0.52,33.19,2025-12-29T09:42:59.971336187Z,169.79
98,11.16,838.2,-1.48,-2.21,-10.84,253,-0.02,0,0,1.07,70,124188,129341296,775363730,-11.4,65077,172.24,11,0.52,33.19,2025-12-29T09:43:03.047785853Z,-166.08
98,11.1,838.2,-1.49,-2.3,-10.76,253,-0.02,0,0,1.07,78,124245,129341296,775363730,-11.94,65028,172.13,11,0.52,33.14,2025-12-29T09:43:06.108313012Z,174.85
95,11.08,838.2,-1.39,-2.24,-10.76,253,-0.01,-0.02,0,1.07,79,124722,129341296,775363730,-11.69,65372,172.63,11,0.52,33.14,2025-12-29T09:43:09.179061042Z,-119.67
95,11.15,838.2,-3.5,-2.22,-10.35,253,-0.03,0.31,-0.04,1.07,70,124435,129341296,775363730,-11.49,64993,161.33,11,0.52,33.19,2025-12-29T09:43:12.248392199Z,96.19
97,11.1,838.2,-1.49,-2.21,-10.78,253,-0.01,-0.01,0.01,1.07,75,124296,129341296,775363730,-11.48,64961,172.13,11,0.52,33.28,2025-12-29T09:43:15.364822011Z,-137.29
96,10.94,838.2,-1.51,-2.25,-10.6,253,-0.02,0,0,1.07,71,124219,129341296,775363730,-11.87,64952,171.88,11,0.52,33.19,2025-12-29T09:43:18.405248809Z,167.47
96,11,838.2,-1.63,-2.29,-10.64,253,-0.02,0.01,0,1.07,76,124160,129341296,775363730,-11.99,64907,171.31,11,0.52,33.09,2025-12-29T09:43:21.472349072Z,141.71
95,11.09,838.2,-1.58,-2.26,-10.74,253,-0.01,0.01,0,1.07,78,124366,129341296,775363730,-11.79,64898,171.63,11,0.52,33.24,2025-12-29T09:43:24.535034865Z,158.78
97,11.03,838.2,-1.52,-2.28,-10.68,252,-0.01,0.01,0,1.07,73,124276,129341171,775363530,-11.93,64913,171.92,11,0.33,33.19,2025-12-29T09:43:27.620961814Z,159.39
98,11.1,838.2,-1.61,-2.32,-10.73,252,-0.01,0.01,0,1.07,72,124457,129341130,775363623,-12.05,64966,171.46,11,0.26,33.14,2025-12-29T09:43:30.681610759Z,155.75
97,11.06,846,-1.53,-2.27,-10.72,252,-0.01,0,0,1.07,75,124407,129341100,775363689,-11.84,64928,171.86,11,0.17,33.14,2025-12-29T09:43:33.754398648Z,-171.87
97,11.11,846.6,-1.51,-2.27,-10.77,252,-0.02,0,0,1.07,78,124318,129341100,775363758,-11.8,64914,172,11,1,33.19,2025-12-29T09:43:36.836416296Z,170.54
95,11.11,847.6,-1.42,-2.28,-10.78,252,-0.02,0.01,0,1.07,73,124285,129341090,775363831,-11.83,64898,172.48,11,0.8,33.19,2025-12-29T09:43:39.893357575Z,142.33
95,11.12,848.4,-1.53,-2.35,-10.76,252,-0.01,0.01,0,1.07,75,124215,129341098,775363891,-12.19,64854,171.89,11,1.04,33.19,2025-12-29T09:43:42.969117989Z,155.43
95,11.14,848.6,-1.48,-2.28,-10.81,252,-0.01,0,0,1.42,74,124226,129341076,775363968,-11.79,64925,172.18,11,1.04,33.24,2025-12-29T09:43:46.040757334Z,170.54
97,11.26,848.6,-1.8,-2.37,-10.86,252,-0.02,0.04,-0.01,1.42,75,124244,129341076,775363968,-12.15,64936,170.58,11,1.04,33.28,2025-12-29T09:43:49.118030249Z,112.67
96,10.96,848.6,-1.47,-2.23,-10.63,252,-0.02,0,0,1.42,70,124280,129341076,775363968,-11.75,64946,172.13,11,1.04,33.28,2025-12-29T09:43:52.188235463Z,-164.89
98,11.09,848.6,-1.64,-2.25,-10.73,252,-0.01,0,0,1.42,79,124276,129341076,775363968,-11.69,64972,171.34,11,1.04,33.19,2025-12-29T09:43:55.260855383Z,178.33
98,11.14,848.6,-1.57,-2.32,-10.79,252,-0.02,0.01,0,1.42,73,124217,129341076,775363968,-12.03,64877,171.72,11,1.04,33.19,2025-12-29T09:43:58.326263606Z,151.91
97,10.94,848.6,-1.49,-2.23,-10.61,252,-0.02,0,0,1.42,73,124196,129341076,775363968,-11.78,64850,172.01,11,1.04,33.24,2025-12-29T09:44:01.428831737Z,168.45
96,11.07,848.6,-1.52,-2.24,-10.74,252,-0.02,0,0.01,1.42,78,124130,129341076,775363968,-11.65,64784,171.94,11,1.04,33.24,2025-12-29T09:44:04.483164638Z,172.69
98,11.1,848.6,-1.59,-2.28,-10.75,252,-0.01,0.01,0,1.42,79,123863,129341076,775363968,-11.88,64771,171.6,11,1.04,33.19,2025-12-29T09:44:07.953958629Z,126.54
96,11.4,848.6,-3.4,-2.57,-10.57,296,-0.07,0.08,-0.06,1.42,72,124415,129341036,775364046,-13.05,65074,162.17,11,0.3,33.24,2025-12-29T09:44:11.050517462Z,128.43
96,11.04,848.6,-1.54,-2.27,-10.69,296,-0.02,0,0,1.42,76,124419,129341036,775364046,-11.85,65006,171.78,11,0.3,33.19,2025-12-29T09:44:14.122287362Z,162.47
96,11.15,848.6,-1.58,-2.31,-10.8,296,-0.02,0,0,1.42,72,124334,129341036,775364046,-11.97,64947,171.67,11,0.3,33.14,2025-12-29T09:44:17.169529404Z,173.82
96,11.09,848.6,-1.56,-2.21,-10.76,296,-0.02,0,0,1.42,78,124298,129341036,775364046,-11.49,64958,171.74,11,0.3,33.14,2025-12-29T09:44:20.318148633Z,177.18
96,11.1,848.6,-1.55,-2.28,-10.75,296,-0.01,0,0,1.42,75,124233,129341036,775364046,-11.84,64902,171.78,11,0.3,33.09,2025-12-29T09:44:23.330482687Z,172.68
95,11.18,848.6,-1.64,-2.34,-10.81,296,-0.02,0.01,0,1.42,78,124180,129341036,775364046,-12.1,64930,171.35,11,0.3,33.19,2025-12-29T09:44:26.384737327Z,159.24
96,10.98,848.6,-1.45,-2.3,-10.64,296,-0.02,0,0,1.42,75,124100,129341036,775364046,-12.11,64932,172.22,11,0.3,33.28,2025-12-29T09:44:29.466927077Z,-172.22
98,11.12,848.6,-1.53,-2.24,-10.78,296,-0.02,0,0,1.42,75,124127,129341036,775364046,-11.62,64914,171.91,11,0.3,33.19,2025-12-29T09:44:32.965116876Z,167.2
96,11.07,848.6,-1.56,-2.2,-10.74,14,-0.01,0,0,1.42,78,124216,129341108,775364198,-11.44,64936,171.73,11,0.31,33.14,2025-12-29T09:44:36.020897711Z,-157.91
95,11.08,848.6,-1.52,-2.3,-10.74,14,-0.02,0.01,0,1.42,77,124145,129341108,775364198,-11.95,64901,171.97,11,0.31,33.14,2025-12-29T09:44:39.10532794Z,145.44
96,11.21,848.6,-1.54,-2.32,-10.85,14,-0.01,0,0.01,1.42,71,124129,129341108,775364198,-11.97,64856,171.9,11,0.31,33.24,2025-12-29T09:44:42.163942551Z,165.96
97,11.09,848.6,-1.6,-2.28,-10.74,14,-0.01,0.02,0,1.42,76,124611,129341108,775364198,-11.86,65169,171.5,11,0.31,33.24,2025-12-29T09:44:45.247053717Z,125.07
96,11.08,848.6,-3.64,-2.23,-10.23,14,-0.02,0.59,-0.07,1.42,77,124435,129341108,775364198,-11.62,64826,160.4,11,0.31,33.19,2025-12-29T09:44:48.521059234Z,91.72
96,11.05,848.6,-1.96,-2.24,-10.65,14,-0.05,0.23,-0.04,1.42,75,124262,129341108,775364198,-11.7,64785,169.59,11,0.31,33.24,2025-12-29T09:44:51.576598771Z,101.66
