ax0,ax1,ax2,ax3,ax4,ax5,ax6,ax7,ax8,ax9,ay0,ay1,ay2,ay3,ay4,ay5,ay6,ay7,ay8,ay9,az0,az1,az2,az3,az4,az5,az6,az7,az8,az9,gx0,gx1,gx2,gx3,gx4,gx5,gx6,gx7,gx8,gx9,gy0,gy1,gy2,gy3,gy4,gy5,gy6,gy7,gy8,gy9,gz0,gz1,gz2,gz3,gz4,gz5,gz6,gz7,gz8,gz9,ir,red,temp,time
2588,-14984,-13272,-11724,-11028,-11012,-11044,-10908,-10808,-10056,28524,13868,13452,13148,12632,12204,11536,11252,11532,12096,-3328,32767,32767,32767,32767,32767,32767,32767,32767,32767,-23760,12656,9588,6504,3382,319,-2574,-5361,-7712,-9888,-4238,8475,8278,8107,7880,7510,7229,6957,6686,6396,-7503,-930,-1859,-2437,-2832,-3237,-3918,-4763,-5598,-6424,186926,66489,30.5,2026-01-07T15:25:24.700707747Z
32767,448,1128,2348,3900,6884,9408,12072,15272,17680,23588,30968,32128,32767,32767,32767,32767,32767,32767,32767,-32768,-5424,-5692,-5140,-4908,-8020,-10944,-12960,-17148,-22152,1346,-25661,-26030,-26468,-27127,-27264,-27038,-27030,-27173,-27343,-8084,-7701,-9497,-11333,-13989,-16825,-20154,-23917,-28520,-32768,-12990,-9360,-9926,-10367,-10687,-10787,-10575,-10148,-9769,-9247,203807,93968,30.5,2026-01-07T15:25:29.409648504Z
-28068,-21192,-28460,-18232,-5384,-56,-8936,-15776,-15076,-6732,23092,2320,3552,16012,30516,32767,32767,20196,14888,16204,28,24044,32767,23092,2872,-15060,-11160,2240,7008,1960,-31953,-29811,-32768,-32349,-25870,-16483,-10725,-10527,-13773,-16134,-4810,-22802,-24189,-22335,-17542,-11485,-6625,-3045,-603,817,-4409,-11474,-12187,-10246,-5374,-1639,-3017,-7146,-10860,-11204,189078,93381,30.56,2026-01-07T15:25:33.078105129Z
-2040,-3596,-3764,-3832,-3892,-3756,-3660,-3612,-3368,-2992,17616,15156,15040,15076,15060,15024,15204,15196,15224,15308,24,-2872,-2820,-2836,-3048,-3048,-3228,-2616,-2660,-2516,-10224,-5471,-5587,-5662,-5760,-5828,-5831,-5852,-5891,-5927,-6984,-4284,-4364,-4409,-4393,-4364,-4286,-4219,-4145,-4100,-3930,-611,-556,-516,-506,-510,-504,-534,-622,-650,200678,96920,30.5,2026-01-07T15:25:35.754861599Z
-2220,2920,2644,732,712,3536,6072,8088,10056,11768,16472,30884,32767,32767,32767,32767,32767,32767,32767,32767,-2028,-6680,-6824,-5004,-5668,-11052,-15224,-16916,-19196,-23924,-5923,-25259,-25588,-26236,-26702,-26310,-25611,-25618,-26362,-27175,-5255,-5715,-6104,-6334,-7488,-8758,-10405,-12889,-16269,-19876,-950,-5466,-5527,-5639,-5716,-5842,-5817,-5738,-5552,-5146,202765,91904,30.5,2026-01-07T15:25:38.009049366Z
-20504,-3072,-3252,-3548,-4076,-4376,-4116,-3596,-2968,-1884,22344,3532,4516,5840,7008,7896,8616,9332,10392,11132,-2436,-5796,-5928,-5952,-5228,-4500,-4232,-4240,-4596,-5196,-32477,26135,26994,27984,29006,29825,30516,31100,31656,32316,3504,-6141,-3858,-1524,798,3039,5072,6942,8510,9997,-4192,3563,3462,3324,3129,2900,2702,2501,2453,2562,186521,87143,30.5,2026-01-07T15:25:40.320679137Z
1604,-4600,-3844,-2908,-2204,-1576,-1344,-1332,-1704,-1996,15652,17984,17016,16288,16056,15964,16092,16312,16672,17132,-5104,-3852,-3176,-2784,-2548,-2120,-1980,-2092,-2180,-2496,32767,-5466,-5219,-4941,-4586,-4181,-3778,-3455,-3174,-2955,16617,-3718,-2851,-2281,-2084,-2180,-2442,-2723,-3020,-3182,5421,-2089,-2003,-1871,-1753,-1610,-1418,-1267,-1146,-1062,197319,96806,30.5,2026-01-07T15:25:43.321328493Z
-2696,-2932,-3184,-3416,-3016,-1844,-968,380,1176,1492,14520,20996,18308,16924,15996,15764,15768,15544,15480,15540,-3292,-2976,-2944,-2468,-1420,-772,-512,40,176,440,-3109,-9227,-9269,-9579,-9728,-9440,-8838,-8077,-7450,-7078,-5221,-5044,-2894,-935,403,1167,1400,1134,456,-531,300,-1676,-1957,-2133,-2211,-2263,-2272,-2223,-2212,-2123,185870,90114,30.5,2026-01-07T15:25:46.603895888Z
-3736,-2044,-1844,-1668,-1688,-1888,-1876,-1832,-1936,-2044,15656,16036,16184,16532,16764,17004,17384,17368,17432,17508,-2444,-1016,-1016,-1136,-1224,-1236,-1612,-1568,-1588,-1632,-6080,-3462,-3388,-3342,-3323,-3344,-3369,-3385,-3399,-3417,-2315,-4692,-5177,-5617,-6116,-6508,-6750,-6836,-6805,-6659,-1061,778,744,770,782,688,650,658,675,668,196495,96837,30.5,2026-01-07T15:25:49.069251403Z
-288,-740,160,1128,1672,1312,956,-68,-660,-1460,17336,17900,17532,16852,16724,16912,17232,17652,17848,17712,-1012,-2912,-2764,-2592,-2204,-2196,-2072,-2648,-2792,-3316,-4525,-6991,-6661,-6360,-6209,-5984,-5695,-5389,-5083,-4854,-7919,-393,53,-44,-506,-1146,-1721,-2227,-2558,-2711,605,-3424,-3474,-3391,-3242,-3001,-2833,-2653,-2462,-2316,190033,92703,30.5,2026-01-07T15:25:51.723587259Z
-2512,1272,1208,1332,1404,1316,1388,1192,1264,1512,15036,18648,19500,20048,20864,21356,21560,21728,21648,21496,-4024,-1676,-1924,-2240,-2668,-2768,-2936,-3220,-3464,-3540,-4536,-13659,-14059,-14424,-14926,-15230,-15682,-16131,-16770,-17323,-3996,-3485,-3213,-2936,-2749,-2613,-2488,-2440,-2433,-2518,-687,-2547,-2503,-2524,-2567,-2599,-2690,-2685,-2743,-2795,199996,96480,30.5,2026-01-07T15:25:53.981983447Z
1056,-4972,-4056,-2072,-1128,1944,4080,-9788,-10596,-2716,25116,11808,12040,13228,16072,18148,12140,-992,-288,9228,-6916,-1484,-2264,-6596,-13324,-17512,-10692,12368,13248,-2528,-24518,-16864,-15069,-12149,-8266,-3249,282,-3897,-9437,-9335,-3210,7883,7111,5886,3644,1755,3243,2110,448,-1835,-4528,-8054,-6805,-5523,-4529,-3124,-1861,-2783,-3806,-3705,190517,90299,30.5,2026-01-07T15:25:59.114661482Z
3764,-3196,-3120,-3248,-3316,-3112,-3336,-3296,-3668,-3868,3004,18512,19312,20308,21252,22324,23680,25268,26616,27604,-17308,-5224,-5252,-5176,-4788,-4824,-4892,-4556,-3936,-3552,12688,32767,32767,32767,32767,32767,32767,32767,32767,32767,-12853,13412,13329,13284,13234,13179,13182,13293,13465,13700,5095,10671,10949,11183,11393,11581,11781,12014,12253,12428,171383,79915,30.5,2026-01-07T15:26:01.756919425Z
-3524,-3776,-3568,-3272,-3268,-3560,-3500,-3592,-3112,-2728,32767,15980,16312,16792,17340,17956,18228,19132,19600,19680,6928,-2568,-2932,-3044,-2868,-2772,-2628,-3028,-3240,-3000,32767,-11307,-11495,-11695,-11970,-12254,-12590,-12815,-12898,-13192,13390,-4016,-4349,-4624,-4887,-5171,-5428,-5684,-5964,-6148,14070,-2727,-2749,-2627,-2521,-2422,-2302,-2219,-2156,-2065,196939,95978,30.5,2026-01-07T15:26:04.013348047Z
-456,-476,-472,-368,-348,-336,-88,-112,348,396,16880,17020,17360,17468,17532,17676,17816,18028,18204,18420,-3728,-3696,-3680,-3640,-3428,-3316,-3244,-3156,-2920,-2780,20967,21354,21738,22134,22461,22800,23105,23432,23715,23992,-4442,-4507,-4498,-4535,-4506,-4490,-4456,-4481,-4481,-4563,230,249,242,180,163,104,132,99,109,173,186873,88771,85,2026-01-07T15:28:49.077518473Z
2400,804,692,744,820,760,744,700,724,684,19748,16052,15876,16012,15976,15960,15996,16088,16112,15932,-1820,-2280,-2480,-2416,-2460,-2488,-2448,-2484,-2424,-2580,25236,156,145,164,182,188,192,198,192,190,-7348,-70,-126,-128,-116,-142,-131,-151,-156,-121,1098,-2,14,-11,21,0,29,22,-1,0,204224,97141,30.75,2026-01-07T15:28:51.578376703Z
652,416,508,492,460,556,564,568,572,572,15904,16008,15848,15904,15820,15848,15792,15764,15764,15756,-2384,-3980,-3904,-4032,-3816,-3864,-3968,-3944,-3940,-3836,221,-20,-25,-48,-71,-75,-107,-126,-161,-159,-48,119,103,95,80,44,63,52,77,91,6,1548,1577,1656,1624,1692,1711,1717,1744,1754,204488,97505,30.81,2026-01-07T15:28:54.191704333Z
780,-25828,-23540,-19048,-15268,-12676,-13160,-10920,-9620,-9632,15908,25884,29180,31468,32008,31764,30272,28236,25796,22976,-3872,-4964,-9932,-12564,-11412,-11016,-11704,-9868,-7780,-5112,-254,-31018,-29178,-26559,-23932,-21041,-18285,-16207,-14446,-13239,-18,-4530,-1736,966,3346,4745,5103,5819,6689,7917,2030,-6054,-6694,-6822,-6168,-5394,-5367,-5551,-5745,-6019,186713,92623,30.81,2026-01-07T15:28:57.232934574Z
-216,-1884,-2092,-1836,-804,132,436,372,420,440,12708,16284,16632,16872,17392,17808,17932,18104,18256,18432,-9796,-1032,-632,-468,-1176,-1716,-1548,-1484,-1268,-1164,3340,-9536,-9667,-9731,-9741,-9751,-9849,-10009,-10155,-10334,-132,-3677,-3780,-4203,-4695,-5091,-5418,-5679,-5768,-5668,-4476,-2702,-2898,-3011,-3041,-3008,-2937,-2895,-2911,-2846,201433,97117,30.81,2026-01-07T15:29:02.18781225Z
1688,-2304,-1620,-1024,-16,1300,2192,2940,3720,4024,19940,21600,21868,21952,22280,22680,22692,22976,23436,23788,-3064,-3148,-2560,-2300,-2524,-2648,-2672,-2260,-2188,-2116,-14802,-15719,-16211,-16669,-17173,-17657,-18131,-18750,-19377,-19939,-2000,-7299,-7276,-7006,-6552,-5965,-5289,-4656,-4093,-3563,-3007,-3027,-2891,-2771,-2721,-2724,-2751,-2860,-3032,-3082,193035,96399,30.81,2026-01-07T15:29:04.653917033Z
4288,2032,1788,1464,1304,852,628,432,144,-192,30696,30256,31684,32720,32767,32767,32767,32767,32767,32767,-6300,-560,-180,212,1800,2944,3988,5512,7540,9720,-25290,32767,32767,32767,32767,32767,32767,32767,32767,32767,-1793,8524,8806,9003,9198,9402,9470,9290,8879,8128,-4312,14356,14735,14982,15178,15376,15504,15775,16033,16326,165241,80003,30.81,2026-01-07T15:29:07.101595362Z
-16792,3420,2656,1604,-76,-1968,-4436,-6108,-6636,-6064,32767,15584,15312,15444,15784,15804,15596,15476,15484,15500,22712,-520,-1880,-3664,-4880,-4868,-4844,-4432,-4416,-4312,32767,-6070,-6507,-6701,-6630,-6537,-6531,-6396,-6217,-5928,4474,-9957,-11788,-12648,-12359,-11220,-9362,-7053,-4571,-2151,13123,-4070,-3727,-3243,-2756,-2651,-2899,-3359,-3643,-3902,183724,87980,30.81,2026-01-07T15:29:10.236589905Z
56,-2708,-2188,-1964,-1800,-2052,-2224,-2684,-2740,-2864,17708,15548,15116,14624,14372,14472,14660,14856,14904,15044,-2428,-3324,-3348,-3236,-2912,-3088,-3052,-3048,-3224,-3124,-3942,-4624,-4648,-4847,-5222,-5394,-5516,-5525,-5566,-5629,-2627,-3990,-3974,-4060,-4373,-4741,-5124,-5461,-5696,-5797,-2303,-516,-538,-534,-546,-500,-612,-605,-636,-644,199913,97835,30.81,2026-01-07T15:29:12.638730016Z
-2352,4404,4968,4880,3980,4508,2240,5356,8356,7008,16924,28624,29420,30748,31740,32767,32767,32767,32767,32767,-2240,-5856,-6736,-7732,-6524,-6136,-8468,-15148,-19860,-20572,-5732,-23691,-24301,-24882,-25607,-26337,-26786,-26314,-25667,-25853,-5345,-9148,-9519,-9594,-9368,-9342,-10393,-11627,-12689,-14513,-861,-3824,-3896,-3897,-3868,-3866,-4188,-4598,-4699,-4757,205438,95233,30.75,2026-01-07T15:29:14.887382842Z
-15492,3268,2412,1832,1520,552,-632,-1912,-3720,-5056,22776,4800,4208,4440,4592,4220,3716,2964,1992,1504,4860,-13332,-12980,-13620,-14280,-14624,-14228,-13384,-11732,-10204,-32768,5960,6513,7607,9266,11134,13077,14812,16256,17502,-3825,-1772,-1358,-765,93,991,2057,3262,4460,5812,-3845,4503,4846,5295,5764,6131,6350,6374,6329,6204,194602,90998,30.75,2026-01-07T15:29:17.135645825Z
-1608,-6184,-6932,-7892,-9044,-9600,-10784,-11528,-12232,-13364,7676,25584,25780,25760,25736,25580,25328,25448,25672,26572,-7420,14104,15504,17932,20840,23108,26144,28964,30868,32767,28090,32767,32767,32767,32767,32767,32764,30980,29244,27817,14378,6209,5645,4881,4004,3178,2202,1062,-423,-1987,6224,11471,11630,11772,11828,11748,11361,10831,10191,9585,165946,79336,30.75,2026-01-07T15:29:19.400312263Z
-20800,-5784,-18872,-25988,-29960,-25280,-20328,-19612,-21720,-19948,15976,14284,11720,9896,13556,22544,29308,28384,20888,13864,32767,-1576,7408,12524,11940,1060,-9796,-12052,-7168,-2120,13584,-15645,-16722,-18358,-19521,-18066,-13864,-9705,-8254,-9413,-6622,-30667,-29568,-27156,-24192,-19305,-13684,-7498,-2411,1519,2751,-9676,-10714,-11697,-12457,-11325,-8586,-6281,-5757,-6084,181275,86541,30.75,2026-01-07T15:29:21.649037635Z
-3532,-6912,-8916,-11916,-15156,-17424,-20068,-21896,-22592,-23548,17928,32767,32767,32767,32767,32767,31788,29848,28396,26008,-1964,22996,25256,28600,31812,32767,32767,32767,32767,32767,-7871,32767,32767,32767,32755,31190,29488,27784,26031,24245,-5088,3526,1334,-463,-1803,-2623,-3034,-2983,-2719,-2361,-90,16711,16466,15846,14929,13877,12649,11442,10251,8971,166188,70759,30.75,2026-01-07T15:29:26.562067094Z
-17056,-3444,-4220,-4104,-3504,-3376,-3460,-3752,-3496,-3400,15340,16660,16376,16284,15996,15680,15556,15768,15768,15848,32767,-2388,-2480,-3072,-3704,-4176,-3924,-3960,-3868,-3800,4166,-6936,-6997,-7006,-7023,-7214,-7487,-7745,-8049,-8378,9475,-7189,-7683,-8229,-8708,-9080,-9404,-9611,-9642,-9531,-913,-2296,-2485,-2504,-2463,-2438,-2431,-2383,-2335,-2357,201577,97764,30.75,2026-01-07T15:29:28.808716453Z
-260,-7164,-8176,-10092,-11880,-13816,-13888,-13980,-14812,-15868,19736,27152,26096,24064,22188,20940,20484,19732,18092,17076,-3028,-15732,-15036,-12260,-9620,-7340,-5744,-3540,1352,5364,-13169,-23009,-21636,-20519,-20054,-20004,-19958,-19951,-20394,-20880,-5003,-7139,-6085,-4806,-3561,-2224,-303,1986,4452,6903,-2444,-4142,-3946,-3759,-3759,-4031,-4368,-4412,-4343,-4411,186292,93046,30.69,2026-01-07T15:29:32.093456563Z
-5524,-728,-944,-1036,-1292,-1448,-1476,-1472,-1368,-1256,16788,21312,21884,22672,23312,23856,24708,25436,25988,26500,-1144,-2708,-2420,-1792,-1152,-288,344,1344,2128,3000,-4913,32767,32767,32767,32767,32767,32767,32767,32767,32767,10397,8503,8390,8381,8395,8637,8992,9573,10331,11057,-4651,9926,10184,10452,10652,10827,10979,11133,11282,11442,171323,77006,30.69,2026-01-07T15:29:34.352956382Z
-6176,-6644,-4976,-3972,-3128,-2700,-2492,-2224,-2288,-2204,32767,14916,15248,15560,15756,16296,16792,17432,17660,17480,19156,-4416,-4304,-4360,-3992,-3548,-3312,-3384,-3188,-3312,32767,-7092,-6653,-6274,-6096,-6007,-5857,-5587,-5327,-5118,3691,-1585,-42,923,1344,1422,1228,950,567,156,14820,-3200,-3173,-2971,-2666,-2329,-1982,-1708,-1443,-1210,187748,90463,30.69,2026-01-07T15:29:36.998540871Z
-1092,-11880,-5784,1372,-3044,-9500,-5804,-180,4216,6376,16408,19324,23788,25064,20768,16936,15436,16004,15728,15228,-3292,2248,-6568,-11972,-7840,-980,-1160,-4936,-10456,-15324,-4443,-17943,-13072,-7322,-4456,-4594,-4346,-2834,-264,2524,-2047,15798,15111,15485,15968,13578,10695,9144,8052,6465,-239,-6712,-5537,-3777,-3742,-4659,-5341,-4640,-3496,-2417,194694,92301,30.69,2026-01-07T15:29:39.260360594Z
2436,-2768,-4144,-5672,-5612,-5452,-3772,-4388,-7568,-7608,5816,17924,19712,20540,19020,17740,16252,15376,15504,16712,-13984,1008,-852,-2676,-3508,-3152,-3196,-812,3804,6296,14224,-14883,-13300,-11409,-10111,-9564,-9718,-10269,-10952,-11552,-6046,-11734,-10215,-7959,-5605,-3402,-1454,53,416,380,6163,-3815,-4265,-5292,-6293,-6924,-7156,-6995,-7052,-7084,164831,80366,30.69,2026-01-07T15:29:41.712736283Z
-2364,-2576,-2824,-2964,-3168,-3100,-2972,-2904,-2924,-2872,17632,16120,16192,16124,16000,16020,15932,15688,15592,15708,-4308,-3128,-3252,-3168,-3224,-3404,-3648,-3740,-3472,-3600,-7550,-7435,-7475,-7577,-7660,-7788,-8028,-8237,-8637,-8933,-11315,-6421,-6340,-6377,-6380,-6430,-6399,-6304,-6107,-5812,-3560,-1507,-1453,-1419,-1411,-1457,-1527,-1635,-1677,-1773,200017,96943,30.69,2026-01-07T15:29:44.18907801Z
-1348,2248,2404,2568,2756,2772,2600,2264,1952,1172,19068,24960,25248,25704,26252,26560,26836,27152,27348,27540,-3876,-448,-40,1044,1908,2848,4048,5184,6272,7812,-13861,32767,32767,32767,32767,32767,32767,32767,32767,32767,-4769,4853,4986,5320,5851,6591,7417,8247,9048,9874,-2419,10072,10398,10734,11067,11409,11754,12070,12350,12440,163896,77802,30.69,2026-01-07T15:29:46.835180179Z
-11536,-14636,-17220,-19160,-21512,-22836,-23416,-24728,-24996,-24924,28956,31824,31596,30700,28724,27000,25360,23184,20592,18672,27080,29328,32340,32767,32767,32767,32767,32767,32767,32767,31333,28876,27412,25947,24425,22907,21461,19764,17683,15355,9183,-1590,-2828,-3697,-4365,-4874,-5117,-5220,-5114,-4489,14331,13253,12358,11322,10161,8909,7811,6638,5377,4141,163833,75407,30.69,2026-01-07T15:29:49.91347501Z
-14408,-4652,-6232,-8352,-10452,-11264,-12460,-14760,-15336,-14756,13816,29392,28832,28004,27560,27380,26832,25220,23424,22128,32767,-13156,-13164,-12984,-12700,-12836,-11556,-9400,-5732,-2800,-5937,-27924,-27170,-26266,-25121,-23703,-22314,-21283,-21013,-21146,5874,1054,1622,1510,1729,2654,3842,5081,6794,9514,-4251,-2816,-3030,-3326,-3673,-3810,-3623,-3524,-3575,-3644,181846,87460,30.62,2026-01-07T15:29:52.361696388Z
8128,-1780,-1696,-1556,-1564,-1516,-1776,-1820,-1760,-1728,19024,16532,16408,16224,16172,16124,16140,15996,16024,15936,-9844,-3244,-3052,-2892,-2992,-2928,-2984,-2868,-3028,-3040,-2293,-3844,-3701,-3582,-3509,-3394,-3351,-3255,-3162,-3102,17767,-1536,-1627,-1774,-2009,-2195,-2367,-2575,-2810,-3049,413,-209,-156,-105,-15,-4,37,82,113,108,193756,93920,30.62,2026-01-07T15:29:54.841122127Z
-1916,2380,2336,2732,2708,2612,2720,3020,3664,4364,15788,23828,24180,24780,25068,25804,26408,26932,27592,28264,-3672,-4084,-4428,-4860,-4996,-4996,-5404,-5560,-6188,-7168,-3934,-19254,-19799,-20312,-20888,-21411,-21954,-22467,-22964,-23474,-5580,-3800,-3640,-3350,-3057,-2748,-2469,-2195,-2195,-2216,-126,-2049,-2086,-2172,-2294,-2398,-2526,-2661,-2748,-2829,200316,97607,30.62,2026-01-07T15:29:57.292503476Z
6076,1124,-1676,-3540,-5220,-5920,-5880,-5720,-5044,-4212,32767,16532,15952,15776,15844,15376,14968,14928,14992,15540,-22512,-1888,-2684,-3788,-4884,-5204,-5120,-4996,-4580,-3900,-26040,-8602,-8546,-8354,-7957,-7588,-7387,-7202,-7013,-6737,-6931,-11211,-11598,-11200,-10156,-8488,-6460,-4411,-2585,-1116,-4538,-4337,-3863,-3697,-3723,-3756,-3792,-3809,-3720,-3640,187942,90858,30.62,2026-01-07T15:30:02.241810579Z
-1876,7356,4120,584,-2528,-2860,940,6172,7164,3820,17048,30308,30508,25680,22524,20648,19088,16592,12276,7996,-3640,13804,9792,10840,11192,8192,3628,-772,-4196,-3588,-3929,-32413,-30487,-27378,-23129,-17671,-12160,-8591,-7414,-9561,-2963,7512,10232,12168,12667,10718,5603,988,-3750,-8503,-1137,98,3860,1092,-4626,-9262,-11031,-10118,-8206,-6494,158702,72621,30.69,2026-01-07T15:30:05.085514866Z
-10088,-3312,-2948,-2948,-2412,-2016,-1308,-596,-32,436,17024,6416,8460,9716,10324,10900,11376,11688,12332,13036,3852,-5660,-5984,-5964,-5924,-6084,-6720,-7036,-7868,-7964,-10666,21728,22693,23932,25156,26341,27349,28335,29226,30076,1375,6305,7207,7911,8484,8831,8977,8995,8858,8602,-7466,5908,6062,6090,6046,5999,6009,6095,6272,6547,185254,86750,30.62,2026-01-07T15:30:07.311794991Z
-252,-1004,-796,-764,-972,-1316,-1500,-1644,-1836,-1884,16516,15752,15740,15624,15400,15324,15224,15160,14964,15104,-4664,-3968,-3920,-3860,-3652,-3944,-4112,-4016,-3976,-3848,32767,-4003,-4053,-4164,-4291,-4430,-4560,-4707,-4879,-5116,4876,-2247,-2590,-2947,-3272,-3535,-3747,-3769,-3748,-3721,8694,1166,1156,1049,996,904,834,745,654,563,201013,97217,30.62,2026-01-07T15:30:10.650144865Z
-1544,-11008,-11040,-10552,-11992,-13972,-15624,-14420,-14852,-15004,15420,30312,30796,30060,27864,25920,23964,22460,20948,19348,-3980,-17552,-18164,-17304,-14236,-11628,-9188,-6724,-4096,84,-6727,-28130,-26237,-24043,-22131,-21129,-20663,-20444,-20420,-20677,-5543,-6000,-4832,-2712,-1089,105,1573,4621,7710,10862,-508,-4578,-4340,-3918,-3561,-3545,-4126,-4517,-5094,-5491,183446,87651,30.62,2026-01-07T15:30:13.25844077Z
-6748,2456,2760,2564,2480,1172,1400,3432,4668,4248,17040,26380,26732,27164,28104,28880,30772,32767,32767,32767,-476,-7288,-7804,-8056,-8380,-7296,-8728,-13508,-16700,-18084,-4322,-23651,-24222,-24899,-25593,-26425,-27080,-27262,-27396,-27708,7747,-4358,-4856,-5436,-6028,-6104,-6741,-6886,-7067,-7268,-5369,-2926,-3078,-3256,-3445,-3734,-4022,-4224,-4203,-4145,205267,95909,30.62,2026-01-07T15:30:17.764754633Z
-2224,-12392,-12148,-11668,-12232,-11692,-11828,-12748,-13728,-13984,29516,32024,30384,28776,26084,22620,21072,18900,17892,17368,-14128,-19608,-20520,-19484,-16556,-11972,-9008,-4220,120,3216,-30097,-26790,-24140,-21629,-19773,-18768,-18366,-18485,-18955,-19126,-10404,681,1251,1829,2707,4304,6087,7996,9854,11518,-6006,-6418,-5941,-5597,-5448,-5531,-5543,-5767,-6055,-6381,189742,93430,30.56,2026-01-07T15:30:20.050172797Z
11020,-556,-600,-688,-812,-960,-1112,-1336,-1576,-1556,21404,17564,17504,17472,17368,17052,16820,16444,16212,15832,-20880,-3580,-3392,-3400,-3432,-3456,-3420,-3588,-3600,-3940,7516,-4151,-4014,-3852,-3678,-3562,-3435,-3318,-3200,-3128,1973,-646,-1280,-1803,-2271,-2675,-2983,-3228,-3427,-3551,-1773,-480,-383,-292,-190,-69,21,78,138,148,201230,96768,30.62,2026-01-07T15:30:24.527091933Z
-1788,5528,5820,5820,5312,5180,5376,5356,4560,3164,15548,30760,32268,32767,32767,32767,32767,32767,32767,32767,-4860,-15196,-16592,-18780,-21240,-23632,-26676,-28332,-28568,-27136,-3681,-27540,-28138,-28341,-28311,-28175,-27951,-27560,-27402,-27621,-5251,-8249,-9422,-10533,-11387,-12159,-12488,-12948,-13362,-13830,-78,-4325,-4375,-4354,-4241,-4233,-4276,-4391,-4588,-4826,205933,90520,30.62,2026-01-07T15:30:26.773522661Z
-8396,-792,-1204,-1544,-1476,-1300,-936,-680,-180,-268,31364,28128,29184,29836,30808,32216,32767,32767,32767,32767,-15708,-936,-116,680,2104,3052,3196,3992,5908,7616,-30312,32767,32767,32767,32767,32767,32767,32767,32767,32767,-800,15667,15833,16190,16850,17432,17857,17850,17559,16674,-4821,12852,13215,13405,13673,13995,14478,14940,15420,15818,167760,80375,30.62,2026-01-07T15:30:29.02052332Z
-27928,-24336,-26068,-27696,-25788,-24044,-25508,-27164,-14148,4568,15564,15544,13816,13392,15644,18452,19492,21984,27272,32767,32767,32767,32767,32767,32767,32767,32767,32767,20716,-10088,-28,-1643,-4179,-6937,-9028,-10413,-11860,-13353,-13703,-10098,20354,22296,24208,25156,25175,24749,23292,19930,16256,13501,1160,35,-1409,-2781,-3907,-5216,-7011,-9113,-9928,-8994,153441,75652,85,2026-01-07T15:31:31.813375613Z
6072,-1828,-960,-612,-652,-1256,-2108,-2368,-2376,-2068,22520,17348,16868,16632,16776,16924,17044,17184,17020,16916,3476,-2100,-2796,-3172,-3288,-3616,-3408,-3696,-4168,-4944,-18090,-6838,-6824,-6946,-7152,-7356,-7563,-7845,-8217,-8629,20703,-9747,-10402,-11004,-11616,-11922,-12012,-11959,-11726,-11326,-8135,-2144,-2140,-2040,-1981,-1874,-1857,-1881,-1882,-1991,200099,97273,30.62,2026-01-07T15:31:35.181858843Z
896,-1868,-1084,-360,720,1452,1844,2272,2648,3012,19364,11504,12140,12728,13300,14012,14412,14684,14944,15392,-4528,-5488,-5856,-5748,-5948,-6012,-5696,-5544,-5388,-5268,-15806,27681,28676,29625,30506,31384,32161,32767,32767,32767,-4531,8463,8752,8765,8627,8260,7817,7240,6616,5948,-2570,5688,5765,5942,6255,6627,6977,7268,7511,7780,183059,86129,30.62,2026-01-07T15:31:41.072161467Z
48,596,-756,-1584,-1952,-2392,-3032,-3156,-3204,-2712,16912,2120,2692,3948,5360,7268,8504,9620,10064,10436,-3264,-9340,-7616,-6396,-6516,-6884,-6704,-6588,-6484,-6320,32767,21277,21987,22621,23448,24601,25734,26839,27835,28637,1133,-5381,-4828,-4098,-3108,-1970,-530,897,2374,3768,10042,6813,7191,7421,7499,7516,7471,7410,7347,7359,188088,88759,30.62,2026-01-07T15:31:45.992212356Z
20,5488,5856,6832,6752,5036,3652,3036,3332,3760,15504,12804,10772,8576,6496,4764,4448,4472,4564,4508,-5000,-18252,-19580,-21276,-21904,-20532,-19368,-17988,-17228,-16884,32767,2051,3126,4113,4983,5761,6784,8289,10231,12376,9069,-2206,-3293,-3931,-4304,-4580,-4900,-5156,-5300,-5178,8474,-162,851,1605,2230,2741,3298,4051,4937,5820,190703,90788,30.62,2026-01-07T15:31:49.314712279Z
-2276,-424,464,1488,1864,2400,2952,3500,4056,4700,9208,11720,12996,14428,15324,16092,16548,17332,17888,18396,-6796,-6200,-7276,-8108,-8136,-8156,-7912,-7732,-7504,-7124,24824,32767,32767,32767,32767,32767,32767,32767,32767,32767,1560,20793,20904,20874,20734,20496,20026,19370,18474,17416,8127,658,1016,1595,2269,2992,3709,4490,5264,6023,183592,85783,30.62,2026-01-07T15:31:52.196532275Z
-2276,-424,464,1488,1864,2400,2952,3500,4056,4700,9208,11720,12996,14428,15324,16092,16548,17332,17888,18396,-6796,-6200,-7276,-8108,-8136,-8156,-7912,-7732,-7504,-7124,24824,32767,32767,32767,32767,32767,32767,32767,32767,32767,1560,20793,20904,20874,20734,20496,20026,19370,18474,17416,8127,658,1016,1595,2269,2992,3709,4490,5264,6023,183592,85783,30.62,2026-01-07T15:31:59.242999122Z
724,-3348,-4404,-5212,-5452,-5456,-5056,-4108,-3000,-2300,22908,16520,16508,16412,16360,16260,16124,16188,16044,16184,-1360,-4880,-4764,-4580,-4188,-3816,-3824,-3828,-3676,-3396,32767,-7676,-7428,-7126,-6796,-6524,-6169,-5846,-5568,-5344,5658,-9519,-8203,-6555,-4775,-3185,-1733,-658,-24,257,12306,-2590,-2693,-2847,-2926,-2995,-2953,-2904,-2739,-2438,181804,87768,30.56,2026-01-07T15:32:07.845541719Z
-2164,608,-140,840,3156,5348,6612,5380,4044,3384,16296,32767,32767,32767,32767,32767,32767,32767,32508,31032,-3824,-19452,-19976,-20904,-22504,-23688,-24808,-23008,-20640,-15652,-3941,-27738,-27710,-27498,-27352,-27197,-27123,-27501,-28168,-28957,-2224,-7019,-6468,-6312,-6858,-7570,-8659,-9644,-10393,-10109,-298,-2329,-2882,-3538,-4165,-4542,-4567,-4594,-4769,-5119,207288,95703,30.62,2026-01-07T15:32:10.557052768Z
-18868,-15952,-16404,-16416,-15692,-14028,-14044,-13716,-13728,-13504,32767,32472,31880,30952,29624,28540,26272,22032,18732,16404,-16240,-14924,-14092,-13640,-12952,-11672,-8500,-488,5116,9812,-29511,-26858,-25612,-23967,-22262,-20433,-18929,-18728,-19626,-20932,2011,250,2443,4566,6364,9124,11410,14050,15988,16176,-4344,-6239,-6334,-6766,-7182,-7407,-7733,-8085,-8775,-9800,190117,93777,30.56,2026-01-07T15:32:15.827617052Z
-1180,2444,2448,1864,1324,928,484,-236,-828,-1168,15900,17804,17944,18028,18336,18760,18896,18976,19096,19156,-7236,-3484,-3396,-3260,-3312,-3408,-3244,-3040,-2636,-2380,490,32767,32767,32767,32767,32767,32767,32767,32767,32767,-8451,8170,7175,6385,5808,5433,5348,5463,5701,6222,-8242,5852,6149,6444,6711,6956,7155,7386,7498,7651,178113,81085,30.62,2026-01-07T15:32:18.699001205Z
-396,-1008,-3344,-4092,-4640,-4848,-4868,-4892,-4644,-4436,23628,4232,5380,6464,7528,8052,8296,8880,9792,10568,2112,-9588,-8092,-7044,-6268,-5528,-5048,-5076,-5332,-5620,32767,21906,22836,23820,24788,25753,26482,27220,28020,28972,13643,-3658,-2582,-1184,512,2116,3632,5017,6177,7038,9980,9721,9833,9866,9860,9823,9608,9392,9168,8974,186782,88154,30.62,2026-01-07T15:32:23.960473456Z
804,300,272,-200,-436,-736,-1072,-1216,-1008,-1108,16324,22068,22792,23908,24576,25284,26184,26828,27232,27856,-5872,-1964,-1052,240,1468,2632,3988,5116,6372,7476,32767,32767,32767,32767,32767,32767,32767,32767,32767,32767,10421,8902,8947,9054,9385,10017,10943,11967,13112,14502,10159,7758,8075,8307,8568,8775,8992,9207,9481,9762,167365,80671,30.62,2026-01-07T15:32:26.800498547Z
-8452,-1860,-1952,-1680,-676,-640,-1148,-1652,-1832,-2384,31376,18904,19420,20548,21832,22644,23212,23700,24236,24960,28288,-684,-784,-1952,-2844,-2636,-1692,-536,484,1468,32767,32767,32767,32767,32767,32767,32767,32767,32767,32767,10090,10327,10054,9685,9215,8734,8397,8218,8315,8678,12466,10277,10369,10513,10715,11015,11307,11463,11574,11717,174761,79793,30.62,2026-01-07T15:32:29.643157599Z
-3944,-1944,-2208,-2416,-3304,-4044,-4468,-4892,-4948,-4784,30092,22128,22620,23484,24460,25232,25852,26680,27268,27996,15552,-2592,-2168,-1272,-652,1064,1972,3480,4848,6004,32767,32767,32767,32767,32767,32767,32767,32767,32767,32767,15687,12097,12411,12671,13246,14026,14969,15922,16759,17406,13683,11778,12024,12267,12330,12326,12230,12314,12625,12756,169457,79436,30.62,2026-01-07T15:32:33.306471812Z
-10124,-2384,-2272,-2124,-1768,-1264,-796,-644,-668,-832,32232,15444,15232,15552,15464,15432,15320,15568,15748,15748,23832,-4676,-4448,-4264,-3876,-3560,-3556,-3580,-3496,-3616,32767,-5142,-5258,-5322,-5436,-5532,-5701,-5891,-6007,-6159,828,-4956,-4880,-4848,-4936,-5213,-5463,-5766,-6094,-6306,15639,-345,-517,-661,-797,-866,-956,-1068,-1167,-1311,204039,98094,30.62,2026-01-07T15:32:35.711025529Z
-720,-7276,-4640,-2936,-1256,-12,360,484,564,176,16024,13812,13584,13576,14188,15448,16480,17804,18616,18984,-2840,-4964,-4560,-4004,-3016,-2068,-1708,-1720,-1984,-2088,-7295,-7186,-6788,-6517,-6352,-6181,-5891,-5526,-5124,-4788,-3615,757,2384,3019,2862,2378,1753,968,237,-428,-1817,-3730,-3868,-3856,-3747,-3573,-3341,-3071,-2794,-2517,191043,93562,30.62,2026-01-07T15:32:41.832493776Z
-2136,-2876,-2576,-2292,-1952,-1680,-1352,-1188,-1060,-1432,15732,15388,15340,15156,15120,15200,15412,15544,15500,15732,-3168,-3948,-4048,-4012,-4048,-3928,-4076,-4236,-4040,-3916,-3069,-3112,-3160,-3237,-3322,-3431,-3529,-3643,-3782,-3879,-2287,-4656,-4848,-5048,-5239,-5561,-5859,-6199,-6581,-6824,-1406,1073,1105,1101,1049,1003,955,936,924,888,204830,97084,30.62,2026-01-07T15:32:45.930289391Z
-2612,-1028,-4092,-5960,-7556,-7956,-7376,-6020,-4028,-2636,15252,17960,16112,15744,16152,16080,15320,14584,13708,13988,-4320,-3428,-3804,-4164,-4800,-4828,-4460,-4152,-3432,-2860,-4706,-8419,-8961,-9334,-9118,-8297,-7420,-6806,-6530,-6419,-6484,-12835,-12051,-10247,-7602,-4706,-2077,49,1256,1652,-117,-2623,-2215,-2188,-2491,-2931,-3227,-3304,-3190,-2953,190277,92822,30.62,2026-01-07T15:32:48.183259737Z
-3776,-4216,-3796,-3484,-3340,-3048,-2668,-2452,-2240,-2048,16468,11972,11780,11792,11636,11472,11304,11228,10896,10592,-3036,3060,3364,3708,3900,4000,3860,3624,3492,3648,-4050,3961,3755,3520,3312,3096,2992,2906,2880,2878,-2583,-8220,-8095,-7972,-7768,-7523,-7272,-6846,-6329,-5610,-143,4083,4123,4253,4381,4506,4581,4694,4872,5059,192816,89507,30.62,2026-01-07T15:32:50.414546671Z
-29512,16828,11312,4140,-4816,-12752,-22460,-29196,-29540,-26064,19732,32767,32767,32767,32767,28192,24356,22792,22840,26156,2612,-30740,-32620,-32060,-27416,-20088,-8476,-1948,-556,-3088,4596,-29257,-30230,-31265,-32276,-32768,-32768,-32768,-32768,-32768,-12137,-31675,-32268,-30565,-26151,-18275,-8993,57,8630,15127,-1491,-5842,-5152,-4736,-4415,-4539,-4551,-4893,-5380,-5583,191146,87877,30.62,2026-01-07T15:32:53.767216803Z
-5276,24992,21124,15032,9780,-2100,-25588,-32768,-21484,-4744,20440,22992,9672,2676,-12,692,-3200,-1732,11324,29244,-2852,-11984,-8540,-1516,6224,11468,31520,32767,31636,1108,-20233,-13336,-17045,-21340,-24499,-25741,-28915,-32768,-32600,-25560,10816,-1289,-8311,-14747,-19624,-22061,-23978,-27530,-26373,-21302,-4030,-14302,-14153,-13366,-11452,-9789,-10081,-11487,-11162,-8100,178788,89418,30.62,2026-01-07T15:33:01.095804586Z
-728,-7212,-14096,-16840,-14436,-12828,-12160,-13852,-15952,-16132,16416,32767,32767,32767,32767,32767,30924,26184,21520,19416,-472,16892,23212,30376,32767,32767,32767,32767,32767,32767,-12155,32767,32767,32767,32767,32767,32595,29482,25811,22382,285,-899,497,202,-546,-1513,-3309,-4841,-6027,-6434,-5445,14023,12970,11029,9149,8070,7682,7023,5148,3006,185304,93021,30.62,2026-01-07T15:33:07.037369518Z
-16760,1304,1492,1400,1292,1140,892,1376,2100,2388,10476,21756,22160,22576,23284,23972,24652,25744,26420,27092,32767,-1728,-2332,-2664,-2772,-2444,-2356,-2924,-3508,-3704,-11544,-18161,-18934,-19672,-20420,-21115,-21888,-22593,-23273,-23942,8108,-9780,-9580,-9282,-8846,-8465,-8253,-8134,-8125,-8358,-7252,-5094,-5245,-5428,-5729,-6044,-6388,-6731,-7015,-7314,191137,97474,30.62,2026-01-07T15:33:09.293084286Z
11260,-120,-148,-132,-396,-864,-896,-652,-316,-204,32767,19968,20684,21940,22880,23724,24484,25536,26680,27896,-12252,-4020,-3564,-3168,-2404,-1272,-808,-48,136,8,-27023,32767,32767,32767,32767,32767,32767,32767,32767,32767,-23372,19467,18856,18220,17640,17063,16552,15997,15425,14733,-8695,12178,12786,13335,13779,14217,14636,15014,15397,15753,181511,85631,30.62,2026-01-07T15:33:13.829355714Z
-6860,-18620,-19096,-19464,-20276,-21104,-21540,-21088,-20036,-19272,32767,17196,15912,15232,14608,14792,15364,16116,15816,14732,7296,32767,32767,32767,32767,32767,32767,32767,32767,32767,32767,22734,20414,18022,15278,12214,8718,5215,1904,-1449,8539,-7589,-7749,-7006,-5491,-3690,-1627,450,1935,2972,16878,3733,2677,2257,2002,1273,-89,-1677,-2776,-3643,183950,91572,30.62,2026-01-07T15:33:17.28205315Z
-14176,-11480,-2944,4012,8832,9556,8912,8192,6956,4924,32767,18984,21472,23552,23536,20688,18548,18008,19396,20444,-14428,3572,2060,224,-40,2380,3980,4576,3292,2156,-11339,-16060,-16775,-15733,-13922,-12876,-12825,-12837,-12193,-11202,6710,12700,11908,9535,6050,1521,-3300,-8104,-11789,-14059,-13384,-10142,-11598,-9749,-6571,-4421,-3794,-3701,-3283,-2725,185784,91227,30.62,2026-01-07T15:33:19.536004228Z
-1412,-840,-384,-76,668,1648,2028,2892,2924,2888,15808,20900,21600,22220,22760,23064,22968,22896,22824,22844,-1472,-2860,-2632,-2284,-2116,-1988,-1900,-1988,-1672,-1972,-6322,-15959,-16385,-16885,-17389,-17888,-18474,-19072,-19766,-20483,94,-6400,-6249,-6250,-6310,-6443,-6597,-6745,-6818,-6911,-3284,-2025,-2105,-2207,-2269,-2321,-2311,-2281,-2210,-2193,197324,96767,30.62,2026-01-07T15:33:21.786645701Z
1912,-20364,-20684,-20012,-18752,-17900,-16420,-15300,-14448,-13540,28636,19768,17340,16040,14416,13808,13920,14020,13684,13416,-4912,32767,32767,32767,32767,32767,32767,32767,32767,32767,-27944,22813,20508,17952,14758,11312,7883,4548,1405,-1649,-6532,2339,3717,5184,6711,7990,8694,9128,9377,9531,-4104,4133,2864,2071,1328,342,-952,-2213,-3295,-3946,178854,94852,30.62,2026-01-07T15:33:26.291899208Z
-7624,-3100,-2956,-2680,-2472,-2368,-2532,-2400,-2448,-2224,20652,14000,14532,15188,16148,16920,18000,18980,19840,20772,20056,-2936,-2844,-3164,-2832,-2832,-2596,-2672,-2692,-2856,-19616,-13158,-13762,-14153,-14555,-14882,-15195,-15455,-15666,-15836,13930,-6841,-6547,-6177,-5786,-5410,-5147,-5059,-5059,-5208,-9032,-3480,-3632,-3723,-3773,-3752,-3711,-3655,-3638,-3581,200819,91111,30.62,2026-01-07T15:33:28.744343613Z
356,-10968,-19664,-19212,-15072,-5592,3812,14204,18316,17184,23312,26024,32767,32767,32767,32767,32767,32767,32767,26268,-3300,32767,32767,32767,32767,20828,5288,-8964,-16868,-18496,-18728,-32768,-32768,-32768,-32013,-22745,-16501,-12371,-10723,-11701,-6682,23160,24362,22918,21150,15310,7301,-1448,-9455,-15630,-2953,-9419,-11187,-13884,-17469,-19586,-19499,-18071,-16692,-15772,181422,86674,30.62,2026-01-07T15:33:34.950143187Z
-12548,3448,3132,3420,2480,3384,3984,2756,4108,5452,11372,25532,24952,24152,23772,23476,22936,21752,22140,22012,8368,-6392,-7000,-7640,-7964,-9108,-9868,-8840,-10096,-12700,-8911,-9141,-9713,-10395,-11130,-11815,-12556,-13331,-14176,-14829,6243,-8491,-9058,-9650,-10331,-11231,-11830,-12631,-13939,-14967,-8700,1617,1302,989,562,156,-197,-696,-1216,-1909,200789,97591,30.62,2026-01-07T15:33:37.354015679Z
216,-5752,4472,32767,32767,32767,32767,22208,-18760,-32408,24036,21200,26968,30208,26000,30004,32767,32767,26420,412,-13212,2780,-15548,-32768,-32768,-32768,-32768,-32768,24728,32767,-24435,-19997,-14890,-9221,-7525,-8242,-8914,-16679,-27227,-32768,-16713,8433,8580,9860,7790,4580,7589,14672,18661,16302,-8551,-11241,-10671,-8371,-5745,-1057,-944,-4081,-5023,-7220,142676,84625,30.56,2026-01-07T15:33:40.068258808Z
15596,1856,1144,-1504,-5536,-8224,-8632,-7804,-5540,-2972,23668,18548,20108,20696,20096,19588,19656,19336,18068,16504,-11128,4344,1556,116,-612,-1396,-2416,-3464,-3276,-1776,-15935,-14862,-13334,-12274,-11597,-11225,-10624,-9711,-8905,-8543,-22594,-10365,-12125,-11483,-9208,-5937,-2824,-606,345,443,-17458,-5094,-5088,-4569,-4187,-4176,-4220,-4012,-3718,-3413,195374,96359,30.56,2026-01-07T15:33:43.788280111Z
15596,1856,1144,-1504,-5536,-8224,-8632,-7804,-5540,-2972,23668,18548,20108,20696,20096,19588,19656,19336,18068,16504,-11128,4344,1556,116,-612,-1396,-2416,-3464,-3276,-1776,-15935,-14862,-13334,-12274,-11597,-11225,-10624,-9711,-8905,-8543,-22594,-10365,-12125,-11483,-9208,-5937,-2824,-606,345,443,-17458,-5094,-5088,-4569,-4187,-4176,-4220,-4012,-3718,-3413,195374,96359,30.56,2026-01-07T15:33:50.753702678Z
-2100,6952,9052,10320,9132,7144,4464,3484,2128,2220,18556,11708,8340,1960,-3080,-3756,-1676,1716,3072,3232,-1428,-23856,-23984,-22408,-19032,-16636,-15156,-16640,-18492,-19040,-4658,9393,12288,13268,12481,11633,12184,14386,17679,21205,-2833,-2958,-4062,-5149,-6142,-7465,-8571,-8969,-8682,-7892,-1683,724,1708,2001,1953,2123,2713,3544,4370,4832,196667,93368,30.62,2026-01-07T15:33:52.898799994Z
-3176,10560,1072,-4996,-12188,-18340,-20984,-22028,-20340,-18924,6264,32767,32767,32767,32767,32767,31056,27492,26360,25720,-6492,-30168,-27224,-24780,-20188,-13980,-10228,-9252,-11588,-13688,31155,-32768,-32768,-32768,-32768,-32768,-32768,-32768,-32768,-30871,6558,-32382,-29707,-25449,-19437,-12940,-6880,-1623,2564,6085,4635,-6314,-5254,-4671,-4321,-4269,-4190,-4047,-3767,-3397,198147,89251,30.62,2026-01-07T15:33:55.483458057Z
-14020,-236,-600,-1072,-1444,-2048,-2460,-2784,-3244,-3452,17700,17724,18104,18168,18172,18080,17700,17424,16904,16420,7220,-956,-1244,-1628,-1740,-2268,-2456,-2500,-2896,-3024,-24250,-5508,-5158,-4919,-4753,-4599,-4506,-4380,-4278,-4233,23888,-2592,-3162,-3632,-3930,-4127,-4230,-4222,-4150,-4081,-4560,-3049,-2800,-2537,-2254,-2038,-1809,-1653,-1497,-1316,203019,98052,30.62,2026-01-07T15:34:01.009039811Z
-3912,-2996,-3040,-3120,-2880,-3012,-2832,-2692,-2520,-2540,14772,16296,16140,15928,15836,15680,15732,15396,15376,15484,-3596,-2132,-2132,-1988,-1868,-1732,-1752,-1820,-1888,-1748,-4395,-3865,-3716,-3620,-3565,-3491,-3413,-3355,-3416,-3405,-4584,-5136,-5223,-5277,-5314,-5381,-5393,-5493,-5677,-5969,73,688,632,572,533,482,341,258,92,-32,204739,97956,30.56,2026-01-07T15:34:05.021846453Z
-3180,-3004,-2896,-3028,-3128,-3296,-3056,-3004,-2864,-3000,15308,15220,15436,15436,15652,15548,15748,15724,15824,15672,-2424,-1704,-1768,-1828,-1760,-1880,-1812,-1940,-1772,-1712,-4917,-5551,-5663,-5707,-5722,-5755,-5820,-5887,-5943,-6093,-9933,-5740,-6007,-6300,-6536,-6735,-6842,-6983,-7202,-7430,-832,-998,-1024,-1093,-1184,-1274,-1367,-1362,-1368,-1456,203955,98014,30.62,2026-01-07T15:34:07.648730388Z
-3872,-1372,-2084,-2908,-5708,-8396,-10468,-13148,-15384,-18456,14924,32767,32767,32767,32767,32767,32767,32767,32767,32767,-1892,7108,8816,10476,14016,17004,18596,19184,18432,18548,-7530,32767,32767,32767,32767,32767,32767,32767,32767,32767,-12857,14040,12018,9544,7331,5631,4462,3928,3949,4617,-2271,19362,19862,20131,20045,19835,19357,18780,18067,17014,202677,86442,30.62,2026-01-07T15:34:10.389256117Z
-17448,-10516,-11612,-12284,-12492,-12984,-14656,-15860,-22320,-27588,17028,32767,32767,32767,32767,32767,32767,32767,32767,32767,32767,11760,14336,17888,19776,20996,20924,17992,17428,23220,21714,32767,32767,32767,32767,32767,32767,32767,32767,32767,6637,16523,15872,14599,13055,11961,11318,11365,12118,10942,1610,15645,16144,16145,15784,15313,14891,14592,13665,12018,188497,89145,30.62,2026-01-07T15:34:12.97949635Z
-19352,11276,9712,5080,-352,-6868,-12152,-16664,-18636,-15732,11804,32767,32767,32767,32767,32767,32767,32767,31156,30432,32767,-26552,-30368,-30108,-26696,-21648,-15716,-11096,-9272,-12936,17100,-29985,-31077,-32459,-32768,-32768,-32768,-32768,-32768,-32768,-88,-30645,-31801,-30886,-28135,-23928,-18283,-12769,-8488,-4623,-1181,-8674,-7878,-7258,-6822,-6460,-6309,-6512,-6872,-6709,195094,91183,30.62,2026-01-07T15:34:17.078595333Z
-18900,4972,2772,4836,9000,9952,9384,8092,6296,4056,21116,18340,17704,18400,18036,16752,14592,11680,9200,5908,224,100,-712,-3516,-6716,-8808,-11508,-13476,-14300,-14128,-25157,-7550,-7916,-6986,-4756,-2280,306,2575,4211,5100,4341,21291,16719,12307,8736,5549,2260,-385,-2313,-3337,-4067,481,-35,21,1129,2575,4104,5239,6016,6577,205212,95216,30.62,2026-01-07T15:34:22.824057167Z
-10556,2392,2080,1748,1348,1244,1048,1036,1296,1372,-2152,18280,19072,19640,20276,20924,21496,22328,23488,24348,-9416,-3832,-3432,-3084,-2300,-1500,-1076,-736,-412,-580,19961,32767,32767,32767,32767,32767,32767,32767,32767,32767,14383,9834,9585,9485,9420,9398,9425,9430,9429,9433,8453,10873,11301,11707,12071,12551,12812,12763,13191,13520,180231,84902,30.62,2026-01-07T15:34:25.258065862Z
-6536,-1684,-1408,-1248,-1360,-1920,-2496,-3032,-3124,-2864,32767,15132,15284,15096,15216,15348,15408,15472,15516,15476,5144,-3800,-3500,-3248,-3116,-3108,-3364,-3164,-3056,-2940,32767,-8385,-8645,-8920,-9184,-9412,-9588,-9760,-9946,-10160,20197,-6394,-6126,-5845,-5637,-5557,-5583,-5652,-5782,-5884,14543,-970,-1100,-1160,-1253,-1437,-1666,-1800,-1848,-1796,203200,99015,30.62,2026-01-07T15:34:29.055838833Z
608,6784,6384,5644,4168,2376,-184,-2812,-3756,-4652,16244,18336,17452,17348,17940,18440,19268,19416,19468,18968,-724,-780,-172,24,-604,-1108,-2364,-3216,-4388,-5536,-11974,-8368,-8017,-7672,-7282,-6811,-6307,-5742,-5311,-4996,-6014,-5219,-8780,-11898,-13965,-14925,-14842,-13687,-11965,-9598,-1454,-1868,-1594,-1306,-848,-512,-530,-795,-1237,-1633,192325,95856,30.62,2026-01-07T15:34:32.638167063Z
560,880,248,-968,-2052,-2644,-3296,-3684,-4132,-4584,15956,4256,4384,3608,2472,1868,1644,2532,3212,4368,-3836,-15576,-14912,-12856,-10572,-9124,-7344,-6468,-6140,-5580,-3952,15791,18613,20940,22418,23247,23717,24148,24774,25595,-2594,-5992,-4831,-3561,-2316,-791,895,2829,4831,6944,-1143,4389,4581,4533,4318,4030,3869,3842,3874,3899,192752,92181,30.56,2026-01-07T15:34:34.948466516Z
448,-12304,-9088,-628,4620,5368,3276,2840,3184,2324,12264,20096,16224,18448,19520,17920,15932,16052,17696,18672,-6048,-1640,1684,-620,-1756,148,2428,2360,556,-616,32767,-12261,-14401,-15042,-13961,-12618,-12581,-11955,-10946,-9766,19710,5057,5408,4848,3850,1824,-1165,-4292,-6531,-7518,6269,-6391,-9235,-8710,-5851,-3483,-3009,-3654,-3961,-3616,193405,96223,30.62,2026-01-07T15:34:37.554006798Z
-936,-480,-340,-136,-216,-396,-668,-180,-112,48,18048,18588,19584,20812,21628,22644,23660,24684,25784,27256,-1952,-3840,-3824,-3768,-3580,-3004,-2224,-1568,-1516,-980,-5172,32767,32767,32767,32767,32767,32767,32767,32767,32767,-3547,16379,16879,17288,17617,17948,18121,18229,18302,18298,-2484,9711,10125,10607,11089,11574,12030,12728,12968,13709,178829,83550,30.62,2026-01-07T15:34:40.178524606Z
-2804,4204,2308,520,60,-620,-1080,-1996,-3432,-4704,32767,-792,1512,2796,3420,4424,3432,2592,1572,1312,8588,-15620,-14676,-15228,-15516,-15936,-14104,-12132,-9488,-7184,32767,11185,11868,13906,16795,20032,22845,24745,25721,26082,12310,-14657,-14432,-13551,-12018,-10255,-8183,-6176,-3970,-1643,16915,1404,2134,2616,2816,2850,2793,2655,2342,1967,194849,93361,30.62,2026-01-07T15:34:46.434317169Z
-1008,-1328,-1424,-1264,-924,-880,-1132,-1592,-1980,-1792,11160,24068,24924,26048,27708,29040,30920,32648,32767,32767,-4060,-1940,-1596,-1328,-1076,-728,8,1092,2484,3380,32767,32767,32767,32767,32767,32767,32767,32767,32767,32767,18462,12701,13273,13716,14200,14782,15344,15775,15972,16087,3193,12228,12344,12743,13299,13703,14054,14264,14345,14351,178438,85695,30.62,2026-01-07T15:34:49.097718657Z
-9284,-3380,-4596,-5636,-6356,-6888,-7032,-6740,-6204,-5548,32767,-368,-128,480,1280,1852,2920,4232,5280,6228,25612,-8556,-7400,-6060,-4972,-4204,-3680,-3548,-3964,-4312,32767,23637,24659,25547,26405,27136,27810,28534,29327,30204,7202,-801,755,2416,4332,6297,8198,9958,11693,13001,14874,4452,4255,4101,3990,3931,3885,3836,3948,3983,196986,94287,30.62,2026-01-07T15:35:00.596961888Z
680,-2252,-2148,-1920,-2152,-1992,-2060,-2096,-2188,-2320,12216,15216,15256,15056,14980,15092,15084,15184,15368,15308,-5004,-1648,-1676,-1708,-1276,-1456,-1460,-1400,-1592,-1752,32767,-6538,-6597,-6660,-6786,-6864,-6905,-6922,-6994,-6993,17535,-2916,-2953,-2992,-3198,-3304,-3454,-3596,-3681,-3749,7504,-319,-359,-473,-548,-662,-766,-854,-949,-1072,203764,97946,30.62,2026-01-07T15:35:08.175196666Z
-1668,-11276,-13344,-15712,-17068,-18324,-20192,-22776,-21744,-19048,15784,32767,32767,32767,32767,32767,32767,32767,32767,32767,-1064,22096,23796,24784,24776,23564,22052,24344,28584,32152,-7277,32767,32767,32767,32767,32767,32767,32767,32767,32767,-4729,4600,3418,2791,2744,3278,4136,4534,3612,2063,-1508,16512,16006,15388,14637,13672,12407,10864,9391,8270,180888,85503,30.62,2026-01-07T15:35:10.822675527Z
-18320,3740,3820,3576,3400,3232,3316,3704,3828,3632,18488,20956,21872,22884,23532,24592,25772,27560,28704,30228,32767,-2312,-2120,-1676,-1324,-860,-784,-620,-676,-196,10141,32767,32767,32767,32767,32767,32767,32767,32767,32767,-2141,9210,9662,9961,10220,10397,10492,10448,10359,10266,-2796,12848,13568,14117,14579,15013,15457,15921,16470,17007,179358,83984,30.62,2026-01-07T15:35:13.686081562Z
-4088,2660,1660,-156,-1884,-3008,-4072,-4944,-5700,-5968,32767,1420,972,696,596,776,1652,2792,3624,4388,12880,-11648,-10160,-8560,-6972,-6076,-5240,-5092,-4356,-4368,32767,21741,23525,24927,25958,26784,27569,28524,29474,30501,6438,-6692,-6449,-5838,-4880,-3555,-1848,63,2083,4245,19366,8740,8786,8644,8476,8230,8027,7906,7743,7655,196880,93680,30.62,2026-01-07T15:35:17.276853988Z
-280,-4164,-4324,-4244,-4156,-3852,-3640,-3172,-2860,-2592,11776,14712,14716,14696,14740,14836,14908,14932,15136,15340,-6228,-4072,-4060,-4324,-4292,-4060,-4144,-3852,-3712,-3596,32767,-3253,-3281,-3300,-3284,-3336,-3332,-3389,-3431,-3508,14839,-6183,-6118,-6035,-5898,-5726,-5635,-5586,-5647,-5918,8924,276,286,280,280,213,145,148,55,-15,205483,98503,30.62,2026-01-07T15:35:19.426582505Z
-3796,268,56,-556,-576,-464,-568,-792,-636,-128,14308,21216,21044,21312,22328,23340,24148,24736,25588,26772,-4092,-2884,-2820,-2836,-3856,-4920,-5004,-5048,-4928,-4812,-5617,-18499,-19368,-20257,-21112,-21814,-22531,-23379,-24267,-25106,-9431,-9483,-9939,-10353,-10835,-11046,-11309,-11556,-11733,-12019,-886,-3861,-3961,-4165,-4347,-4578,-4823,-5074,-5430,-5705,198314,97267,30.62,2026-01-07T15:35:26.164233258Z
11968,-2756,-2556,-2612,-2668,-2660,-2624,-2552,-2440,-2304,32767,16096,16016,15980,16016,16024,15916,15596,15496,15220,-19684,-1988,-1732,-1888,-1556,-1480,-1272,-1384,-1292,-1084,-27722,-4997,-5000,-5030,-5048,-5073,-5028,-5057,-5107,-5208,-26939,-3802,-3932,-4129,-4370,-4661,-5033,-5448,-5818,-6195,-7477,-411,-382,-393,-372,-347,-338,-343,-355,-366,204148,97894,30.62,2026-01-07T15:35:28.644635626Z
-2872,-68,-360,-568,-820,-1268,-1408,-1620,-1792,-1964,14712,12260,13016,13640,14156,14856,15468,16004,16864,17836,-1456,-7136,-6684,-6444,-5668,-5168,-4696,-4440,-4256,-4312,-6230,32767,32767,32767,32767,32767,32767,32767,32767,32767,-9288,21380,21003,20591,20188,19759,19361,18944,18534,18144,-1695,13541,14055,14504,14981,15422,15788,16176,16532,16870,193994,92274,30.62,2026-01-07T15:35:31.209200267Z
-4324,124,180,240,172,408,128,-296,-736,-1172,27484,15772,15696,15780,15544,15288,15080,14700,14548,14460,-2100,-1936,-1696,-1688,-1488,-1828,-1812,-2060,-2064,-2284,32767,-5904,-6139,-6396,-6614,-6886,-7137,-7470,-7834,-8199,16440,-5081,-4882,-4717,-4615,-4549,-4490,-4452,-4369,-4204,19464,-34,53,91,141,174,212,190,98,85,206041,98128,30.69,2026-01-07T15:35:36.531329038Z
1600,-3272,-7368,-9168,-9604,-10736,-11100,-12016,-12652,-7424,18384,26292,22844,20276,18348,15640,13688,13196,14876,19432,-2120,-16132,-10800,-4900,1280,4856,9156,9400,5076,-5368,-11819,-17077,-15780,-15112,-15388,-15785,-16236,-16140,-14548,-10610,-1836,5985,6550,6792,7619,8378,8884,8723,7363,5769,-263,-3511,-2803,-2726,-2923,-3173,-3171,-3254,-3747,-3414,203573,94310,30.62,2026-01-07T15:35:39.110789245Z
8804,5384,4268,3616,2892,1328,-168,-2348,-4212,-5500,4500,21260,20404,19856,19180,18860,18628,18800,19048,19108,-22280,-232,-304,-548,-1076,-2124,-2644,-3168,-3592,-4120,13685,-8166,-7773,-7481,-7348,-7242,-7108,-6779,-6149,-5343,2544,-6035,-8648,-10636,-12052,-12793,-12831,-12182,-10828,-8927,3407,-2716,-2348,-1715,-970,-457,-317,-579,-954,-1411,198486,95866,30.62,2026-01-07T15:35:41.550867719Z
-448,-3784,1920,4056,5564,6352,6200,6440,6452,5792,16300,18832,19696,18760,15216,9620,4956,-1120,-3760,-1660,-3472,-7828,-16544,-20580,-21808,-21076,-19860,-17852,-15164,-13252,-3052,-4146,735,6033,10356,13062,13575,11947,9359,8026,-749,2639,2911,2549,1703,732,-327,-1099,-1557,-2069,-930,-6988,-5419,-3630,-2172,-1055,-465,-404,-445,-72,197641,92517,30.62,2026-01-07T15:35:44.123939577Z
164,264,-4788,-7492,-9752,-10360,-9896,-9088,-6424,-1508,3716,12648,8232,6532,10380,15120,22820,30352,32767,32767,-4372,4516,20684,25920,24376,22652,20736,17652,12528,2376,25237,-18243,-23041,-27719,-30011,-29598,-27299,-24404,-21529,-18515,-3823,5979,10034,13647,15787,16673,16588,15195,12683,9490,5155,-2561,-668,-1507,-4444,-8482,-11618,-13257,-13308,-12677,180638,89290,30.69,2026-01-07T15:35:47.803553294Z
-3964,-2304,-2376,-2328,-2288,-2304,-2736,-2948,-3216,-4280,6604,15980,15720,15448,15176,15188,15496,15956,16324,17020,1460,-2728,-3052,-2936,-3180,-2900,-3116,-3204,-3008,-2948,-16574,-8867,-9050,-9336,-9671,-10121,-10482,-10849,-11202,-11553,-5865,-4898,-4993,-4991,-4972,-4898,-4694,-4431,-4329,-4358,-8958,-2409,-2559,-2665,-2816,-2920,-3031,-3149,-3194,-3354,206377,98067,30.62,2026-01-07T15:35:50.451433898Z
-1932,-3100,-3072,-2916,-2688,-2296,-1944,-1536,-1108,-1052,21048,14140,14316,14664,15084,15208,15296,15500,15476,15636,-3260,-3960,-3932,-3792,-3700,-3484,-3512,-3292,-2996,-2960,-15049,-5444,-5541,-5612,-5644,-5704,-5776,-5900,-6008,-6158,-7068,-4000,-3867,-3701,-3533,-3416,-3382,-3454,-3634,-3890,-2899,147,145,84,35,-40,-95,-179,-276,-322,205471,98125,30.62,2026-01-07T15:35:52.939793689Z
-2788,-1460,-1296,-988,-1124,-1308,-1440,-1596,-1940,-2080,15332,15264,15672,15804,16064,16080,16004,16096,16176,16244,-3672,1108,1020,864,896,796,900,772,660,284,-7308,-11263,-11314,-11362,-11446,-11524,-11665,-11854,-12088,-12223,-6902,-3150,-3461,-3804,-4111,-4358,-4628,-4862,-5052,-5276,-696,-2042,-2129,-2233,-2376,-2507,-2596,-2680,-2703,-2742,204538,98415,30.69,2026-01-07T15:35:55.24400107Z
-3540,628,604,516,388,-168,-560,-1440,-2172,-3084,19340,32767,32767,32767,32767,32767,32767,32767,32767,32767,-808,2352,3204,3752,4752,6176,7752,10436,13168,15280,-15377,32767,32767,32767,32767,32767,32767,32767,32767,32767,-7473,15623,15337,14782,13962,12938,11976,10474,9069,7780,-3166,8988,9490,9917,10223,10651,11078,11583,12101,12518,183393,89352,30.69,2026-01-07T15:35:57.628648646Z
-14728,-32768,-32768,-22120,-9748,-6980,-9140,-5096,1956,6864,28976,9420,11780,23128,32724,32376,24880,18292,17636,18912,32767,12616,16420,4592,-8304,-10368,-3132,2240,1776,736,30473,-18989,-21030,-20056,-15536,-11517,-10045,-11221,-12640,-12956,-3386,-7921,-3753,1835,8661,13773,14876,13819,11106,6735,7665,-8968,-9950,-8226,-4908,-3603,-4976,-7214,-8187,-6638,185893,91889,30.69,2026-01-07T15:36:00.436031443Z
-5940,-17876,-18004,-17840,-17156,-15972,-14752,-14800,-16160,-17516,18280,29928,27568,25232,23968,22316,20656,19252,17584,16544,-4084,28192,31088,32767,32767,32767,32767,32767,32767,32767,-8730,30010,28527,27056,25500,23729,21664,19063,15786,12198,-4325,-8711,-10955,-12933,-14467,-15474,-15636,-15125,-14166,-12871,-2178,8151,6603,5393,4510,3860,3519,3196,2367,1137,185365,88670,30.69,2026-01-07T15:36:02.948771573Z
-13844,1220,1212,1028,648,-84,-904,-1176,-952,-1280,15436,22152,22208,22600,22884,23220,23820,24184,24712,24932,32064,-2332,-2616,-3080,-3352,-3580,-3480,-3720,-3664,-2484,-16725,-19410,-20091,-20776,-21456,-22154,-22820,-23432,-24091,-24856,-4372,-5020,-5661,-6262,-6653,-6743,-6617,-6427,-6102,-5910,-6701,-2685,-2720,-2744,-2842,-3009,-3166,-3371,-3580,-3750,205812,96270,30.69,2026-01-07T15:36:10.167275419Z
4276,-7000,-7740,-8528,-10184,-11432,-12308,-13748,-15084,-16096,32767,30100,31296,31900,32092,32312,32340,32464,32204,31740,-17856,4488,5416,6932,10080,13164,14708,17116,19052,21104,-27053,32767,32767,32767,32767,32767,32767,32767,32767,32767,-15776,22636,21819,20492,19006,17312,15512,13638,11860,10001,-5418,15674,16292,16628,16807,17044,17303,17341,17037,16271,184270,87234,30.69,2026-01-07T15:36:13.96924412Z
-25652,1436,-3692,-8440,-17252,-24596,-26404,-22248,-18248,-14208,23556,32767,32767,30100,25552,24076,25328,28000,29340,30836,31584,-27732,-27748,-23116,-10612,-3420,-1568,-5704,-7512,-9968,24442,-30269,-30781,-31267,-32486,-32768,-32768,-32768,-32768,-32684,1452,-21314,-19588,-15186,-9246,-3706,1927,6948,10688,12414,6684,-3541,-3632,-3744,-4145,-5176,-6184,-6743,-6400,-5885,200312,89224,30.69,2026-01-07T15:36:16.698037133Z
-7876,-1168,-1044,-1096,-1128,-1304,-1576,-1876,-2020,-2352,17836,15748,15912,15836,16100,16012,15912,15952,15764,15488,936,-3308,-3280,-3296,-3424,-3572,-3664,-3792,-3880,-3884,-18615,-4973,-5074,-5157,-5180,-5329,-5480,-5565,-5662,-5801,1301,-6646,-7125,-7499,-7864,-8246,-8543,-8781,-8986,-9222,-4478,-343,-396,-508,-534,-615,-708,-755,-820,-920,207369,97816,30.69,2026-01-07T15:36:19.022309835Z
-3040,-20224,-18936,-17860,-16256,-15004,-14764,-15084,-15396,-15800,15240,17552,15048,14444,15044,16092,17004,17568,17152,15892,-3784,32767,32767,32767,32767,32767,32767,32767,32767,32767,-7716,19609,16936,13298,9689,6140,2924,-112,-3078,-6006,-6608,5660,4014,2269,856,-272,-654,-384,322,1331,-1543,-12,-932,-1810,-2518,-3048,-3728,-4380,-4815,-5164,144463,77325,30.69,2026-01-07T15:36:23.849358509Z
32767,-3368,-4960,-5652,-6764,-6336,-5492,-5616,-6088,-6352,32767,220,200,864,2392,4288,5512,6176,6792,7068,-32768,-9664,-8236,-7952,-8220,-8604,-8172,-7096,-5112,-3316,6788,23578,24116,24643,25519,26838,28240,29491,30468,31170,-5448,-2325,-813,883,2758,4824,6792,8570,10086,11428,-6194,8209,7996,7847,7643,7524,7641,7785,7970,7975,195846,93522,30.69,2026-01-07T15:36:26.304285873Z
508,-2352,-3136,-3236,-3180,-2980,-2548,-1756,-708,52,14132,19288,19008,17912,16996,16136,15836,16016,16200,16328,-6104,-3256,-4124,-4592,-4420,-3940,-3340,-2940,-2960,-2804,32767,-7469,-6761,-6333,-6166,-6196,-6089,-5743,-5245,-4821,10935,-10048,-7994,-5582,-3300,-1476,-125,522,722,518,11219,-1063,-1482,-1699,-1779,-1820,-1855,-1819,-1711,-1538,195171,95449,30.69,2026-01-07T15:36:28.550010872Z
-2028,2324,1936,1764,2032,2080,1844,1852,1768,1668,15984,24496,24668,24480,24036,24020,24504,24920,25488,25968,-4648,-3084,-3376,-3404,-3660,-3820,-4236,-4800,-5812,-5552,-3643,-19110,-19651,-20075,-20656,-21350,-22041,-22655,-23320,-23980,-3722,-2213,-2144,-2195,-2379,-2525,-2742,-2997,-3123,-3147,630,-1019,-1165,-1282,-1427,-1562,-1682,-1747,-1847,-2014,204372,97419,30.69,2026-01-07T15:36:30.878347638Z
3140,-4708,-5668,-6496,-6956,-7692,-7564,-4548,-2388,-2628,32767,28200,29968,31272,32767,32767,32767,32767,32767,32767,-20212,-1540,-1400,-976,-428,2604,3848,3632,5356,5932,-27462,32767,32767,32767,32767,32767,32767,32767,32767,32767,-10654,19189,19668,20232,21308,22805,22574,21482,20194,18264,-4634,16473,16563,16441,16320,15969,15952,16576,17688,18529,177898,87218,30.69,2026-01-07T15:36:36.334020529Z
-20628,-1928,-1932,-1332,-1032,-496,-160,172,504,260,32767,16228,16168,16016,15968,15824,15836,15944,16488,17068,24304,-1980,-2152,-2388,-2408,-2068,-2100,-2152,-2300,-2396,32767,-9003,-9271,-9536,-9879,-10253,-10725,-11223,-11749,-12235,-1827,-8732,-8842,-8800,-8704,-8517,-8148,-7641,-6920,-6131,14199,-1502,-1489,-1473,-1502,-1546,-1604,-1620,-1588,-1566,205397,98457,30.75,2026-01-07T15:36:38.589788494Z
1436,2180,964,-132,-696,-1456,-2236,-2972,-3744,-4080,23260,2676,1568,1404,1784,2724,3688,4828,5740,6688,-3316,-15084,-12960,-11500,-10788,-9952,-8784,-7604,-6328,-5180,-16995,22001,23436,24464,25282,26196,27169,28282,29323,30262,-2168,-4496,-4107,-3488,-2632,-1502,-148,1294,2793,4295,-1654,5733,5656,5544,5463,5410,5409,5411,5407,5383,194484,92843,30.75,2026-01-07T15:36:40.869645878Z
1076,-2752,-3960,-4428,-4480,-5104,-5248,-5232,-4612,-3212,14468,14832,15196,15772,15920,16020,16048,15952,16000,16428,-6244,-4108,-3868,-4076,-4380,-4832,-5312,-5308,-4816,-4516,32767,-9338,-8981,-8361,-7659,-7063,-6615,-6353,-6181,-5974,10988,-10969,-11025,-9832,-7600,-4789,-1960,424,2195,3323,7446,-430,-799,-1026,-1217,-1612,-1953,-2247,-2363,-2313,204425,95286,30.75,2026-01-07T15:36:44.227464902Z
-820,820,1180,1360,1328,2080,3192,3612,3524,3852,17424,23320,24236,24336,24840,25660,26228,26628,26904,27880,-4104,-3312,-3956,-3176,-2416,-3756,-4992,-5888,-6592,-7852,-3828,-20748,-21264,-21799,-22522,-23048,-23403,-23803,-24317,-24886,-3964,-3082,-3071,-2808,-3056,-3451,-4115,-4944,-5749,-6646,-162,-2565,-2624,-2713,-2753,-2897,-3068,-3188,-3409,-3567,202332,98165,30.75,2026-01-07T15:36:46.777423724Z
5864,3728,1740,1016,244,-1756,-3908,-5300,-6056,-5412,32767,20192,18320,17764,17164,16548,16228,16616,17272,17492,-27312,-1164,-1196,-2652,-3820,-4528,-4448,-4140,-4352,-4592,-27628,-9365,-9076,-8743,-8641,-8628,-8770,-8674,-8139,-7277,-19648,-8291,-10494,-11704,-12084,-11562,-10277,-8297,-5820,-3394,-3642,-3371,-3727,-3391,-2683,-2018,-1991,-2403,-2971,-3301,197963,97090,30.75,2026-01-07T15:36:49.23470109Z
-1112,-2808,2404,7608,9952,12640,13656,12364,9448,7092,17360,14248,14132,15024,15096,14412,11856,8936,5468,3700,-3440,-828,-3988,-10564,-15012,-20032,-22584,-22248,-20668,-18748,-4918,-1374,-1765,-597,1451,4265,6811,8615,9354,9555,-2013,8661,5931,4476,2787,705,-1065,-2825,-4448,-5604,-1519,-3274,-2850,-1640,-634,498,1490,2246,2784,3380,201109,95105,30.75,2026-01-07T15:36:53.84444724Z
-3652,-22712,-14404,-8496,-7024,-6740,-4532,-156,2732,5036,5584,18604,27860,32767,30160,22812,17056,18120,20460,21956,-9440,14564,444,-11680,-9336,-2484,2936,1044,-1556,-3024,24626,-20501,-15909,-10150,-6619,-7037,-9668,-11877,-11859,-10464,4280,-13157,-8756,-3622,830,4280,5405,4819,3012,511,5748,-10049,-7906,-5834,-5517,-6748,-8088,-8278,-7337,-6025,189195,91835,30.75,2026-01-07T15:36:56.415016606Z
-6608,-1132,-332,156,368,376,104,-264,-564,-944,16116,15972,16400,16716,16892,17320,17556,17648,17832,17748,-5288,-2692,-2420,-2024,-1788,-1936,-1800,-2300,-2904,-3112,-6809,-6005,-5555,-5080,-4719,-4500,-4372,-4205,-4017,-3854,-4472,-23,-31,-351,-871,-1447,-2125,-2789,-3310,-3706,-2528,-2255,-2183,-2101,-1957,-1735,-1528,-1379,-1232,-1134,198835,97376,30.75,2026-01-07T15:37:06.44811353Z
-3348,-19868,-18068,-16292,-14940,-13332,-13480,-12000,-11392,-12380,14524,15528,15816,16060,15824,15492,15416,15156,16648,18352,-4268,32767,32767,32767,32767,32767,32767,32767,29684,25692,-4057,5203,2228,-557,-3159,-5696,-8171,-10453,-12340,-13599,-5615,4287,5650,6670,7169,7300,6854,6621,6277,5899,-39,-1623,-2654,-3729,-4537,-5095,-5418,-5663,-6214,-7395,151093,72384,30.75,2026-01-07T15:37:09.015777694Z
-9340,-4356,2336,6356,7852,9244,8808,8060,6224,3880,21336,16512,18232,18560,17980,15208,9880,4796,224,152,28896,-600,-9596,-16892,-21616,-25184,-26472,-24956,-21348,-18284,-32768,-4114,-1782,1691,5497,8876,10830,10608,8767,7353,16168,1472,401,-322,-1541,-3018,-4577,-5666,-6200,-6470,738,-4848,-3293,-1743,-487,499,1175,1511,1649,2059,201539,94240,30.81,2026-01-07T15:37:12.313492352Z
-6984,-23444,-21504,-24308,-25408,-22308,-17144,-16676,-21160,-32036,3716,32324,27316,19120,14916,13724,14184,14276,11744,14628,-6016,32767,32767,32767,32767,32767,32767,32767,32767,32767,24705,23072,22968,19434,14596,9798,5989,2039,-3085,-7967,3428,-2253,-3764,-3623,-4066,-3966,-2107,659,4010,4126,4557,5641,5204,3956,2191,1936,2325,1899,-297,-4891,179075,86875,30.81,2026-01-07T15:37:16.059846459Z
17080,3656,3800,3888,3708,3444,3280,2900,2500,2044,32767,16688,17476,18148,19004,20024,20892,21956,23048,24028,-4452,-3852,-3636,-3456,-3024,-2964,-2628,-2536,-2120,-1552,-18430,32767,32767,32767,32767,32767,32767,32767,32767,32767,19290,16984,16355,15645,14981,14330,13810,13473,13329,13339,-13460,9223,9822,10482,11119,11726,12387,12833,13346,13768,175438,84612,30.75,2026-01-07T15:37:18.644801457Z
648,1328,1280,1024,752,660,684,992,1208,1296,32767,22024,22044,21968,22364,22756,23416,24164,25028,25600,6536,-4100,-3992,-3768,-3920,-4160,-4284,-5044,-5516,-5660,32767,-18201,-18968,-19740,-20586,-21339,-22082,-22802,-23497,-24198,16259,-5152,-4998,-4823,-4665,-4348,-4307,-4360,-4466,-4704,17820,-2861,-2917,-2938,-3072,-3232,-3251,-3439,-3641,-3821,203495,96913,30.81,2026-01-07T15:37:21.507849973Z
5000,720,80,-420,-920,-1392,-1580,-1928,-1892,-1788,32767,17984,18724,19268,20016,20724,21336,22164,22800,23704,-20728,-4880,-4820,-4572,-4072,-3652,-3584,-2928,-2380,-2076,-28651,32767,32767,32767,32767,32767,32767,32767,32767,32767,-12403,10448,10671,11058,11572,12229,12765,13417,13977,14515,-5330,11219,11504,11821,12026,12202,12671,12672,12713,13131,187507,86620,30.81,2026-01-07T15:37:25.989317424Z
-944,-2904,4312,8048,9996,9896,8360,5524,1356,-1852,32767,26000,31940,32767,32767,32767,30936,24496,17848,13332,6064,23984,13340,3968,-4744,-7892,-7600,-6392,-3928,-1992,32767,-20321,-17571,-15014,-13309,-12941,-12966,-13545,-13935,-14503,17695,15360,10454,4581,-1485,-6979,-10882,-13381,-14584,-14601,16088,-13167,-12445,-11072,-10065,-9438,-8900,-8443,-7909,-7622,176622,87450,30.81,2026-01-07T15:37:28.666553424Z
216,7244,6180,4968,1780,-4260,-11992,-15492,-15656,-15104,17128,32767,32767,32767,32767,31036,28500,27560,27128,26872,980,-24260,-25320,-26420,-25244,-19648,-10932,-5840,-2880,-2232,-12033,-26247,-26791,-27198,-27804,-28646,-29745,-30759,-31076,-31090,3134,-16304,-18487,-19912,-19974,-18210,-15205,-11189,-6714,-3369,-6460,-4820,-4709,-4665,-4651,-4820,-5153,-5632,-5920,-5686,193826,92264,30.81,2026-01-07T15:37:31.248581068Z
-7756,5072,2368,152,-1128,-2120,-3372,-5152,-5876,-6168,25216,22456,20856,19064,17592,16508,15412,15084,15340,15856,-16356,-1756,-2108,-3028,-4200,-4788,-5468,-5528,-5592,-5560,-17331,-10030,-9175,-8552,-8252,-8331,-8637,-8930,-8944,-8488,-396,-8226,-10875,-12607,-13445,-13222,-11943,-9811,-7148,-4388,-4141,-2698,-2428,-2539,-2511,-2213,-1979,-2011,-2443,-2986,199389,97456,30.81,2026-01-07T15:37:33.67405623Z
192,-3412,-7096,-14844,-19752,-22420,-24660,-26836,-27792,-24648,17928,30816,28816,26264,26364,26992,27832,27744,28636,29112,-3364,-11008,-8532,-5172,-4940,-6196,-8524,-10624,-12328,-13460,-5654,-31987,-32640,-32768,-32768,-32768,-32738,-31496,-29921,-28169,-2326,-23203,-21847,-20181,-17783,-14924,-11313,-7626,-4067,870,-2494,-4369,-3464,-2876,-2522,-2410,-2441,-2945,-3739,-4175,198843,92252,30.81,2026-01-07T15:37:36.340813181Z
-6476,868,1412,1904,2400,2848,3028,3240,2808,2352,17872,16052,16284,16272,16580,16980,17232,17740,18684,19644,1496,-1580,-1592,-1340,-1204,-1656,-1660,-1848,-1988,-2496,-14527,-10433,-10854,-11370,-11893,-12307,-13072,-13393,-14053,-14649,13404,-3901,-3265,-2589,-1948,-1251,-692,-199,261,649,-4711,-1857,-1907,-2025,-2066,-2065,-2026,-2066,-2107,-2156,201616,98918,30.81,2026-01-07T15:37:38.805057988Z
1728,40,-872,-1880,-1964,-1848,-2076,-2392,-2400,-2572,22740,2128,1584,1908,2604,3352,4300,5288,6088,7156,-3856,-15308,-12952,-11776,-10936,-10800,-9960,-8860,-7840,-6876,-19722,24381,25301,26110,26872,27728,28622,29540,30352,31030,524,-12561,-10359,-8208,-6124,-4097,-2193,-361,1266,2780,-2767,-229,-485,-649,-719,-681,-608,-485,-329,-230,197128,94001,30.88,2026-01-07T15:37:42.412050154Z
912,1916,2476,3084,3748,4508,5040,5240,5556,7656,13344,27388,28812,29892,31772,32767,32767,32767,32767,32767,-5516,-6996,-7572,-8324,-9476,-11028,-12856,-15244,-18392,-20788,32767,-26460,-27154,-27810,-28377,-28852,-29116,-28987,-28640,-28149,10116,-5922,-6479,-7110,-7876,-8839,-9947,-11367,-13322,-15470,2280,-5476,-5806,-6087,-6337,-6487,-6586,-6605,-6594,-6582,207396,95232,30.88,2026-01-07T15:37:46.20127527Z
-22108,-5332,-5948,-6572,-7044,-6960,-6420,-5712,-5140,-3900,26128,3680,5020,6112,6916,7536,8588,9716,10444,11356,-5116,-7172,-6404,-5404,-4776,-4056,-3908,-4604,-5120,-6032,-32768,28138,29293,30356,31210,31913,32527,32767,32767,32767,-5425,1170,2943,4660,6413,8059,9574,10837,11902,12852,-5773,7002,7007,6979,6937,6867,6868,6882,6973,7093,196321,93126,30.81,2026-01-07T15:37:48.851558829Z
-612,1352,1968,1816,1916,1476,1064,548,108,-12,15708,17224,17360,17364,17848,18192,18852,19160,19876,20516,-4956,-852,-932,-872,-940,-1492,-1832,-2076,-2492,-2644,32767,-12958,-13240,-13697,-14172,-14587,-14919,-15418,-15813,-16243,13786,-5622,-5277,-4927,-4446,-3969,-3508,-2969,-2507,-2008,9590,-1852,-1773,-1759,-1665,-1609,-1603,-1608,-1639,-1651,204520,98960,30.88,2026-01-07T15:37:52.018467974Z
-56,-3152,-3244,-3460,-3920,-4092,-4140,-4076,-3768,-3704,22668,25332,26608,27952,29132,30400,31892,32767,32767,32767,-3768,-2900,-2652,-2340,-1684,-752,268,1496,2428,3632,-21648,32767,32767,32767,32767,32767,32767,32767,32767,32767,-2944,16536,17498,18498,19642,20915,22139,23159,23918,24493,-1872,14396,14668,14901,14994,15004,15078,15169,15396,15627,178212,82426,30.88,2026-01-07T15:37:57.442814937Z
-11928,-20320,-17488,-16008,-14072,-12752,-12416,-12408,-12064,-11500,32767,15296,14420,14308,14812,15592,15948,15852,16244,16076,29868,32767,32767,32767,32767,32767,32767,32767,32767,32767,32767,17247,14544,11414,8001,4657,1523,-1606,-4347,-6855,10427,-905,-970,-1131,-1285,-1359,-1664,-2001,-2096,-2165,16918,1096,508,51,-607,-1260,-2019,-2719,-3354,-3869,195391,81110,30.88,2026-01-07T15:37:59.683062748Z
32767,-7172,-8752,-9832,-10512,-11032,-8740,1348,4844,-8236,22704,16140,14236,12724,13756,16104,21916,26180,22224,16584,-32768,1520,6108,10280,10000,6180,-4480,-13224,-11868,-740,-2241,-16944,-18532,-19511,-19461,-17533,-12286,-5589,-69,-572,-23042,10331,10140,9933,9337,8139,6154,4878,7951,7708,-10754,-4129,-3782,-3427,-3141,-3338,-3280,-1849,-216,-1505,202651,94585,30.88,2026-01-07T15:38:02.670256235Z
5560,6460,944,-3692,-12612,-20272,-24404,-27424,-27224,-25376,900,32767,30884,27924,23016,20680,20904,23724,28920,32452,-15004,-32768,-28752,-22240,-10284,-1044,752,-1384,-7896,-14412,9066,-29341,-29733,-30324,-31777,-32768,-32768,-32768,-32768,-32768,-5712,-27791,-25061,-20883,-15542,-10000,-4119,1470,6348,10338,4256,-3649,-3187,-2790,-2774,-2865,-2992,-3474,-4000,-4930,201328,90475,30.88,2026-01-07T15:38:06.239638747Z
-5128,-22988,-7996,5264,32767,32767,25560,7600,3968,624,18220,19288,32508,32767,32767,29952,5232,11896,11360,11504,28,29504,-680,-32768,-32768,-32768,-32768,4896,30628,31824,-15974,-18584,-16725,-6053,7712,4497,-15496,-27127,-32768,-32768,18137,3345,4661,2577,447,4364,7332,10919,17082,22728,-4667,-9463,-9083,-7778,-5590,-8169,-10506,-6028,229,2307,160892,83338,30.88,2026-01-07T15:38:08.91595292Z
8688,-2060,-2424,-2904,-3128,-3268,-3424,-3312,-3052,-2200,14800,23888,24940,25788,26504,27508,28884,30112,31548,32767,-5904,-3204,-2400,-1500,-1024,-272,8,252,1160,1936,-16911,32767,32767,32767,32767,32767,32767,32767,32767,32767,-13409,16889,17727,18647,19646,20805,21978,23112,24143,24884,-9000,12328,12449,12778,13235,13575,13788,13967,14207,14554,187008,89934,30.88,2026-01-07T15:38:15.66283023Z
-8324,4260,3988,3932,3148,2236,588,-428,-1832,-2968,32767,1968,3840,4464,3972,3276,2280,1716,1536,2184,21000,-17640,-19000,-19664,-18928,-17436,-15020,-12984,-10792,-9104,32767,9794,12048,15160,18158,20759,22612,23794,24616,25237,12111,-5705,-5740,-5432,-4969,-4268,-3686,-3078,-2260,-1253,18572,4863,5826,6625,7134,7432,7454,7407,7307,7287,199774,94796,30.88,2026-01-07T15:38:17.910679435Z
-2464,-12888,-9020,-7268,-5480,-1900,5160,9232,-7376,-13596,10508,18876,19168,20000,22380,26740,28428,25996,17624,15008,-7260,4500,4712,3332,-2004,-9620,-14372,-15164,104,5104,32767,-21548,-20924,-19453,-16582,-11924,-6367,-1524,-2848,-5218,12289,21572,21013,19791,17327,14183,11895,12992,11849,7792,7988,-6254,-6375,-6026,-5404,-4368,-2175,-477,-1920,-4060,204450,94462,30.88,2026-01-07T15:38:21.005712978Z
3720,-1048,-2396,-4012,-4524,-4416,-4352,-3880,-3208,-2156,-2140,18008,18648,19200,19032,18644,17796,17200,17112,16912,-14992,-1524,-2636,-3340,-3984,-4148,-3852,-3600,-3240,-2932,9088,-9039,-8467,-7747,-7104,-6691,-6445,-6293,-6034,-5729,-7389,-8553,-8058,-7100,-5712,-4197,-2803,-1742,-1050,-678,3228,-2428,-2362,-2456,-2465,-2418,-2320,-2291,-2252,-2216,204182,98216,30.88,2026-01-07T15:38:25.700249505Z
-3180,-2408,-2056,-1664,-1596,-1344,-1228,-960,-960,-1012,16104,14984,15404,15692,15932,15972,15920,15760,15612,15488,-3544,-4432,-4444,-4476,-4460,-4492,-4428,-4336,-4196,-3912,-4400,-5730,-5840,-5860,-5922,-5943,-6004,-6076,-6194,-6245,-3511,-5327,-5356,-5391,-5482,-5569,-5696,-5889,-6031,-6242,-947,-542,-594,-624,-726,-809,-876,-903,-917,-964,206441,98299,30.88,2026-01-07T15:38:31.642481021Z
-2708,-652,460,1056,1084,400,-412,-1052,-1424,-1688,14992,16024,16440,17216,17916,18640,18948,18872,18460,18164,-3860,-2580,-2316,-2484,-2448,-2524,-2884,-3208,-3460,-3964,-7919,-5723,-5440,-5218,-4913,-4638,-4286,-4062,-3852,-3722,-5917,1071,653,-6,-718,-1429,-1945,-2315,-2547,-2774,-1641,-2890,-2703,-2523,-2324,-2125,-1872,-1687,-1523,-1336,202431,98171,30.94,2026-01-07T15:38:34.413042149Z
-2352,-3212,-2076,-508,2220,3376,3108,2740,1916,1348,14920,21392,19164,20120,22140,22688,21328,18920,17004,16188,-4192,-1124,1136,800,-988,-2128,-1980,-1620,-2092,-2576,-3622,-9334,-11140,-12214,-11840,-10486,-9292,-8623,-8410,-8465,-5487,4277,4814,3993,2202,-127,-2762,-5612,-8151,-10083,-132,-6452,-8188,-8435,-7239,-5538,-4455,-3943,-3584,-3053,189437,92384,30.94,2026-01-07T15:38:37.250077371Z
-3152,-16800,-15460,-5408,7076,25676,31224,18552,3540,1296,15628,20792,25072,31928,32767,32767,23880,13188,22128,23872,-3744,22080,13412,-3396,-32768,-32768,-32768,-30240,14524,25032,-5998,-13102,-12984,-9943,-158,7472,-2644,-19008,-27664,-32476,595,4690,3197,2781,-57,-5021,-6665,-2373,3050,9088,-2388,-8732,-9450,-8609,-7063,-6576,-9267,-9116,-2676,3139,171701,81682,30.94,2026-01-07T15:38:40.321813342Z
5368,2264,1736,1548,1208,732,364,1380,2228,3424,10284,23944,24328,25084,25552,26304,27400,28988,30156,31832,-8268,-3940,-4016,-4836,-4800,-4276,-3764,-5228,-6572,-8112,-16953,-22406,-23220,-24028,-24833,-25710,-26551,-27177,-27666,-27994,-9025,-5695,-5576,-5326,-4962,-4518,-4274,-4292,-4600,-5096,-7138,-2789,-3035,-3301,-3532,-3829,-4067,-4397,-4747,-5008,203390,96992,30.94,2026-01-07T15:38:43.212067797Z
7868,30000,14580,3132,-7348,-16700,-29236,-32768,-32768,-32768,32767,26604,15088,8332,6192,7964,7360,5784,11652,22620,-32648,-19884,-12332,-2504,6120,6780,13820,27340,31156,16060,-30252,-14911,-17896,-22010,-25355,-26494,-27647,-30015,-31134,-27425,-19865,-12747,-22501,-27586,-29251,-28319,-26103,-24005,-21651,-15834,-3899,-15910,-14378,-12759,-11046,-10001,-11319,-13689,-14716,-11700,179908,91201,30.94,2026-01-07T15:38:45.98968192Z
4140,24444,24260,16044,5260,-1060,-8200,-22932,-32768,-32768,19280,32767,32140,20344,9748,5344,4816,4800,3140,4816,4864,-12888,-17516,-13800,-3024,3332,5668,11344,20876,29524,-14397,-15265,-15734,-17549,-20415,-23438,-24933,-25485,-27423,-29355,-7671,-1608,-10751,-17439,-21559,-23220,-22842,-21360,-20341,-19654,-4205,-16786,-16151,-15168,-13803,-12132,-10729,-11053,-13038,-14836,179527,90313,30.94,2026-01-07T15:38:48.648561424Z
6588,176,-492,-604,-504,-140,516,824,1144,1456,20572,23024,23676,24392,25100,26588,28348,29392,30876,32740,2456,-2548,-1556,-572,-384,-700,-824,-788,-388,16,-14117,32767,32767,32767,32767,32767,32767,32767,32767,32767,-1241,13127,13117,13362,13580,13933,14190,14460,14542,14382,-4651,13977,14301,14630,14905,15205,15513,15847,16200,16585,179810,87721,30.94,2026-01-07T15:38:55.818246039Z
-11228,-19324,-18852,-18208,-16624,-15136,-13844,-11996,-12444,-13204,32767,16568,15848,15060,14064,13692,14232,15020,15752,19172,22944,32767,32767,32767,32767,32767,32767,32767,31008,25324,32767,4887,1716,-1458,-4516,-7481,-9967,-12394,-14552,-16065,5372,-4782,-4540,-4255,-4008,-3785,-3519,-2991,-2506,-2863,17088,-1346,-2599,-3586,-4207,-4564,-4901,-5427,-6349,-7668,160489,85144,30.94,2026-01-07T15:38:58.050605542Z
-2532,-1936,-1944,-2052,-1980,-1972,-1948,-1832,-1864,-1988,12740,16304,16228,16196,16188,15920,15916,15852,15796,15632,32767,-3536,-3188,-3188,-3036,-3264,-3248,-3532,-3152,-3308,-32768,-5817,-5918,-6010,-6145,-6308,-6502,-6702,-6881,-7123,22413,-8107,-8246,-8367,-8404,-8384,-8303,-8137,-7906,-7678,2427,-1412,-1467,-1540,-1598,-1637,-1671,-1696,-1703,-1779,207221,98028,30.94,2026-01-07T15:39:00.600940285Z
-2824,-4180,-3456,-2156,-960,-176,164,72,-704,-1280,14508,16480,16092,16092,16260,16404,16496,16696,16988,17276,-2964,-4404,-3660,-2920,-2604,-2248,-2140,-2392,-2604,-2740,-9512,-6671,-6674,-6499,-6206,-5864,-5604,-5450,-5355,-5253,-8609,-893,260,692,556,45,-647,-1448,-2110,-2667,-2489,-2777,-2781,-2748,-2653,-2521,-2373,-2128,-1865,-1658,201605,98127,31,2026-01-07T15:39:02.984071678Z
-2592,-24632,-25916,-26664,-27152,-27168,-26000,-24736,-22828,-22012,14840,28012,25292,23208,21364,19276,17356,16236,15428,15044,-3668,31764,32767,32767,32767,32767,32767,32767,32767,32767,-5034,30396,27607,25044,22507,20195,17590,14940,11969,8636,-4547,11326,9479,7515,5440,3463,1763,375,-673,-1800,-560,11012,9958,8620,6930,5292,3698,2710,2213,1405,160961,66486,30.94,2026-01-07T15:39:06.050419907Z
-16368,-44,-1432,-2320,-3464,-4424,-4956,-4712,-4556,-4580,20468,2628,1608,904,860,1632,2952,4776,6524,8296,20180,-20988,-18796,-15996,-14084,-12968,-12320,-11908,-11812,-11008,-15127,22416,24612,26098,26956,27578,28193,29042,30220,31586,-3320,-6226,-4413,-2724,-1181,381,2053,3688,5339,6911,-7148,5432,5202,5040,4813,4507,4179,3957,3878,3866,197672,93025,30.94,2026-01-07T15:39:08.309490705Z
856,-2944,-2724,-2232,-1784,-1464,-1120,-1052,-1132,-1256,16768,14404,14588,14892,15232,15444,15548,15668,15532,15460,-4876,-4088,-3940,-4072,-4244,-4044,-3956,-3976,-3984,-3924,32767,-5052,-5259,-5391,-5589,-5777,-5987,-6181,-6351,-6568,12285,-4516,-4572,-4672,-4940,-5313,-5801,-6359,-6931,-7521,6450,288,224,137,43,-73,-139,-255,-383,-501,205674,98945,30.94,2026-01-07T15:39:10.986118337Z
-1592,-15632,-11056,-6512,-2468,2284,6108,7508,7180,6348,15328,17608,18908,19228,19500,20496,21472,21928,21668,21404,-4280,2468,1788,1492,1288,436,-4,384,756,1264,-8931,-3979,-3745,-3738,-3984,-4165,-4255,-4329,-4439,-4538,-7029,10322,13494,15985,17317,17488,16544,14557,11880,8651,-1802,2395,2548,2139,1430,866,676,730,803,974,185813,90134,31,2026-01-07T15:39:13.431207568Z
-1672,4184,-4252,-4832,-1648,3392,4944,6876,9160,10184,15220,20456,13744,10216,8740,9284,9372,9576,8756,7500,-1340,-15720,-4584,468,-532,-6356,-10520,-16020,-19812,-21188,-3521,2061,2948,1631,1058,1692,3069,5151,7567,9702,-3213,5746,4099,1353,-1052,-1781,-2252,-3261,-4301,-5070,897,-3658,-4369,-5037,-4740,-3365,-2198,-1194,-187,647,204438,95767,31,2026-01-07T15:39:18.165222621Z
-1332,6708,8824,9004,7952,5124,236,-3736,-9460,-11828,764,32767,32767,32767,32767,32767,32767,32144,29112,26028,-10024,-23452,-26732,-28688,-29484,-28936,-26324,-22464,-15648,-5984,22982,-27514,-27523,-27631,-28000,-28688,-29475,-30220,-31058,-32348,-5853,-11524,-13106,-14886,-16692,-17727,-17492,-15582,-11941,-6998,3973,-4416,-4468,-4182,-3970,-4039,-4365,-4742,-5105,-4996,204789,91826,31,2026-01-07T15:39:22.949282631Z
-10692,-2252,-2572,-3072,-3380,-3624,-3992,-4732,-5232,-5676,30892,14560,14648,14836,15328,15872,16644,17480,18208,19212,-18768,-3420,-3612,-3728,-3900,-3584,-3440,-3620,-4052,-3912,-25066,-11223,-11742,-12344,-12956,-12984,-13571,-13872,-14179,-14380,4105,-6124,-5819,-5476,-5078,-4666,-4405,-4379,-4676,-5291,-4017,-3195,-3335,-3479,-3565,-3605,-3684,-3849,-4053,-4170,204733,99051,31,2026-01-07T15:39:26.531019543Z
-156,4652,3112,904,-1320,-2408,-3592,-4452,-5148,-5724,22648,4236,3608,2744,2664,2700,4040,5608,7236,8188,-2888,-15676,-13712,-10532,-8032,-6764,-6296,-6524,-6748,-6320,-17940,22084,24370,25759,26438,26752,27181,27939,28979,30090,-11369,-8919,-9313,-9428,-9067,-8257,-7046,-5476,-3499,-1290,-2584,7941,8320,8368,8348,8184,8110,7988,7920,7743,196196,93094,31.06,2026-01-07T15:39:28.786521863Z
-2548,20604,14408,8072,3248,-5864,-19028,-27044,-29332,-17224,14324,11940,3220,1228,4368,8196,8728,8696,12984,24716,-5684,-14036,-8316,400,5980,8320,15344,23852,26864,11836,32767,-14578,-19435,-23152,-24029,-22509,-21319,-21558,-22094,-19971,18727,-11936,-17452,-20126,-19886,-17262,-14672,-12116,-9528,-5693,7075,-7301,-5872,-4624,-3631,-3782,-5451,-7937,-9204,-7909,178428,89416,31,2026-01-07T15:39:31.742139045Z
2492,-2452,-5596,-13704,4676,24776,25184,3752,-1876,-64,18308,20580,21536,24568,32767,32767,29600,32767,32767,32767,-232,12680,6636,-1724,-32768,-32768,-32768,-5792,21936,22120,-9019,-2700,-1231,-598,2321,4106,-14480,-30046,-32768,-32768,-7903,9361,8454,4460,-40,-2853,1464,10384,19438,28276,-4160,-4337,-5358,-6952,-6150,-7577,-12043,-8148,-1002,2703,159640,81498,31,2026-01-07T15:39:34.308262201Z
15908,936,188,-28,-244,-332,-468,-408,-200,-40,2312,11392,11736,11952,12152,12516,12884,13368,13844,14360,2576,-4556,-4204,-3952,-3720,-3264,-2932,-2728,-2328,-1932,-21530,32767,32767,32767,32767,32767,32767,32767,32767,32767,-26888,3183,3811,4559,5283,6076,6757,7371,7869,8151,-7036,10099,10123,10117,10138,10224,10285,10370,10473,10587,189821,89454,31,2026-01-07T15:39:38.191695817Z
-1956,-6712,-3840,3200,10256,-2528,-12760,-9220,-1048,2568,19284,22496,24916,26584,25736,15444,11168,12260,15424,15932,2320,-4404,-10952,-17576,-18808,-6396,1680,-1040,-8952,-15148,32767,-14371,-10329,-5178,-266,-771,-5041,-6880,-5510,-2709,10796,12926,10391,7980,8070,7640,3661,3,-1221,-2025,12752,-4344,-4322,-2999,-890,-1570,-3650,-4720,-3831,-2224,202218,94782,31,2026-01-07T15:39:40.650179779Z
-396,-196,-156,-196,-176,-480,-588,-916,-1012,-884,5888,15684,15720,15724,15632,15532,15472,15520,15616,15624,-14436,-3348,-3240,-3352,-3560,-3484,-3196,-3176,-3348,-3552,12948,-1769,-1881,-1952,-2100,-2200,-2294,-2436,-2530,-2598,-7050,-1276,-1410,-1478,-1530,-1506,-1465,-1426,-1399,-1282,6011,347,298,276,267,251,222,223,189,108,205945,95392,31,2026-01-07T15:39:43.545487996Z
-372,4712,4164,2704,824,-864,-2708,-4648,-6100,-6764,15976,1152,1828,2168,2524,2716,3088,3696,4676,5760,-2912,-11728,-12124,-12204,-11088,-10016,-7992,-6356,-5024,-4832,-3473,16848,18963,21195,23100,24559,25778,26652,27382,28178,-2406,-12167,-12758,-12593,-11831,-10578,-8693,-6557,-4197,-1519,68,7311,7939,8501,8776,8810,8649,8326,7970,7576,195674,92826,31,2026-01-07T15:39:46.184592885Z
-1796,-980,-948,-492,-232,244,396,624,1240,836,12792,16468,16412,16388,16332,16252,16196,16632,16896,17420,-5220,-1072,-656,-848,-984,-1048,-1172,-1104,-1148,-1040,32767,-10415,-10629,-10851,-11104,-11473,-11774,-12172,-12721,-13064,21016,-7646,-7960,-8159,-8131,-7935,-7675,-7157,-6863,-6442,5860,-2264,-2224,-2235,-2269,-2303,-2267,-2141,-2107,-2078,205018,98448,31,2026-01-07T15:39:49.42658925Z
1076,-1388,-2900,-4192,-5192,-6392,-7664,-8580,-8828,-8756,22928,1792,1796,2060,2556,3512,4716,5656,7068,8128,-2732,-9920,-8136,-6784,-5628,-5036,-4580,-4380,-4560,-5184,-17398,23016,24157,24998,25693,26301,26971,27593,28377,29221,-3357,-6321,-5332,-3926,-2168,-105,2350,4863,7598,10325,-1888,9488,9463,9380,9216,9065,8835,8558,8293,8070,194676,92501,31.06,2026-01-07T15:39:52.370604326Z
-2828,-18968,-19760,-20404,-20144,-20084,-19824,-20756,-21428,-19676,13596,32767,32767,32767,32268,30740,28704,26356,24788,22440,-4996,28816,29168,29372,29884,30044,29324,30496,32604,32767,32767,32767,32767,32767,31413,30090,29067,28141,27134,25948,26646,-1026,-628,-40,828,1846,2580,2909,2393,1506,9988,15751,14622,13431,12146,10850,9680,8424,7396,6463,184756,87680,31.06,2026-01-07T15:39:55.607870845Z
-15136,244,60,-124,-196,-444,-1044,-1204,-1792,-1576,15860,22916,23088,23316,23736,23992,24492,24816,25340,26464,32767,-3136,-3452,-3956,-4848,-4976,-4996,-4872,-4264,-4860,1310,-18926,-19612,-20365,-21050,-21793,-22538,-23345,-24198,-24963,3539,-4628,-4837,-5047,-5204,-5401,-5624,-5834,-6042,-6445,-1690,-3321,-3397,-3524,-3678,-3872,-4048,-4286,-4665,-5064,203954,97370,31.06,2026-01-07T15:39:58.890342085Z
5212,-620,-736,-944,-1116,-1388,-1848,-2184,-2332,-2484,32767,15944,15736,15912,15704,15596,15396,15476,15260,15144,-21628,-3376,-3516,-3592,-3692,-3864,-3788,-4092,-4152,-4044,-26901,-5583,-5725,-5872,-6038,-6213,-6381,-6599,-6712,-6937,-14569,-7947,-8243,-8472,-8529,-8453,-8164,-7782,-7209,-6581,-7113,-295,-335,-450,-536,-588,-699,-794,-906,-972,207285,97888,31,2026-01-07T15:40:02.249598541Z
-1728,3876,3752,3820,4856,6432,8004,9508,10656,10800,15560,32468,32767,32767,32767,32767,32767,32767,32767,32767,-2832,-10468,-12380,-14668,-16880,-20032,-22408,-23432,-24324,-25584,-9709,-25485,-25576,-25791,-26076,-26125,-25977,-26047,-26328,-26774,-4336,-13253,-13792,-14349,-14603,-14848,-15528,-16712,-18553,-20470,-1650,-4973,-4993,-4973,-4988,-4865,-4744,-4654,-4426,-4364,207110,93232,31.06,2026-01-07T15:40:04.862974152Z
-18256,-2612,-2760,-2828,-3580,-3580,-3092,-2740,-2980,-3100,29752,15484,15400,15516,15576,15640,15624,15552,15440,15380,-8976,-2960,-2796,-2452,-2116,-2412,-2952,-3244,-3208,-3056,-31596,-5964,-6091,-6232,-6348,-6480,-6553,-6720,-6932,-7106,512,-4635,-4912,-5224,-5714,-6312,-6891,-7450,-7908,-8347,-4417,-920,-1040,-1140,-1344,-1453,-1429,-1346,-1295,-1277,207947,98298,31.06,2026-01-07T15:40:07.900294326Z
-620,-4560,-820,3460,5128,6920,6368,5012,2576,512,15908,32336,27632,22460,20452,19852,19708,19000,17820,16816,-2260,-772,-784,-564,-544,-568,-188,-180,-220,-964,-10705,-10440,-9085,-9525,-10757,-11450,-11368,-10730,-9990,-9327,-6629,1748,3017,3340,1800,-728,-3711,-6461,-8655,-10269,-1549,-6523,-7187,-8386,-8927,-8342,-7218,-6292,-5874,-5561,189988,91912,31.06,2026-01-07T15:40:10.349698251Z
-3992,-5072,-5096,-5412,-5668,-6084,-6276,-6476,-6764,-6832,16472,17768,17568,17752,18444,19000,19868,20540,21408,22496,-3636,-4100,-3424,-3428,-3500,-3248,-3052,-2944,-2960,-3264,-5388,32767,32767,32767,32767,32767,32767,32767,32767,32767,-1251,17810,17561,17366,17187,17054,16944,16838,16725,16778,-3340,11790,11926,12059,12125,12191,12158,12141,12150,12238,193302,89464,31.06,2026-01-07T15:40:13.591270781Z
-3992,-5072,-5096,-5412,-5668,-6084,-6276,-6476,-6764,-6832,16472,17768,17568,17752,18444,19000,19868,20540,21408,22496,-3636,-4100,-3424,-3428,-3500,-3248,-3052,-2944,-2960,-3264,-5388,32767,32767,32767,32767,32767,32767,32767,32767,32767,-1251,17810,17561,17366,17187,17054,16944,16838,16725,16778,-3340,11790,11926,12059,12125,12191,12158,12141,12150,12238,193302,89464,31.06,2026-01-07T15:40:20.442113584Z
-4312,1316,2764,4612,4008,3932,3256,952,-1508,-2692,28740,28108,26124,23204,21132,20320,19036,17772,16772,16260,5464,-584,-868,-508,96,-640,-1744,-2212,-2736,-3024,32767,-10416,-9617,-9230,-9238,-9149,-9004,-8887,-8790,-8624,19018,3332,1929,306,-2161,-5022,-7630,-9633,-11020,-11703,13369,-5642,-6264,-6987,-7064,-6453,-5385,-4583,-3991,-3472,186867,90193,31.06,2026-01-07T15:40:25.492789331Z
-4164,4856,7368,8064,5320,2808,1740,1656,696,-404,16828,20516,20616,21104,20864,20032,19176,19076,18764,18264,-3800,-700,-768,-1444,-1276,476,1756,968,-832,-1644,-6053,-9142,-9183,-8888,-8503,-8314,-8214,-7970,-7672,-7411,-221,8519,5705,2680,-483,-3180,-5086,-6137,-6814,-7112,-1435,-6172,-5101,-3934,-3311,-3232,-2964,-2409,-1824,-1533,182989,87395,31.06,2026-01-07T15:40:28.78573148Z
-3248,-380,828,940,1096,1408,724,-836,-1400,-1016,16228,29572,29100,28628,28688,28988,29744,30656,31340,32456,-2800,-9764,-9932,-10144,-12132,-13772,-15628,-16564,-16524,-16816,-5032,-21454,-21838,-22370,-22779,-23040,-23182,-23111,-23102,-23185,849,-3524,-3368,-3723,-4565,-5700,-6663,-7465,-7918,-8222,-1132,-2034,-2150,-2392,-2729,-2977,-3330,-3919,-4506,-5046,207232,95282,31.06,2026-01-07T15:40:31.676879469Z
-3132,1384,1980,2348,2404,2324,2340,2352,2596,2468,30600,20208,20892,21064,21392,21536,21960,22556,23196,23532,-5508,-2992,-3040,-3028,-3016,-3240,-3464,-3708,-4336,-4780,-28279,-12998,-13530,-13886,-14388,-15017,-15613,-16154,-16769,-17310,-17417,-3894,-3453,-3059,-2716,-2402,-2024,-1771,-1601,-1529,-2790,7,121,275,389,424,494,586,655,615,205988,97048,31.12,2026-01-07T15:40:36.165833212Z
-52,-4444,-5544,-5488,-4392,-3016,-1236,100,1684,2432,32767,6136,5300,5844,6688,7752,9220,10188,11316,12312,-14316,-9008,-6816,-5072,-5056,-5640,-6524,-6992,-7256,-7156,-23688,15816,16585,17138,17736,18627,19763,20975,22271,23440,-2510,-1262,646,2215,3443,4198,4472,4317,3664,2601,250,-1136,-1609,-1987,-2263,-2424,-2403,-2305,-2172,-1963,193151,91842,31.06,2026-01-07T15:40:38.836207767Z
2024,2548,3176,3336,2980,2688,2880,2836,2852,3140,17088,20696,20916,20636,20740,20692,21136,20388,21004,21704,-3180,-2480,-3840,-3996,-4000,-3736,-4052,-4264,-4364,-5096,30333,-12615,-13048,-13817,-14415,-15032,-15659,-16385,-17092,-17580,-6659,-2701,-2151,-1570,-1047,-544,-76,321,570,623,-1065,-1119,-1160,-1171,-1237,-1259,-1308,-1383,-1441,-1362,205785,97297,31.12,2026-01-07T15:40:41.900247129Z
592,-15280,-15332,-14956,-14316,-13044,-13756,-10908,-12520,-23756,24872,13596,12200,11200,10188,9064,8144,9520,11176,10644,-10644,32767,32767,32767,32767,32767,32767,31764,27204,30496,-21997,11717,10183,8654,7180,5616,4381,3656,3436,1479,-4058,-9512,-8325,-6824,-5156,-3378,-1773,-447,1263,1561,-2125,3891,3265,2743,2323,1907,1493,1158,114,-1652,158533,82326,31.12,2026-01-07T15:40:44.191459492Z
15312,-1620,-1912,-2116,-2312,-2320,-2492,-2436,-2436,-2444,32767,15520,15584,15780,15788,15860,15872,15828,15912,15952,6220,-3712,-3880,-3952,-3648,-3760,-3408,-3276,-3168,-2688,-21764,-6649,-6721,-6765,-6766,-6776,-6771,-6798,-6838,-6877,11471,-4253,-4255,-4260,-4201,-4085,-3911,-3840,-3779,-3769,-9817,-361,-409,-449,-548,-621,-581,-583,-636,-687,207117,97603,31.12,2026-01-07T15:40:49.470386201Z
-1376,2556,2408,2108,2452,2432,2180,1752,1300,-32,17104,21848,21880,21892,22328,22596,23020,23224,23932,23500,-1928,-4476,-4404,-4460,-5100,-5532,-5796,-5940,-5716,-5464,-7108,-19216,-20001,-20710,-21389,-22045,-22824,-23515,-24225,-24872,-4763,-1630,-1361,-1242,-1216,-1210,-1241,-1368,-1501,-1538,-951,-1561,-1619,-1635,-1631,-1655,-1745,-1881,-2042,-2416,207357,97216,31.12,2026-01-07T15:40:51.757403044Z
1072,-1116,-2712,-3616,-4520,-5252,-5624,-6144,-6492,-6728,32767,3076,2680,2936,3860,4980,5832,6884,7712,8572,-21472,-11144,-8984,-7796,-6880,-6568,-6132,-5548,-5148,-4624,-28894,22252,23084,23641,24156,24825,25557,26390,27091,27889,-7003,2298,3053,4081,5422,6952,8518,10266,12042,13715,-3073,4439,4392,4327,4316,4333,4390,4382,4400,4361,196831,93120,31.12,2026-01-07T15:40:55.521498117Z
1932,2352,2092,1824,1508,1032,-216,396,1240,2424,15280,30064,31040,32767,32767,32767,32767,32767,32767,32767,-4856,-9040,-9572,-11776,-14608,-16736,-19588,-22500,-24148,-25224,32767,-28505,-29358,-30116,-30476,-30492,-30321,-30070,-29924,-29765,20040,-4563,-5284,-5882,-6081,-6013,-5805,-5206,-4574,-4275,7367,-2856,-3160,-3395,-3640,-3929,-4317,-4814,-5135,-5203,206921,94730,31.12,2026-01-07T15:40:57.875949702Z
-10268,-4396,-4184,-4276,-4472,-4508,-4708,-4884,-5508,-6352,29540,16588,16616,16480,16516,16548,16964,17268,17832,18424,636,-5468,-5544,-5188,-5040,-4804,-5348,-5464,-5568,-5572,-32768,32656,32767,32767,32767,32767,32767,32767,32767,32767,-19202,7429,7472,7473,7465,7366,7319,7268,7360,7539,-212,11702,11703,11709,11642,11647,11565,11516,11395,11185,194341,90983,31.12,2026-01-07T15:41:00.19776356Z
-6040,-4356,-7428,-9196,-9248,-10076,-14160,-20436,-21264,-16232,22072,4720,3300,6308,11248,14504,16452,17120,19396,23660,-924,-4528,-1652,1740,3092,3864,7608,13540,16768,13560,32767,-14047,-15817,-17249,-17600,-16915,-16335,-16419,-16904,-16182,12099,-10909,-11163,-9289,-6065,-2703,465,2727,4387,5904,10214,-7098,-5419,-3548,-2398,-2352,-4011,-6564,-8527,-8543,178905,86502,31.12,2026-01-07T15:41:02.795082671Z
988,-4072,-4656,-5496,-6516,-7344,-8064,-8288,-8480,-8736,17376,22104,22724,23332,23940,24188,24760,25480,25984,26780,-924,3780,4528,5752,7692,9476,11488,13492,15196,17460,-9966,32767,32767,32767,32767,32767,32767,32767,32767,32767,-11132,10304,11481,12782,13651,14733,15442,15878,15893,15384,-3372,10138,10312,10469,10643,10794,10911,11174,11410,11740,176966,84928,31.12,2026-01-07T15:41:05.565787652Z
-15216,2572,3932,4936,5292,3344,1140,-4032,-9352,-12036,28720,32767,32767,32767,32767,32767,32767,31196,29376,28620,32767,-23280,-24788,-25812,-25404,-22944,-20380,-15224,-8832,-5120,24585,-27457,-27252,-26985,-26940,-27480,-28356,-29303,-30231,-31083,-7469,-12336,-12495,-13021,-13741,-14408,-14440,-13204,-10667,-7495,9388,-4443,-4770,-4902,-4939,-5026,-5250,-5638,-6134,-6431,206307,92517,31.12,2026-01-07T15:41:08.536699484Z
-7220,21020,18860,13340,8892,2096,-7732,-14144,-18604,-22968,29560,14848,3192,-824,1996,9004,14768,16952,16588,14388,-19832,-9620,-9672,-4724,-88,996,-844,-832,1600,5632,-23599,-12135,-16586,-21603,-24495,-24118,-21410,-18098,-15575,-14533,1025,-6298,-16601,-23246,-25553,-23799,-20337,-15925,-10821,-5449,-4246,-9645,-7884,-5195,-2084,-306,-835,-3228,-5768,-7733,176355,86988,31.12,2026-01-07T15:41:13.84542621Z
4224,-5072,-5360,-5336,-4688,-3832,-2836,-1696,-900,-560,21740,9944,10644,11000,11368,12032,12496,13396,14120,14660,200,-6048,-5368,-4492,-4304,-4612,-5316,-5824,-6348,-6652,-10354,26507,27427,28200,28826,29445,30069,30777,31540,32287,-5307,11788,13079,14567,15694,16518,17047,17310,17323,17202,-4883,7257,7297,7302,7340,7401,7482,7742,7975,8269,195197,92428,31.12,2026-01-07T15:41:19.394661835Z
-1372,2428,2160,1592,976,656,976,2684,4488,6088,17308,32767,32767,32767,32767,32767,32767,32767,32767,32767,-4188,-12444,-13884,-16964,-19532,-20784,-21128,-22092,-23856,-26356,32767,-27714,-28366,-28654,-28564,-28418,-28372,-28428,-28454,-28573,11657,-6471,-6595,-6542,-6491,-6779,-7380,-8413,-9780,-11279,11145,-807,-847,-947,-1264,-1992,-3024,-3931,-4551,-4775,206461,92201,31.12,2026-01-07T15:41:22.323098888Z
-22376,708,476,228,-168,-384,-1372,-1676,-1860,-1832,32767,17980,17700,17968,18212,18572,18912,19268,19324,19780,-11632,-2460,-2436,-2804,-3128,-3448,-3884,-3840,-4764,-4692,-32768,-10536,-10982,-11481,-11980,-12459,-13023,-13590,-14047,-14585,-6271,-5850,-5719,-5530,-5405,-5250,-5175,-5110,-5074,-5045,-2844,-2032,-2054,-2055,-1963,-1897,-1840,-1986,-2065,-2008,206134,98295,31.12,2026-01-07T15:41:26.442574446Z
920,-912,-692,-688,-892,-820,-788,-448,-496,-628,23624,22472,23060,23168,23464,23276,22940,23268,23424,23724,-5540,-4456,-4220,-4368,-4312,-4504,-4480,-4752,-4736,-4852,-20131,-16842,-17330,-18008,-18559,-19313,-20281,-21082,-22060,-22966,-6028,-2816,-2908,-3230,-3507,-3858,-4309,-4707,-5054,-5431,-1704,-1113,-1133,-1187,-1160,-1174,-1175,-1186,-1148,-1168,204530,97955,31.12,2026-01-07T15:41:28.798718466Z
572,-1316,-1792,-1992,-2460,-3052,-3300,-3564,-3672,-3644,32767,18760,19644,20348,21404,22252,22880,23852,24696,25220,-17040,-2852,-3204,-3280,-3212,-2516,-2108,-1200,-64,836,-30086,32767,32767,32767,32767,32767,32767,32767,32767,32767,-10486,3632,4364,5201,6232,7304,8457,9611,10933,12350,-3925,8911,9021,9160,9315,9459,9555,9627,9748,9890,189369,86667,31.12,2026-01-07T15:41:32.797196929Z
-8580,-9224,-9936,-10380,-11096,-11828,-12608,-12772,-13840,-14776,28892,20992,21292,21332,21380,21512,21640,21564,21448,21212,17744,21204,22840,24104,25816,27876,29796,31068,32767,32767,32767,31071,30186,29265,28189,26968,25769,24360,22836,21137,18212,16500,15208,13691,11808,9791,7653,5283,3027,713,11546,12645,12601,12563,12517,12165,12023,11796,11456,11002,181592,85808,31.12,2026-01-07T15:41:35.55794066Z
-19816,1968,2332,2440,2360,2120,1944,1640,1236,952,14596,15280,15748,16016,16140,16340,16364,16624,16640,16808,32767,-5404,-5168,-5044,-4300,-3712,-3564,-3228,-2908,-3012,4631,32767,32767,32767,32767,32767,32767,32767,32767,32767,-3644,6622,5252,3938,2699,1644,672,-88,-700,-1049,3234,4783,5221,5684,6049,6390,6640,6798,6984,7082,194440,91563,31.12,2026-01-07T15:41:38.210429806Z
-1264,-1928,-1872,-2116,-2304,-2668,-2912,-3304,-3220,-3192,20408,16460,16464,16208,16384,16172,16080,16028,16032,15992,-808,-3104,-3332,-3444,-3552,-3832,-3724,-4020,-4120,-4528,32767,-2486,-2403,-2381,-2400,-2361,-2364,-2444,-2467,-2506,4744,-6009,-6584,-7189,-7712,-8080,-8359,-8644,-8782,-8956,7573,975,970,946,883,798,812,748,606,571,207625,96113,31.19,2026-01-07T15:41:40.663886468Z
-3528,-5892,-7076,-7684,-8420,-9656,-11140,-12168,-13404,-14648,15500,25712,26324,26956,27432,27664,27780,27680,27396,26256,-3992,23904,26348,28608,30260,32767,32767,32767,32767,32767,-3173,32767,32767,32767,31351,29675,28009,26264,24673,22989,-10696,16047,14850,13610,12267,10844,9524,8140,6931,5660,-676,10337,10490,10573,10569,10515,10201,9729,9233,8607,183810,85918,31.12,2026-01-07T15:41:44.079783592Z
-21824,-2712,-2620,-2532,-2288,-2048,-1932,-1584,-1612,-1480,14024,15016,14824,15024,15064,15444,15636,15944,15796,15708,32767,-4820,-4612,-4424,-4508,-4644,-4728,-4804,-4572,-4172,4191,-4867,-4942,-5071,-5206,-5243,-5303,-5294,-5379,-5466,7910,-2533,-2552,-2580,-2684,-2802,-3000,-3225,-3471,-3619,882,790,770,724,629,572,506,494,392,345,206475,96979,31.19,2026-01-07T15:41:48.46899771Z
-1648,-332,440,924,1296,1312,992,652,344,108,15888,12452,12856,13596,14372,14676,15124,15296,15680,15892,-4060,-5184,-5256,-5560,-5552,-5276,-4480,-3728,-3308,-3392,-6149,29405,30281,31128,31916,32633,32767,32767,32767,32767,-3920,18372,17942,17289,16466,15613,14735,13882,13124,12252,-486,2603,3150,3698,4278,4791,5259,5730,6109,6492,198376,93069,31.19,2026-01-07T15:41:51.319939036Z
-1636,2436,11544,4788,-4888,-5172,1648,6304,6780,7564,16920,26912,28580,22272,14264,12168,14276,16056,16108,15152,-1980,-14024,-18080,-12332,2932,5284,-1688,-10064,-14240,-18116,32767,-6582,-1147,1853,-547,-3039,-2719,-301,3077,6655,8338,15504,15212,14895,11065,5952,2208,828,-748,-2697,9220,-3517,-1500,-987,-1824,-2797,-2154,-986,132,1032,202470,93863,31.19,2026-01-07T15:41:56.785983273Z
-2616,-15876,-17232,-18072,-17540,-17780,-18128,-17788,-16972,-16208,5052,23808,21392,20180,18644,17144,16348,15864,16080,16424,-13060,32767,32767,32767,32767,32767,32767,32767,32767,32767,19754,20802,18312,15857,13597,11312,8619,5959,3210,781,-2307,-494,-85,173,683,1340,2141,3416,4907,6365,6475,6969,6064,5186,4650,3986,2943,1914,999,383,200520,81226,31.19,2026-01-07T15:41:59.315694128Z
-13732,-3208,3552,5988,8324,11016,11872,10396,7724,5308,22068,12436,13336,13912,14608,13296,10744,6164,2360,1112,5468,2012,-5432,-10988,-18108,-23220,-24764,-23232,-20220,-17000,-8804,-1122,6,2404,5783,9348,12091,13538,13576,13243,12112,6808,5117,3961,2188,502,-893,-2279,-3464,-4394,-5707,-4229,-2901,-1685,-596,412,1234,1885,2295,2783,204283,94556,31.19,2026-01-07T15:42:01.780363409Z
-6108,1376,1028,532,116,-220,-560,-540,-852,-828,5632,17568,17972,18864,19760,20308,20852,21780,22324,22704,-7588,-1712,-1980,-2192,-2732,-3256,-3900,-4160,-4216,-4128,28610,-13088,-13745,-14194,-14628,-15046,-15504,-16037,-16551,-17020,1986,-4972,-4343,-3826,-3322,-2993,-2760,-2680,-2721,-2824,5564,-2367,-2368,-2238,-2202,-2261,-2339,-2347,-2401,-2474,206150,97875,31.19,2026-01-07T15:42:04.55243093Z
420,-1108,-1096,-1232,-1060,-1112,-1320,-1732,-1832,-2280,25208,16608,16936,17212,17408,17808,17972,18300,18716,19308,-6068,-5376,-5320,-4836,-4376,-4224,-3608,-3400,-3368,-3380,-23689,32767,32767,32767,32767,32767,32767,32767,32767,32767,-5264,16304,16170,15880,15545,15108,14650,14279,13998,13874,-3050,7232,7554,7869,8142,8469,8765,9097,9327,9564,196427,91682,31.19,2026-01-07T15:42:06.984943276Z
-2544,3708,3964,3224,2888,2572,1480,1032,2540,4592,27284,29780,30896,32767,32767,32767,32767,32767,32767,32767,172,-10544,-11376,-12744,-15732,-17260,-18756,-19876,-21748,-24004,32767,-26364,-27041,-27729,-28022,-28003,-27807,-27540,-27372,-27327,17058,-5248,-5962,-6492,-6481,-6088,-5779,-5887,-6626,-8051,12618,-2806,-2913,-2927,-2839,-2851,-3064,-3635,-4324,-4767,207555,93525,31.19,2026-01-07T15:42:09.961817562Z
-10256,-2216,-1988,-1876,-1608,-1196,-1252,-1312,-1436,-1452,30160,15376,15404,15184,15340,15464,15716,16080,16156,16184,-8844,-3756,-3616,-3460,-3544,-3676,-3728,-3648,-3396,-3420,-31789,-2640,-2693,-2802,-2911,-3079,-3200,-3345,-3469,-3664,-3758,-3545,-3852,-4152,-4537,-4857,-5130,-5396,-5640,-5849,-4218,482,494,467,437,348,342,293,235,91,207428,95909,31.25,2026-01-07T15:42:12.496782197Z
-1868,-22704,-23104,-22936,-22748,-22620,-23680,-23180,-21116,-19408,14940,24680,21624,19544,18844,17836,16036,15884,15304,15196,-3672,32767,32767,32767,32767,32767,32767,32767,32767,32767,-5174,23668,21628,19075,16755,14379,11625,8978,6325,3779,-7847,-8391,-8628,-8820,-8996,-8685,-7683,-6597,-4940,-3408,-1102,6085,4882,3528,2220,1046,-64,-914,-1596,-2253,181821,93366,31.19,2026-01-07T15:42:14.963289568Z
-6084,-1200,-1336,-1292,-1344,-1640,-1940,-1804,-1640,-1472,24172,15080,15232,15516,15824,15824,15924,15920,15960,16020,13684,-3724,-3720,-4048,-3896,-3716,-3504,-3504,-3456,-2936,-7446,-5640,-5869,-6045,-6253,-6392,-6544,-6696,-6900,-7102,2964,-5339,-5359,-5203,-4983,-4675,-4288,-3896,-3569,-3246,-5883,-1410,-1544,-1633,-1684,-1658,-1669,-1719,-1758,-1730,208148,96437,31.25,2026-01-07T15:42:17.947725283Z
-1368,-2720,-2720,-2672,-2764,-2872,-3004,-2964,-2848,-2700,15528,15368,15272,15320,15260,15248,15240,15452,15364,15512,-1268,-4572,-4620,-4428,-4096,-3956,-3880,-3564,-3516,-3440,-8693,-2811,-2781,-2673,-2562,-2446,-2344,-2222,-2079,-1970,-2564,-3232,-2914,-2540,-2181,-1828,-1443,-1133,-883,-745,-2192,1182,1079,1032,948,911,825,724,644,634,207434,96099,31.25,2026-01-07T15:42:20.886545347Z
68,2760,5688,7640,7248,5328,1528,-1512,-3124,-5308,17288,19964,21636,23184,21964,19844,17708,16428,16508,16852,-1804,2388,1508,16,56,376,376,-612,-2040,-4288,-1123,-12652,-12918,-11831,-10257,-9331,-9154,-9390,-9521,-9361,-3705,4328,2139,-717,-3840,-7177,-10259,-12553,-13336,-12757,564,-6969,-6959,-6310,-5496,-4781,-4222,-3578,-2932,-2483,200759,97079,31.25,2026-01-07T15:42:25.800133101Z
-2132,-3796,10264,28296,19492,12280,17448,19016,9912,3500,16464,32767,32767,32767,31204,31460,32767,32767,31892,27076,-2832,-10604,-32768,-32768,-25368,7328,12072,12452,16852,19544,-6153,-12338,-1981,-240,-13708,-27782,-32604,-31209,-27826,-23558,637,7505,7101,10460,13094,13949,17001,19745,19960,17055,-1410,-7740,-5690,-6682,-9251,-7645,-3201,-1260,-3856,-8540,176389,80609,31.25,2026-01-07T15:42:30.109881727Z
-12716,-3088,-3308,-3420,-3576,-3604,-3800,-3616,-3456,-3024,13340,14396,14368,14336,14288,14256,14216,14140,13940,14100,11292,-5124,-4892,-4908,-4932,-5044,-4892,-4784,-4860,-4856,-17082,-4704,-5009,-5351,-5652,-5943,-6225,-6482,-6781,-7059,-11333,-9287,-9121,-8846,-8504,-8099,-7751,-7431,-7193,-6961,-1300,-614,-669,-737,-844,-900,-1007,-1055,-1188,-1324,209257,95631,31.25,2026-01-07T15:42:33.008433109Z
-2792,-2360,-2276,-2272,-2380,-2376,-2272,-2256,-2020,-1864,16340,15872,16084,16284,16324,16416,16352,16296,16356,16340,-3012,-3472,-3548,-3488,-3524,-3556,-3620,-3568,-3616,-3564,-9653,-3720,-3763,-3724,-3704,-3665,-3656,-3658,-3606,-3568,-6791,-3378,-3648,-3933,-4145,-4356,-4541,-4735,-4926,-5169,-2226,249,342,420,480,449,429,380,330,282,207722,95870,31.25,2026-01-07T15:42:37.193242758Z
-2420,-2812,-2776,-3016,-2864,-3140,-2972,-2948,-2700,-2252,15392,15332,15400,15392,15444,15404,15600,15680,15888,15700,-4068,-3228,-3160,-3132,-2872,-2848,-3284,-3136,-2820,-2644,-3408,-5941,-6134,-6293,-6563,-6822,-7003,-7240,-7457,-7757,-8856,-7682,-8181,-8641,-8946,-9073,-9066,-9026,-9065,-9086,102,-1540,-1533,-1548,-1546,-1536,-1538,-1497,-1499,-1622,209114,98186,31.25,2026-01-07T15:42:41.319484304Z
0,-32768,-32768,-11880,18328,32767,21936,21900,24504,18388,19328,24224,29396,32767,32767,25364,32767,32767,32767,32767,-3652,14884,3524,-32768,-32768,-30776,5392,11640,13504,19652,-13034,-7103,-4963,3332,1818,-17235,-31508,-32768,-32768,-32040,-5337,11492,2811,-5784,-7786,1061,6427,10776,16090,19859,-1755,-10545,-13180,-12284,-9889,-7568,-96,5835,3841,-3706,182412,88147,31.25,2026-01-07T15:42:44.773445241Z
-15492,908,1028,1364,1708,1960,2740,3104,3548,3868,9652,24648,25468,26256,27428,28388,29636,30916,32767,32767,10548,-6092,-7160,-8248,-9128,-10092,-11700,-12756,-14340,-16280,-21187,-23070,-23967,-24443,-24925,-25581,-26271,-26851,-27409,-27909,-19064,-5555,-5792,-6078,-6472,-7105,-7964,-8700,-9396,-9794,-2773,-2367,-2520,-2584,-2661,-2881,-3154,-3319,-3386,-3340,208344,93414,31.25,2026-01-07T15:42:52.216371001Z
-2384,-27900,-28812,-29840,-30928,-30524,-30004,-29856,-29456,-26664,32767,21132,19792,18088,15984,14392,13664,11228,10604,11428,-17800,32767,32767,32767,32767,32767,32767,32767,32767,32767,-31428,19383,17611,15822,13681,11445,8981,6142,3203,662,-12996,1766,1505,1655,2189,2893,3616,5017,5832,6197,-5475,7817,6687,5735,4591,3420,2160,902,-238,-1047,174278,74779,31.31,2026-01-07T15:42:58.317955634Z
9512,-32768,-8620,32767,16548,-1756,23116,32744,12992,-1152,32767,32767,32767,27288,32767,32767,32767,32767,32767,27312,-31336,-32768,-32768,-32768,-3208,27368,5116,9504,30204,32767,-3049,5781,9757,-11184,-28701,-32768,-32768,-30292,-26297,-21743,2605,-11028,-25361,-8963,9145,17333,24809,32767,32767,29442,-8511,-11286,-13021,-14700,-4439,6665,12275,4726,-6906,-15827,178343,88563,31.25,2026-01-07T15:43:00.746616068Z
-32768,-592,-648,-860,-900,-1152,-1168,-1036,-864,-668,16076,18236,18624,18984,19176,19164,18888,18340,17656,17228,25048,-1736,-1896,-2268,-2688,-2820,-2952,-3068,-3148,-2952,-22465,-5029,-4738,-4486,-4276,-4072,-3893,-3717,-3588,-3484,-16192,987,772,542,294,131,-30,-253,-616,-1004,-5862,-1333,-1133,-936,-806,-732,-707,-587,-435,-346,201540,96019,31.31,2026-01-07T15:43:05.916955793Z
-2276,-3868,-3432,-3288,-3724,-3976,-4368,-4744,-4780,-4884,15296,17104,17108,16768,16396,16120,15936,15648,15304,15104,-3968,-2800,-2984,-3332,-3080,-2664,-2560,-2404,-2668,-2876,-3201,-5347,-5247,-5123,-4984,-4891,-4777,-4647,-4591,-4532,-4680,-1126,-1379,-1769,-2283,-2701,-2999,-3234,-3317,-3251,-36,-1715,-1464,-1232,-931,-624,-239,79,358,591,201088,96042,31.31,2026-01-07T15:43:08.73120373Z
-2860,-18276,-18780,-18204,-18224,-14756,-14832,-15076,-14472,-12508,16828,29684,28968,28668,28540,27312,24936,23256,21136,20040,-3608,-14028,-14784,-14072,-14400,-11604,-9048,-5332,-1080,1084,-3639,-28310,-26836,-25331,-23424,-21662,-20260,-19694,-19350,-19028,-561,4570,7614,10424,12560,16500,19442,21876,23353,24017,1529,-3128,-3425,-4073,-4680,-4901,-5269,-5885,-6301,-6876,200031,94911,31.31,2026-01-07T15:43:16.107509738Z
-3976,-1236,-372,-28,420,892,572,408,476,272,12560,19712,19992,20624,21024,21432,21996,22308,22528,22644,5920,-2192,-2396,-2960,-2952,-3284,-3260,-3184,-3084,-3508,-4066,-14012,-14703,-15293,-15872,-16479,-17087,-17652,-18381,-19016,96,-3640,-3199,-2981,-2971,-3047,-3179,-3333,-3427,-3565,-3400,-178,-162,-99,-113,-196,-276,-423,-576,-628,204658,97054,31.31,2026-01-07T15:43:19.041923207Z
-556,-2920,-2980,-2848,-2760,-2688,-2428,-2260,-1948,-1848,31296,16212,16140,16056,16044,16040,16044,16052,16324,16296,-10612,-1844,-1892,-2124,-2064,-2452,-2536,-2792,-3160,-3372,-23652,-3125,-3070,-2999,-2962,-2955,-2944,-2977,-2973,-2973,-4292,-2789,-2804,-2829,-2840,-2881,-2879,-2889,-2904,-2810,-1513,295,366,465,522,603,671,715,795,823,205351,95280,31.31,2026-01-07T15:43:22.176025404Z
-3064,-14060,-13572,-12784,-12040,-15300,-19248,-14948,-1448,9236,16004,14700,14436,14732,16384,18020,18916,21352,32767,32767,-3024,28140,26828,25368,22160,19704,20960,19116,-10496,-32768,-2527,-4531,-5884,-7058,-7828,-8486,-9758,-11070,-8044,-513,-1474,4624,4331,3844,3263,2367,406,-759,-2040,-5022,948,-1542,-2217,-2833,-3512,-4409,-5595,-5788,-4917,-3876,176114,83888,31.31,2026-01-07T15:43:27.384188207Z
768,3740,4092,3984,2968,1848,1012,-588,-2980,-5748,16288,28116,24564,21584,20232,19804,18660,17160,16260,15368,5592,-3040,-1032,1164,720,-128,-1196,-2652,-3316,-4016,-14006,-10123,-9641,-9695,-9582,-9108,-8668,-8348,-8243,-8193,6579,4061,1698,-1984,-5715,-9222,-11586,-12811,-13286,-12939,-10089,-5375,-5606,-5940,-5707,-4891,-3678,-2526,-1910,-1616,193683,92497,31.25,2026-01-07T15:43:30.232896683Z
-1196,8672,11976,12196,11572,6316,892,-5340,-9092,-10856,16764,21872,21364,20236,17776,14932,13684,13596,14744,16128,-3128,14056,4240,-1260,-4928,-4608,-2580,180,632,368,-5637,-15751,-13276,-12479,-12701,-13486,-14923,-15806,-15824,-15049,1536,3941,-2311,-8367,-13094,-15685,-16721,-16124,-14121,-11290,-1369,-12940,-12248,-11232,-10262,-9153,-8234,-7624,-7762,-8305,188866,91336,31.31,2026-01-07T15:43:33.930185867Z
-76,-1320,-1320,-2204,-2464,-1980,-1660,-1580,-1932,-1968,18720,16288,16192,16036,15960,15972,15832,15864,16200,16580,632,-2012,-1928,-1968,-1940,-2400,-2820,-2820,-3068,-3112,-11236,-7883,-8141,-8339,-8623,-8890,-9247,-9661,-10155,-10630,-1746,-4914,-5020,-5320,-5654,-6001,-6203,-6307,-6256,-6085,-8088,-1220,-1306,-1411,-1538,-1568,-1528,-1529,-1508,-1445,208526,96779,31.31,2026-01-07T15:43:36.478588695Z
-44,-740,-24,220,-20,392,852,1272,1664,2252,21076,20780,20936,21296,21708,22640,23332,23852,24400,25140,-4108,-4376,-4724,-4868,-5164,-5396,-5492,-5728,-5836,-5536,-15617,-16765,-17399,-18084,-18781,-19426,-19999,-20640,-21365,-22111,-5066,-5748,-5913,-6081,-6178,-6191,-6204,-6250,-6323,-6275,-1501,-3513,-3536,-3598,-3667,-3846,-3892,-4011,-4208,-4394,207922,90047,31.31,2026-01-07T15:43:41.815789384Z
5228,-1488,-1692,-1924,-2056,-2224,-2372,-2516,-2552,-2388,32767,15848,15792,15832,15580,15492,15424,15284,15332,15416,-17032,-4012,-3772,-3880,-3696,-3896,-3900,-3748,-3372,-3316,-25796,-2542,-2525,-2497,-2514,-2505,-2528,-2564,-2589,-2572,-8519,-3714,-3791,-3825,-3798,-3665,-3495,-3266,-3030,-2843,-6229,911,868,770,636,529,447,370,252,137,208755,93755,31.31,2026-01-07T15:43:44.669419873Z
-2360,-2176,-924,7504,11916,11436,10680,8928,5348,2624,15752,24700,21796,21724,25372,27040,26724,26044,25148,23868,-3248,-1876,2812,5456,1740,1096,2460,1932,252,-816,-3430,-10354,-10343,-10939,-10756,-10118,-9679,-9395,-9155,-8977,-2405,13027,13464,11958,9290,4702,-57,-4180,-7880,-10247,-428,-4393,-6186,-6612,-5632,-4591,-3823,-3272,-2954,-2779,198276,94422,31.37,2026-01-07T15:43:48.292465645Z
-3712,-2684,-2728,-2572,-2224,-2064,-1700,-1720,-1820,-1924,15328,15584,15628,15708,15752,15760,15728,15876,15676,15724,-2024,-2852,-2876,-2848,-2800,-2860,-2884,-2816,-2584,-2444,-6023,-3666,-3586,-3568,-3572,-3569,-3560,-3586,-3614,-3665,-1332,-296,24,280,460,505,457,351,118,-155,-2153,-1929,-1963,-2031,-2108,-2142,-2116,-2104,-2111,-2026,207292,95566,31.31,2026-01-07T15:43:54.024264152Z
-3056,-968,-1236,-1696,-1704,-1428,-1220,-916,-444,68,14904,19080,19932,20808,21312,21932,22200,22372,22496,22600,-3124,-3620,-3780,-3908,-4032,-4088,-3800,-3684,-3588,-3628,-4163,-13119,-13570,-13907,-14287,-14707,-15179,-15605,-16222,-16740,-930,-3185,-2836,-2567,-2440,-2482,-2684,-3086,-3518,-3942,-1967,-2256,-2174,-2134,-2229,-2239,-2281,-2304,-2255,-2191,206098,97361,31.31,2026-01-07T15:43:57.068725978Z
228,-9080,-8992,-8320,-7584,-7256,-6748,-5300,-4372,-3196,25880,15156,14176,13608,13696,14016,15108,15808,16220,16664,-5952,-4308,-4580,-4844,-4820,-4200,-3884,-3876,-3460,-2984,-22468,-9114,-8695,-8414,-8130,-7850,-7211,-6669,-6247,-5982,-5513,-13575,-11682,-9239,-6637,-4125,-2080,-467,550,945,-2491,-3214,-3136,-2992,-3082,-3345,-3380,-3461,-3371,-3185,197485,95917,31.37,2026-01-07T15:44:03.941319769Z
-2340,3140,1376,-616,-2336,-3544,-4728,-5740,-6384,-6820,16668,4692,5268,5456,4856,4292,3652,3588,4004,4996,-3292,-19296,-19040,-17976,-16568,-15224,-13804,-12560,-11604,-10288,-4116,14902,16757,19036,21134,22797,24113,25089,25906,26776,-1770,-11810,-10392,-8432,-6143,-3673,-987,1726,4485,7302,-995,3429,3848,3808,3382,2772,2176,1660,1323,1077,201704,94233,31.37,2026-01-07T15:44:06.894473781Z
3100,-4596,-4656,-4404,-3788,-3476,-3056,-2300,-2036,-1292,15812,10924,11456,12188,12872,13512,14012,14332,14644,15048,-6388,-5224,-4916,-5176,-5540,-5700,-5664,-5536,-5596,-5676,32767,31024,31806,32456,32767,32767,32767,32767,32767,32767,18225,1745,3060,4388,5619,6765,7798,8635,9277,9696,2519,12530,12385,12158,11933,11901,11886,11865,11928,12173,198773,93298,31.37,2026-01-07T15:44:09.773284639Z
-4144,2256,2508,2672,2472,2112,1424,868,-32,-760,19224,16344,16768,17312,17736,18432,18964,19432,20032,20708,-3032,-5252,-4924,-5132,-4788,-4672,-4256,-3896,-3448,-3208,32767,32767,32767,32767,32767,32767,32767,32767,32767,32767,13643,21510,20741,19834,18926,18045,17295,16675,16350,16223,13373,9496,10190,10842,11444,12088,12690,13117,13723,14195,192451,89097,31.37,2026-01-07T15:44:13.258987951Z
-4868,-2724,-1788,-1108,-604,-596,-916,-1280,-1632,-1848,28344,16272,16296,16508,16876,17048,17164,17232,17180,17116,600,-3704,-3468,-3276,-3188,-3316,-3316,-3548,-3912,-4152,32767,-6351,-6011,-5735,-5540,-5334,-5071,-4925,-4805,-4687,22566,898,1189,1021,505,-88,-623,-1109,-1473,-1697,17041,-2275,-2093,-1872,-1608,-1306,-966,-762,-617,-495,202944,96996,31.37,2026-01-07T15:44:16.108246883Z
-1656,-2988,-3920,-4552,-4624,-4692,-4336,-4084,-3772,-4028,15548,20092,20572,21120,21628,22476,23392,24212,25316,26620,-3664,-4244,-3576,-3064,-2964,-2544,-2332,-2220,-2036,-1588,-4390,32767,32767,32767,32767,32767,32767,32767,32767,32767,-3421,10250,11056,12068,12959,13827,14636,15403,16119,16910,130,10760,10886,10976,11047,11147,11338,11566,11823,12003,183990,85247,31.37,2026-01-07T15:44:18.985866747Z
-2720,-2832,-1696,-1256,-708,-796,-1120,-1476,-1992,-2364,32767,16120,16832,17248,17456,17560,17668,17788,17792,17660,13764,-3156,-2640,-2540,-2424,-2780,-3028,-3464,-3632,-3756,32767,-5679,-5415,-5147,-4840,-4729,-4640,-4523,-4441,-4347,14942,120,252,55,-292,-817,-1467,-2085,-2556,-2832,14035,-1805,-1715,-1617,-1421,-1243,-1003,-773,-608,-478,205302,97710,31.37,2026-01-07T15:44:23.285868942Z
-2608,-1556,-1304,-1056,-1148,-1252,-1300,-1404,-1476,-1628,15024,15244,15392,15456,15432,15628,15732,15580,15568,15396,-3892,-3684,-3780,-3688,-3636,-3932,-3816,-4096,-4200,-4136,-4210,-4717,-4844,-5045,-5154,-5361,-5486,-5623,-5695,-5810,-4617,-4828,-4975,-5182,-5444,-5651,-5923,-6137,-6432,-6618,342,-414,-445,-475,-537,-565,-590,-621,-624,-692,207977,97926,31.37,2026-01-07T15:44:27.073842104Z
-1976,-3916,-4052,-3928,-3932,-3488,-3276,-2880,-2408,-2224,15044,14908,14732,14716,14796,14840,14868,14892,15028,15148,-4184,-4556,-4612,-4760,-4348,-4024,-3924,-3472,-3176,-2892,-7446,-6558,-6733,-6867,-6982,-7128,-7277,-7423,-7619,-7816,-6649,-8257,-7648,-6950,-6271,-5739,-5234,-4892,-4647,-4486,-1291,-1050,-1120,-1232,-1308,-1350,-1382,-1432,-1464,-1502,208621,97753,31.37,2026-01-07T15:44:30.400813959Z
-1780,2276,1940,-24,-2272,-3728,-5424,-6644,-7356,-7620,15276,5120,5124,4968,4412,4052,3812,4356,5284,6200,-2228,-18172,-17852,-16416,-13688,-11764,-9712,-8108,-6660,-6196,-10151,17905,20620,23017,24884,26146,26998,27627,28117,28724,-5969,-12720,-11271,-9686,-7815,-5771,-3417,-937,1855,4700,-2522,3988,4698,5003,4806,4405,3841,3315,2871,2569,205229,95838,31.37,2026-01-07T15:44:33.200837694Z
-1144,-18004,-14292,-13444,-15332,-12044,-10404,-9304,-9592,-8728,13724,32767,32767,32767,32767,31416,28412,25392,21772,19928,-4476,-19240,-20556,-19476,-20444,-16700,-13356,-8996,-3096,1080,32767,-31092,-28825,-26391,-23835,-21823,-20065,-19454,-19492,-19463,21113,10516,12520,14103,14443,16598,18181,20088,20348,19646,3520,-5306,-4974,-4473,-4479,-4195,-4306,-4674,-5234,-5279,199747,93115,31.37,2026-01-07T15:44:40.465829632Z
-18272,-572,-332,-272,-48,-216,-604,-772,-1184,-1568,11276,17228,17480,17572,17896,17992,18356,18656,19556,20136,5268,-1908,-2016,-2268,-2116,-2228,-2008,-2264,-2616,-3308,-806,-9933,-10177,-10397,-10650,-10947,-11256,-11617,-11930,-12245,5335,-4254,-4274,-4315,-4319,-4298,-4281,-4346,-4474,-4778,-3019,-2704,-2826,-2926,-2921,-2922,-2908,-2824,-2699,-2560,208929,96087,31.37,2026-01-07T15:44:43.35103491Z
-1532,4848,1068,5944,2976,-1936,-4052,844,7448,12380,20716,31400,32767,32767,32767,28864,24312,22128,22028,19792,-4888,-28,25084,19776,20788,26716,27072,18732,9492,-968,-16885,-28014,-32768,-32768,-30054,-26175,-21722,-17285,-14166,-12808,-7415,10205,16699,23663,27031,26455,22241,15375,7891,249,-1733,-7282,-1411,-119,-4180,-10357,-15046,-16757,-15746,-13572,185422,90946,31.37,2026-01-07T15:44:45.908624811Z
-19836,14620,13420,11464,9984,7856,5388,3768,1672,-792,18288,7860,5712,4536,4420,4376,4808,5168,5720,5592,9412,-19612,-18584,-17112,-16184,-15456,-15220,-15108,-14088,-12660,-13119,11140,12510,13766,14957,16332,17874,19592,21382,22939,-4493,-7712,-9692,-11672,-13442,-14804,-15358,-15032,-13863,-12100,-10317,5115,5740,6205,6642,7150,7552,7837,7935,7798,204123,95065,31.37,2026-01-07T15:44:48.873508603Z
-7632,-4196,-3128,-1876,-380,-804,360,24,-504,-200,9564,12208,12812,13324,13964,13892,14436,14576,15140,15964,-6504,-4760,-5212,-5212,-5596,-5076,-5624,-5380,-5064,-5304,32392,32767,32767,32767,32767,32767,32767,32767,32767,32767,17439,17992,19259,20144,20563,20777,20946,20763,21198,21315,3625,4391,4594,4801,5168,5622,6152,6625,7044,7498,197936,93459,31.37,2026-01-07T15:44:51.654639864Z
-1664,-2964,-2912,-3156,-3348,-3300,-2932,-2768,-2800,-2796,21116,14756,14900,14648,14632,14580,14588,14552,14736,14816,-2508,-4184,-4500,-4552,-4412,-4244,-4136,-3968,-3944,-3956,32767,-5158,-5262,-5440,-5599,-5754,-5928,-6089,-6285,-6561,12922,-8398,-8497,-8602,-8627,-8465,-8357,-8132,-7913,-7598,12558,-891,-967,-1012,-1056,-1232,-1361,-1384,-1441,-1573,208842,95891,31.37,2026-01-07T15:44:58.107513666Z
-3108,-12972,-13764,-14220,-13896,-9972,3876,-1160,-8592,-8508,15156,16064,15872,16380,19504,22804,28592,26128,17964,13604,-2708,3072,6300,7412,2924,-4452,-16320,-17216,-1980,5556,-8661,-14192,-14405,-13824,-11651,-7535,-1531,3976,4852,3757,-4739,4163,4906,4825,3199,663,1226,2401,350,-2617,-2229,-7421,-7662,-8013,-8444,-8311,-6767,-6526,-6399,-6887,207931,95457,31.37,2026-01-07T15:45:00.884709508Z
4896,-1368,-1460,-1692,-2216,-2420,-2572,-2652,-2652,-2464,5788,14328,14328,14504,14732,14952,15152,15116,15136,15160,-18928,-4388,-4248,-3976,-4068,-4332,-4356,-4252,-4436,-4556,16454,-4779,-5086,-5355,-5630,-5832,-6053,-6309,-6597,-6784,-6671,-7030,-7319,-7484,-7577,-7503,-7317,-7129,-7045,-6989,-652,-1328,-1394,-1447,-1590,-1655,-1713,-1824,-1932,-2019,208732,95169,31.37,2026-01-07T15:45:03.847086549Z
-3284,-17436,-17292,-13816,-9552,-6760,-4992,-4564,-1024,-320,15336,31088,32548,32767,32767,32767,32767,32767,32144,29912,-4316,-8276,-12152,-15632,-18988,-19636,-18032,-20108,-21784,-20840,-8650,-32768,-32406,-31480,-30603,-29552,-28072,-25866,-22979,-20438,-4913,-2417,-55,1493,2807,3907,3807,1816,95,-1628,-2409,-6515,-6356,-5898,-4963,-4332,-4051,-3984,-3933,-3526,204176,94294,31.44,2026-01-07T15:45:06.720844048Z
-15684,-19880,-18804,-17296,-16560,-18136,-17824,-17056,-15716,-8228,20112,19136,18592,18736,17164,16760,18788,21608,23732,27560,2640,32767,32767,32767,32068,30964,26844,22140,17848,7632,-14344,-6047,-8226,-10107,-12345,-14821,-16656,-17427,-17459,-16285,8772,-7469,-7675,-8216,-7409,-6661,-5115,-2739,226,4380,-2418,-5504,-6260,-6609,-7059,-7894,-8646,-9238,-9491,-8892,170868,71037,31.37,2026-01-07T15:45:13.770723765Z
3580,-1024,508,2040,2516,2612,3000,3256,3000,2636,30232,23096,23516,23736,23580,23656,23840,23540,23608,23812,25336,-2860,-2672,-2952,-2712,-2464,-2844,-3460,-3556,-3972,-31144,-16135,-16543,-17033,-17532,-18182,-18771,-19306,-20007,-20792,29592,-4218,-4048,-3909,-3830,-3826,-3961,-4112,-4215,-4335,-7943,-2069,-1949,-1754,-1629,-1604,-1628,-1796,-1938,-2042,205552,97814,31.44,2026-01-07T15:45:16.543274182Z
2612,-884,-668,-464,-136,-136,-160,-444,-540,-732,31904,15684,15612,15628,15636,15732,15728,15868,15764,15756,-12512,-3824,-3724,-3468,-3372,-3388,-3528,-3948,-3860,-4020,-28122,-5036,-5164,-5301,-5496,-5629,-5764,-5846,-6042,-6242,-6143,-5527,-5807,-6108,-6429,-6752,-6990,-7253,-7403,-7451,-3597,-341,-456,-570,-604,-664,-685,-767,-872,-1021,208162,96751,31.44,2026-01-07T15:45:19.188137995Z
-2548,-18456,-20992,-22148,-23812,-25560,-11148,7628,21592,26292,14876,16316,16868,17092,17436,19352,29796,32767,32767,32767,-4108,32767,32767,32767,32767,32767,32767,2400,-32768,-32768,-7922,-4139,-7238,-11177,-15900,-20564,-21962,-17160,-8474,-4032,-6274,-3639,-2365,-764,1290,2196,3008,5511,7688,8385,-1777,-3643,-4873,-5824,-6879,-8040,-7773,-5878,-4444,-6964,172248,85095,31.37,2026-01-07T15:45:22.173301887Z
6600,6156,5088,3928,1372,-5700,-13124,-19304,-10308,688,7236,10668,12200,12740,13592,14016,13312,12520,19796,27572,-7760,-60,292,700,1092,3880,10572,21284,16136,4624,-13003,-20399,-19199,-17462,-15699,-14388,-14636,-16445,-17168,-14919,-3389,-2666,-2152,-1684,-1697,-2360,-3588,-4759,-5173,-3615,-13391,-6450,-5971,-6328,-6995,-7830,-8921,-9461,-7842,-5134,183826,87947,31.44,2026-01-07T15:45:26.9743746Z
-6388,-388,600,1592,2572,3060,3580,4008,4032,4044,14904,12784,13736,14288,14784,15184,15756,16212,16520,16772,-5036,-4968,-5572,-5824,-6052,-5820,-5428,-5264,-4952,-4508,-9076,30370,30984,31502,32039,32614,32767,32767,32767,32767,-9756,13255,14013,14430,14599,14526,14142,13564,12680,12388,-3206,7191,7447,7701,8046,8424,8848,9353,9862,10355,196034,92482,31.44,2026-01-07T15:45:29.846026622Z
-1256,3232,3352,3704,3404,2916,1588,-288,-2004,-2968,21512,1540,3584,5220,5360,5096,4504,3996,3780,3988,-2140,-14992,-15712,-17352,-17836,-16928,-15268,-12272,-9664,-8192,32767,8772,10597,13397,16669,19506,21850,23370,24285,24839,10698,-3602,-4040,-4203,-4163,-3958,-3728,-3279,-2541,-1545,13993,3805,4697,5514,6284,6758,7076,7244,7278,7265,201694,94306,31.44,2026-01-07T15:45:33.335713687Z
-2312,-2060,-2156,-2516,-2820,-3060,-3364,-3320,-3212,-3024,12284,16300,16024,15760,15540,15428,15392,15348,15352,15400,-4396,-3572,-3872,-4008,-4064,-4052,-3972,-3768,-3744,-3412,31107,-4136,-4069,-3995,-3943,-3914,-3879,-3875,-3852,-3862,9889,-4621,-4576,-4483,-4439,-4311,-4169,-4111,-4124,-4319,7693,-257,-350,-376,-409,-391,-436,-493,-441,-473,208311,96936,31.44,2026-01-07T15:45:36.009660493Z
-2964,-18032,-17648,-17080,-15852,-15784,-12464,-9808,-12576,-23432,14904,12788,13648,14504,14124,13032,14348,16988,18532,20236,-3556,32767,32767,32767,32767,32767,32180,24008,15528,11060,-5089,3814,1610,45,-1558,-3168,-3959,-3358,-2729,-3012,-6602,2765,2894,3038,3509,3987,4155,4188,3903,1365,-1111,653,-115,-983,-1839,-2554,-2868,-3089,-4260,-6665,168043,85041,31.44,2026-01-07T15:45:39.256804369Z
-6620,-2952,-2736,-2676,-2424,-2340,-2360,-2220,-1936,-1836,32767,14924,14972,15128,15128,15160,15180,15280,15272,15452,20620,-4136,-4212,-4348,-4408,-4056,-3948,-3844,-3396,-3580,-24207,-4201,-4269,-4282,-4261,-4282,-4322,-4341,-4407,-4443,21732,-4005,-4051,-4070,-4094,-4089,-4104,-4093,-4126,-4178,-16270,233,239,225,191,170,134,48,-44,-99,209185,95125,31.44,2026-01-07T15:45:41.514349407Z
-2164,-2768,-2268,-1944,-1520,-1004,-716,-444,-276,-44,15208,20716,20708,20540,20592,20732,20768,21120,21544,22032,-4648,-4976,-4960,-4688,-4616,-4240,-4248,-4436,-4604,-4964,-5048,-13794,-14233,-14733,-15249,-15768,-16422,-17124,-17819,-18452,-5551,-6151,-6277,-6437,-6644,-6797,-6963,-7003,-6950,-6813,-732,-2576,-2621,-2605,-2551,-2463,-2423,-2401,-2399,-2355,206238,96851,31.44,2026-01-07T15:45:43.967455824Z
3800,-15656,-17928,-19660,-20920,-22296,-23736,-22704,-21628,-20816,28284,32767,32767,32767,31412,29912,26892,23532,20952,18520,-5368,25596,26536,26644,25836,25416,27740,30232,31948,32767,-25546,30884,29414,27802,26574,26063,25342,24402,22626,20298,-7241,-290,-1289,-1542,-1392,-1126,-1538,-2957,-5438,-8310,-3991,14536,13625,12806,11806,10705,9470,8306,7238,6248,192178,90247,31.44,2026-01-07T15:45:49.92498585Z
-17276,-3012,4192,9328,668,-7204,-4840,972,6436,7544,15368,18164,21196,22140,16908,9560,8408,11116,13536,13768,32767,-2880,-12304,-17592,-10936,4556,6292,-1120,-11036,-17108,-2780,-7947,-3259,1942,3508,682,-1816,-1517,1032,4516,-15497,6975,3813,4282,3223,91,-3281,-5568,-6209,-7128,-2449,-6388,-5163,-3834,-4277,-5371,-5989,-4831,-3329,-2085,182714,94797,31.44,2026-01-07T15:45:58.319615211Z
2572,1776,2904,3456,5484,5584,4500,4168,3700,3008,2416,15232,15796,16360,18076,18644,18236,17680,17268,17512,-13504,-4852,-4576,-4924,-5804,-4700,-3324,-2292,-1832,-1892,17571,32767,32767,32767,32767,32767,32767,32767,32767,32767,-11500,21333,20866,19943,18227,16482,14253,12407,10688,9124,3139,5611,6218,6950,7857,8725,9422,10023,10612,11164,197968,92346,31.44,2026-01-07T15:46:01.115038556Z
-1492,-22724,-21608,-21304,-19292,-19908,-24488,-21960,-16188,-14020,23348,18296,16524,15476,15896,14300,12508,14400,19692,20564,-1260,32767,32767,32767,32767,32767,32767,32767,32767,28904,32767,20358,18116,15818,13496,10252,5594,2250,964,329,8999,-12552,-14110,-15161,-15719,-14394,-14169,-14015,-13478,-11874,13298,4067,3165,2313,1588,172,-1979,-2435,-1865,-2348,183355,77372,31.44,2026-01-07T15:46:08.956465831Z
6348,5280,7408,6580,5424,5220,4496,2584,692,-1764,27556,21364,20592,19112,18096,17944,18452,18668,18552,18736,-7820,-956,-732,296,868,504,-652,-1716,-2020,-2504,-27045,-11659,-10474,-9839,-9585,-9398,-9014,-8578,-8259,-7897,14357,7709,4340,527,-3517,-7112,-9651,-11123,-11415,-10724,-10344,-6087,-4329,-3463,-3177,-2798,-2133,-1429,-1146,-1311,200765,97236,31.44,2026-01-07T15:46:11.521814402Z
28,-584,-316,-928,-1836,-2080,-1644,-916,-412,-1536,16552,14384,15008,14744,15456,16564,17156,19308,19956,20076,-2596,-5208,-5188,-4368,-4184,-4256,-4464,-4884,-3412,-2736,-4672,32767,32767,32767,32767,32767,32767,32767,32767,32767,-1853,13027,13196,13267,13574,14214,14575,14374,14542,14406,-1729,9649,9919,10322,10559,10921,11227,11553,12130,12467,193115,90554,31.44,2026-01-07T15:46:14.903010759Z
-2124,-2840,-2160,-1700,-1556,-1520,-520,-372,-448,-824,30456,17680,18328,18268,17776,17604,17752,18076,18196,18152,616,-2352,-3288,-3244,-2588,-1692,-1500,-1572,-1472,-2124,32767,-6062,-5462,-5070,-4922,-4914,-4795,-4595,-4303,-3997,18250,-6245,-4945,-3808,-3262,-3329,-3700,-4234,-4736,-5068,14598,-3302,-3239,-3073,-2843,-2674,-2462,-2251,-2041,-1748,202980,96421,31.44,2026-01-07T15:46:17.969497348Z
-4428,-9544,-8568,-11920,-8432,16888,32767,32767,-1516,-6320,14952,18480,20468,22524,29968,32767,32767,26116,27504,23788,-4632,18276,12048,7440,-8948,-32768,-32768,-32768,1888,32767,-4031,-10792,-11266,-12655,-11642,-1359,-799,-17101,-29285,-32768,-2888,-1112,-197,504,-1116,-5022,-4573,5677,7278,10643,368,-5480,-5918,-6677,-7199,-7184,-10289,-11885,-8366,-2936,165789,86440,31.44,2026-01-07T15:46:20.839389435Z
13804,-11236,-12804,-13324,-17876,-20096,4992,32767,32767,9192,21272,13076,15152,19944,22220,27136,32767,32767,31252,24808,-16024,28268,20168,12668,7740,380,-32768,-32768,-32768,-18900,-14485,-12556,-13686,-14160,-14710,-15238,-9835,-531,-9497,-26129,-15928,3126,3358,2950,2934,397,-2714,-2190,6482,11449,-14691,-6380,-7469,-8534,-10250,-11541,-9653,-7553,-10024,-8764,167915,88314,31.5,2026-01-07T15:46:23.297767001Z
26568,1360,2152,2784,3516,4320,5068,5552,6228,6392,32767,23480,22944,22332,21820,21564,21912,22632,24048,25792,-13184,-5132,-4852,-4320,-4016,-3980,-4064,-4396,-5412,-7016,-14020,-16455,-17340,-18232,-19117,-20151,-21146,-22240,-23322,-24345,-2400,-9117,-8898,-8967,-9316,-9903,-10757,-11613,-12512,-13190,-16189,-2800,-3269,-3806,-4309,-4944,-5487,-6011,-6381,-6680,191699,95703,31.44,2026-01-07T15:46:29.876185621Z
7612,1692,872,2120,4728,6288,6676,5292,5092,5768,32767,27052,27916,29856,32760,32767,32767,32767,32767,32767,-18740,-5408,-3260,-4092,-7448,-9756,-10488,-11900,-14932,-18036,-32768,-26067,-27320,-28154,-28725,-29197,-29789,-30121,-30056,-29751,-19416,-3377,-3572,-4300,-5138,-6177,-7261,-8736,-10291,-12347,-8712,-5465,-5925,-6320,-6555,-6631,-6557,-6606,-6832,-7183,207562,92409,31.44,2026-01-07T15:46:32.721214786Z
-11672,-156,-320,-508,-744,-796,376,1532,1524,2272,28572,22444,23480,24612,25068,26652,28104,28868,29108,31332,-16712,-4516,-4604,-4876,-4844,-4400,-5420,-6144,-4364,-3916,-32544,-21923,-22667,-23513,-24355,-25193,-25891,-26606,-27630,-28747,-13564,-6223,-6049,-5864,-5538,-5396,-5771,-6172,-6737,-8119,-5419,-4111,-4244,-4424,-4818,-5211,-5543,-5917,-6435,-6794,206005,91508,31.44,2026-01-07T15:46:35.418380842Z
12544,-2996,-2944,-3012,-2844,-2584,-2304,-2184,-2128,-1888,32767,14760,14884,14980,14968,14756,14420,14264,13972,13816,-32768,-4432,-4180,-4036,-3924,-3900,-3676,-3420,-3164,-2672,-30884,-7001,-7385,-7731,-8048,-8404,-8797,-9200,-9520,-9844,-29938,-8336,-7937,-7430,-6933,-6409,-5926,-5457,-4979,-4512,-5733,-1442,-1516,-1627,-1728,-1844,-1970,-2070,-2269,-2423,208737,96757,31.44,2026-01-07T15:46:39.906243761Z
-1104,-3612,3632,-4524,-16628,-15240,-8436,-2168,1804,4840,16348,19056,21636,19496,12732,9452,10176,12472,14248,14896,-1288,-8304,-12044,-12096,3776,13720,11212,-1368,-12684,-19004,-12969,-7328,-3636,-144,-679,-2676,-3075,-973,2703,7329,-4090,3613,5456,6954,5260,3078,2893,3132,2573,2113,-3816,-2648,-1205,-1939,-3555,-4609,-4008,-2995,-1909,-851,207331,94090,31.44,2026-01-07T15:46:43.841340366Z
2184,-2708,-2684,-2600,-2616,-2460,-2316,-2204,-2196,-2140,5796,15008,15088,15280,15464,15476,15752,15744,15932,15896,-17256,-3660,-3476,-3644,-3716,-3632,-3632,-3572,-3180,-3052,21998,-5968,-6174,-6374,-6580,-6800,-6921,-7135,-7349,-7571,3249,-5945,-5877,-5813,-5789,-5740,-5644,-5580,-5477,-5405,3884,-365,-409,-507,-611,-700,-797,-831,-882,-954,208822,96647,31.5,2026-01-07T15:46:48.080299905Z
-3004,-1896,-1728,-1640,-1424,-1340,-1432,-1420,-1372,-1168,15512,15580,15712,16140,16160,16064,16108,16044,15636,15436,-2072,-3684,-3720,-3808,-3852,-3812,-3796,-3880,-3972,-3760,-8681,-5326,-5376,-5389,-5384,-5470,-5515,-5543,-5661,-5863,-7909,-4682,-4746,-4840,-4981,-5127,-5328,-5516,-5649,-5939,-1968,-491,-594,-633,-679,-666,-648,-719,-761,-835,208372,96606,31.44,2026-01-07T15:46:51.0837122Z
-2832,-2140,-2648,-2928,-3296,-3232,-3236,-3048,-2768,-2544,15100,17640,17432,17244,16736,16388,15780,15420,15176,14876,-3916,-3900,-4100,-4420,-4200,-4036,-4148,-4120,-4164,-4252,-7501,-2957,-2803,-2680,-2601,-2502,-2508,-2441,-2451,-2524,-5685,-3937,-4009,-3972,-3924,-3822,-3770,-3813,-3904,-4201,-1363,-1116,-891,-725,-587,-434,-342,-175,-39,90,208004,96971,31.44,2026-01-07T15:46:55.465813573Z
-1528,3948,4940,4176,3064,1540,-356,-1320,-2428,-3212,15700,2128,3948,4128,3548,3096,2612,2176,2300,2752,-4936,-15940,-18568,-19484,-18492,-16040,-13048,-10980,-9012,-7616,-4335,10693,13579,17020,20193,22685,24554,25754,26480,27004,-6522,-690,-951,-752,-229,253,877,1711,2757,3938,181,5250,6290,7194,7897,8299,8579,8662,8691,8707,198039,93451,31.5,2026-01-07T15:47:02.94902711Z
-1852,20324,13488,4800,-1168,-7392,-12908,-17896,-25640,-27788,12220,20372,15248,11352,10592,11140,13208,14580,15376,17216,-4892,-7420,-5240,276,3884,6244,5608,5216,8216,9200,32767,-12522,-14269,-15987,-17129,-17379,-16754,-15617,-14785,-14146,15045,-21411,-26523,-28589,-28147,-25644,-22148,-18191,-14676,-11116,9863,-10157,-8414,-6925,-5945,-5777,-6429,-7841,-9726,-11107,187201,89467,31.5,2026-01-07T15:47:05.975296008Z
3776,-2252,-5572,-7616,-9040,-10628,-14132,-18944,-14784,-11560,20184,32767,30748,28816,28904,29644,30480,31888,32767,32767,-2492,-15012,-11028,-6296,-8124,-11204,-12832,-17304,-21544,-22764,-8356,-31203,-32046,-32768,-32768,-32768,-32768,-32768,-32150,-30651,-3061,-14011,-13134,-11817,-11151,-9814,-8617,-8571,-6819,-3392,-5978,-5559,-5818,-5417,-4506,-3816,-3961,-5143,-5841,-5366,202374,92746,31.44,2026-01-07T15:47:10.251186461Z
-13560,-2916,-2820,-2808,-2592,-2676,-2592,-2516,-2684,-2516,17712,23064,24120,25212,25820,26784,27968,28868,29944,31192,6616,-2320,-2088,-1712,-1352,-1020,-20,652,1956,3468,-18366,32767,32767,32767,32767,32767,32767,32767,32767,32767,13650,16407,16554,16706,16863,17058,17325,17671,17828,17814,-6339,11366,11664,11959,12212,12728,12757,13176,13451,13628,184756,88254,31.44,2026-01-07T15:47:13.059258454Z
-5784,-3172,-2420,-1396,-740,464,1300,2148,2612,3120,32767,11060,12072,12812,13332,14028,14716,15464,15716,15912,23020,-5068,-5152,-5700,-5676,-5804,-5752,-5736,-5664,-5420,32767,32303,32767,32767,32767,32767,32767,32767,32767,32767,-2593,11423,12703,14173,15245,16174,16851,17241,17413,17396,16388,3595,3711,3839,3996,4241,4557,4930,5411,5967,194382,92687,31.44,2026-01-07T15:47:15.833187895Z
384,-26504,-28868,-29540,-28624,-26940,-22844,-16688,-9208,-5476,20328,32767,32767,32767,29100,26512,24992,22856,20692,19724,-3624,-16516,-19724,-16740,-10488,-7956,-6920,-4880,-3344,-1748,32767,-29131,-25734,-23295,-22358,-21781,-20795,-19465,-18208,-16637,15213,-3264,4301,13382,21303,27292,32123,32767,32767,32767,11270,-2255,-2325,-3425,-5040,-6394,-7378,-8020,-8204,-8104,200130,95322,31.44,2026-01-07T15:47:19.329971044Z
8352,-5484,-6356,-6152,-4816,-3508,-1808,-532,184,640,13292,16180,16384,16852,17136,16780,16192,16100,16292,16860,-7240,-4120,-3632,-3344,-3680,-3768,-3372,-2648,-2204,-2028,-281,-8607,-8124,-7484,-6719,-6195,-5987,-5982,-5948,-5733,-11044,-7916,-5850,-3620,-1465,142,1079,1341,1011,219,-2944,-1663,-2120,-2675,-2958,-3004,-2947,-2828,-2747,-2514,203575,95990,31.5,2026-01-07T15:47:22.296979332Z
-3536,9552,7200,5076,1820,-1492,-4480,-6036,-7140,-7740,15704,28672,27096,24980,21732,18700,16244,15092,14380,14108,-4316,1732,844,-516,-2088,-3136,-4144,-4600,-4712,-4096,-4125,-10767,-10267,-9830,-9561,-9595,-9617,-9636,-9362,-8736,-2950,-914,-5744,-9278,-11722,-12822,-12707,-11337,-8966,-5951,-775,-8258,-7059,-5985,-5136,-4520,-4101,-3823,-3719,-3649,197019,93709,31.44,2026-01-07T15:47:25.057690398Z
-944,3000,2860,2788,3060,3052,3600,3892,4076,3972,19100,19148,19628,20292,20712,21148,21696,22344,22752,23536,-1868,-1080,-1240,-1284,-1396,-1284,-1436,-1212,-720,136,-4798,32767,32767,32767,32767,32767,32767,32767,32767,32767,800,5266,5208,5284,5492,5646,5781,5865,6034,6228,-1584,7325,7504,7724,7955,8232,8624,9056,9537,10030,186452,86245,31.5,2026-01-07T15:47:28.859044981Z
-512,-3852,-5672,-7580,-8128,-9172,-10924,-11964,-11296,-11784,30072,24684,23748,23088,22912,22692,23200,24424,25188,25632,13124,-11788,-10516,-8924,-8256,-7532,-6348,-5972,-6328,-6292,32767,-15292,-15472,-15792,-16138,-16624,-17085,-17357,-17416,-17419,8084,-7471,-7080,-6787,-6321,-5773,-5120,-4526,-3540,-2534,13590,-1123,-1703,-2412,-3075,-3755,-4593,-5517,-6336,-7047,200080,92015,31.44,2026-01-07T15:47:33.381209429Z
-7740,-2220,-1868,-1928,-2292,-2140,-2352,-2248,-2528,-2444,28200,15196,15140,15512,15776,16096,16356,17104,17916,18688,-3772,-2720,-2620,-2820,-2296,-2476,-2832,-3472,-3752,-3596,-18205,-9990,-10476,-10938,-11451,-12049,-12668,-12935,-13351,-13820,-1930,-4070,-3959,-3942,-3942,-4018,-4223,-4220,-4172,-4178,-8348,-2252,-2330,-2391,-2475,-2489,-2597,-2668,-2652,-2656,206741,97004,31.5,2026-01-07T15:47:37.257352314Z
364,-120,-20,204,612,984,1136,1504,2072,2676,21856,18128,19204,19860,21036,21776,22252,22608,22944,22856,-2856,-1652,-1624,-1696,-2056,-2228,-2072,-1876,-2408,-2324,-18555,-14215,-14636,-15071,-15463,-15899,-16283,-16761,-17136,-17647,-6831,-5041,-4712,-4334,-4009,-3714,-3443,-3369,-3374,-3417,-2813,-1560,-1503,-1474,-1485,-1427,-1387,-1419,-1480,-1550,205450,98028,31.44,2026-01-07T15:47:41.438587542Z
1080,-1288,-1112,-452,248,196,4,144,360,716,25916,22876,22792,22472,22872,22828,23340,24060,24748,25024,-6136,-3544,-3544,-4048,-4728,-4528,-4400,-4436,-4888,-5328,-24365,-16944,-17681,-18426,-19147,-20072,-21026,-21942,-22708,-23516,-3103,-9755,-10262,-10916,-11340,-11592,-11799,-11997,-12148,-12456,-2502,-2002,-1934,-1838,-1705,-1679,-1671,-1674,-1683,-1825,204489,97306,31.44,2026-01-07T15:47:44.82021467Z
11292,-2348,-2300,-2668,-2832,-2860,-3300,-3712,-3612,-3376,32767,15052,14876,14608,14404,14152,14048,13764,13628,13556,-20412,-4500,-4232,-4068,-4020,-4200,-3960,-4000,-3764,-3652,-28221,-7062,-7285,-7588,-7907,-8213,-8541,-8890,-9206,-9594,-23035,-7568,-7568,-7629,-7486,-7177,-6645,-6093,-5385,-4603,-4837,-1662,-1700,-1765,-1839,-1975,-2037,-2194,-2298,-2396,208273,97804,31.5,2026-01-07T15:47:47.776258563Z
96,-1696,-1584,-1676,-1724,-1760,-1880,-2004,-2304,-2520,17100,14920,14788,14920,15076,14952,15224,15220,15224,15192,-2120,-5060,-4992,-4868,-4816,-4880,-4776,-4912,-4732,-4672,-12516,-6611,-6871,-7153,-7440,-7737,-8017,-8284,-8562,-8883,-2103,-6572,-6663,-6753,-6851,-6831,-6700,-6574,-6388,-6140,-3851,-1285,-1368,-1446,-1566,-1681,-1796,-1854,-1906,-1990,208045,96677,31.5,2026-01-07T15:47:50.603323163Z
-1896,-22560,-23052,-23388,-23208,-22036,-19884,-17376,-15036,-11980,13492,15756,17140,18172,18296,18184,17668,17200,17012,16692,-3092,32767,32767,32767,32767,32767,32767,32767,32767,32767,-11972,9850,6729,3940,1145,-1804,-4643,-7328,-9709,-11689,-2892,1354,1797,3073,4527,5967,7092,7893,8107,7892,-3091,2473,1149,166,-742,-1757,-2824,-3884,-4758,-5437,198536,74484,31.5,2026-01-07T15:47:53.519449058Z
32767,-24844,-22360,-21328,-21108,-21740,-22820,-23564,-23080,-21740,14204,29228,25796,23476,22892,21312,19148,17588,16152,15220,-32768,29996,32608,32767,32767,32767,32767,32767,32767,32767,-15214,29058,27462,25324,23579,22131,20627,18726,16496,13851,-18617,5923,5152,4089,2527,1116,-105,-888,-1232,-1248,-10284,9771,8749,7800,7069,6151,4838,3265,1689,419,188400,92869,31.5,2026-01-07T15:47:58.343979184Z
-12484,-12204,-5132,-2088,-1976,-2552,-2368,-96,1712,-96,15828,32220,32767,28964,22144,18216,19076,20136,20120,17840,32767,-1788,-9808,-4884,364,1384,-156,-1736,-3352,-3716,-9574,-12704,-7800,-5742,-6897,-9349,-10732,-10446,-9242,-8427,2765,-5814,-2415,438,1043,-88,-2437,-5044,-7468,-9759,-6701,-7533,-6318,-6538,-7476,-8645,-8908,-7688,-5738,-4122,195842,94390,31.5,2026-01-07T15:48:00.786457915Z
-4788,-96,264,320,256,128,-236,-556,-788,-888,16284,17764,17712,18172,18660,19356,20044,20804,21300,21976,-4412,-1412,-1420,-1080,-1348,-1460,-1908,-2380,-2548,-3208,-6329,-13290,-13626,-13924,-14288,-14632,-14986,-15322,-15731,-16073,-140,-2688,-2619,-2555,-2432,-2353,-2169,-2047,-2027,-2007,-2222,-3134,-3089,-2974,-2914,-2793,-2685,-2657,-2639,-2694,207572,98303,31.5,2026-01-07T15:48:03.162126833Z
140,-19228,-19472,-19260,-19012,-19116,-19292,-20152,-21096,-21412,24032,25956,23876,21952,19400,17632,16840,16056,16140,16300,-3900,32767,32767,32767,32767,32767,32767,32767,32767,32767,-21730,21797,20365,18606,16443,13816,11065,8221,5491,3097,-4866,-1880,-2504,-3234,-3966,-4551,-4824,-4665,-3865,-2596,-3039,6908,5935,4880,3856,2678,1655,664,-452,-1509,181515,92770,31.5,2026-01-07T15:48:05.916216909Z
-6364,5888,6156,6408,6692,6592,6260,5820,5104,4376,15256,14768,15232,15428,15696,15964,16304,16484,16640,16828,25372,-4100,-3636,-3816,-3896,-4016,-4200,-4068,-3556,-3176,-11852,32767,32767,32767,32767,32767,32767,32767,32767,32767,9018,12827,11729,10724,9602,8561,7664,6867,6235,5892,-6371,3352,3784,4233,4704,5166,5704,6257,6830,7287,195225,90907,31.5,2026-01-07T15:48:09.009051015Z
2796,-17588,-18472,-19152,-20032,-20660,-21060,-21772,-22372,-22776,21324,27592,27868,28124,28852,29376,29332,28568,26832,25236,-660,27376,29304,31100,32767,32767,32767,32767,32767,32767,32767,32767,32767,31400,29819,28404,27199,25932,24530,22854,8366,7518,6396,4842,3169,1226,-889,-3122,-5347,-7406,10950,12733,12077,11279,10370,9471,8535,7612,6533,5391,208635,85351,31.5,2026-01-07T15:48:11.970901187Z
-17416,-8808,-9840,-10460,-10888,-11144,-11140,-10872,-10688,-10996,15248,26360,27036,27364,28108,28528,28588,28888,29216,29204,32767,12516,14988,16508,17992,18928,20252,21776,23460,26648,1134,32767,32767,32767,32767,32767,32767,32767,32767,32767,-2270,5012,5809,6798,7823,8601,9094,9274,9054,8574,-4243,18711,18526,18218,17970,17772,17674,17592,17599,17595,187119,90929,31.5,2026-01-07T15:48:14.819358595Z
-16044,-5068,-4248,-2892,-1948,-988,220,1608,2176,1648,32767,14196,13688,13160,12636,12544,12136,11776,11348,10904,32767,2880,3320,3972,4196,4384,4264,4028,4004,4372,31948,-18883,-18607,-18311,-18053,-17684,-17305,-16962,-16652,-16548,-13215,7976,6755,5401,3907,2413,896,-464,-1694,-2930,13353,-9157,-8711,-8172,-7681,-7171,-6592,-5962,-5378,-4877,195331,93755,31.5,2026-01-07T15:48:17.367772944Z
-2288,2872,1536,-560,-2716,-4456,-5148,-6048,-6424,-6660,5928,4036,3616,2940,2384,2456,2832,4012,4932,5892,4260,-13520,-12832,-10944,-8784,-6888,-6424,-5960,-5676,-5428,-13290,18199,20411,22087,23216,23903,24514,25178,25860,26679,-4544,-7494,-7247,-6691,-5725,-4301,-2519,-452,1695,3872,-1089,8921,9242,9213,9063,8881,8679,8455,8268,8106,201811,94303,31.5,2026-01-07T15:48:22.480626905Z
-1068,-2288,-1920,-1620,-1380,-1156,-892,-644,-480,-240,13364,15656,15720,15840,16212,16368,16492,16436,16360,16200,-4272,-4248,-4368,-4328,-4172,-4028,-4120,-3776,-3532,-3320,32767,-4384,-4436,-4490,-4438,-4389,-4277,-4213,-4135,-4116,18012,-2846,-2661,-2481,-2297,-2092,-1972,-1965,-2009,-2279,8534,-280,-365,-480,-603,-710,-743,-846,-930,-1030,208184,97453,31.5,2026-01-07T15:48:25.457756425Z
-888,-5024,2104,7260,8924,7876,6072,4344,3320,2068,15564,8880,11544,11484,8496,5800,2716,1368,980,788,-3056,-10272,-17732,-23176,-24468,-23436,-20764,-19204,-18596,-17964,-5002,-9894,-7823,-4683,-1809,144,1312,2350,3555,5109,-5063,-9889,-10346,-10722,-11243,-11998,-12800,-13416,-13606,-13277,-1651,-1607,-673,855,2451,3516,4058,4311,4556,4835,205823,95078,31.5,2026-01-07T15:48:34.385135878Z
-4164,-2088,-2224,-2624,-3376,-3576,-3244,-2900,-2508,-2404,896,14876,15216,15464,15824,15992,15964,16216,16372,16996,-10064,-3248,-2796,-2656,-2700,-2712,-2980,-2860,-2732,-2884,19422,-7737,-8013,-8252,-8471,-8622,-8812,-8977,-9276,-9503,2926,-3655,-3400,-3144,-3040,-3039,-3211,-3436,-3801,-4200,4481,-1372,-1463,-1534,-1660,-1858,-1851,-1807,-1706,-1562,209374,96200,31.5,2026-01-07T15:48:39.073735177Z
500,-6720,-7928,-9140,-10472,-11948,-12816,-14748,-16768,-18504,16908,32767,32767,32767,32767,32767,32767,32767,32767,32767,-2216,16972,20924,24136,27800,30436,32152,32767,32767,32767,-12013,32767,32767,32767,32767,32767,32767,32767,32767,32328,-6263,15982,14757,13297,11785,9609,7407,5156,2907,1064,-1372,18891,19073,18948,18662,18216,17693,16858,15828,14659,193525,92837,31.5,2026-01-07T15:48:43.701207266Z
-21968,-5796,-5304,-4752,-4412,-3952,-3372,-3040,-2424,-1692,12528,14240,14412,14676,14948,14996,14884,14872,14520,14232,32767,-3364,-3424,-3192,-2864,-2628,-2188,-1700,-1320,-964,13342,-6532,-6765,-7059,-7296,-7574,-7812,-8076,-8423,-8739,8754,-12593,-12880,-13030,-13085,-12950,-12731,-12518,-12286,-12010,6450,-2287,-2329,-2214,-2130,-2108,-2048,-1995,-2026,-2111,207616,98449,31.5,2026-01-07T15:48:49.514813311Z
928,-21556,-20648,-19196,-17148,-15200,-13816,-12592,-10508,-9648,17440,11340,12180,13044,13424,12484,12364,13152,16112,19708,-144,32767,32767,32767,32767,32767,32767,32740,24996,14140,-13127,8298,4967,2237,-27,-2530,-5099,-6960,-7647,-6715,-3851,8571,8662,9012,9207,9249,8866,8375,7353,6517,-2569,-925,-2216,-3563,-4739,-5546,-5954,-6282,-6603,-7454,152114,74523,31.56,2026-01-07T15:48:52.181112063Z
-15124,1452,740,-80,-1284,-2156,-3496,-4620,-5068,-5140,32767,2668,3888,5224,6712,7884,9004,10228,11268,11692,32767,-6992,-6480,-5800,-5016,-4916,-4540,-4424,-4268,-3780,-32768,25484,26473,27291,28057,28800,29634,30596,31694,32767,32767,-11241,-11098,-10383,-9279,-7908,-6550,-5110,-3453,-1648,-8210,14459,14951,15589,16262,16768,16987,16733,16244,15734,200660,95715,31.5,2026-01-07T15:48:55.040757198Z
-4248,-2900,-2708,-2728,-2812,-2628,-2468,-2080,-1744,-1176,15376,15820,16320,17060,18012,18868,19828,20968,21828,22800,-5872,-2012,-2208,-2272,-2416,-2404,-2748,-2880,-2600,-2580,32767,-10490,-11301,-12076,-13027,-13620,-14461,-15262,-16067,-16884,8784,-11791,-11282,-10557,-9730,-9019,-8274,-7634,-7135,-6834,13976,-4587,-4679,-4753,-4809,-4965,-5210,-5489,-5808,-6179,197792,95134,31.5,2026-01-07T15:49:05.846908806Z
2260,-8380,-4292,-3156,-3464,-3120,-1272,-12,312,-948,28804,9316,14188,17192,18024,17128,17204,17404,17588,18060,-2272,1540,-2848,-3008,808,4596,5260,3600,1924,1412,-25768,-21254,-22301,-20738,-18263,-16215,-14728,-13634,-12593,-12637,-9597,-2201,25,612,-45,-1542,-3251,-4803,-6100,-6668,-10559,-10635,-9048,-7741,-7191,-7337,-7309,-6727,-5790,-5213,203174,97049,31.5,2026-01-07T15:49:14.196355112Z
-712,-4220,-3984,-3832,-3588,-3532,-3256,-3228,-3152,-2960,18132,14564,14536,14392,14572,14664,14932,15148,15348,15636,512,-1968,-1832,-1836,-1580,-1760,-1924,-1780,-2024,-2044,-7053,-4418,-4427,-4459,-4513,-4578,-4658,-4732,-4839,-4940,-3866,-2939,-2788,-2677,-2634,-2630,-2665,-2679,-2817,-2920,-3122,-490,-513,-557,-603,-709,-761,-860,-964,-1022,208040,95361,31.5,2026-01-07T15:49:18.593496042Z
-2968,-424,592,3164,4160,2724,116,-1812,-2736,-4360,15436,19044,16800,17012,18316,18980,19600,20444,20888,21084,-1872,1652,6416,7128,4952,3808,2600,1000,-292,-1428,-6167,-15872,-14963,-13946,-12546,-11405,-10417,-9626,-9001,-8471,-5494,1312,-1589,-4505,-7115,-8726,-9230,-8759,-7462,-5962,-1996,-7250,-7412,-7019,-6103,-5448,-5313,-5310,-5143,-4812,201660,98038,31.5,2026-01-07T15:49:21.008705096Z
-1232,-16724,-16364,-16320,-16980,-15704,-14420,-16808,-25004,-32768,16692,9196,9288,9288,9912,10528,12800,15680,18040,18928,-844,32767,32767,32767,32767,32767,32767,24820,18940,15680,-5435,5321,2104,-1272,-4537,-7551,-9534,-10497,-11306,-12755,-4147,-2416,-1881,-1986,-2254,-2084,-2097,-1975,-3731,-8277,-2951,85,-836,-1353,-1789,-2712,-3716,-5252,-7833,-11281,156519,83440,31.5,2026-01-07T15:49:24.361139027Z
-32768,-2480,-2680,-2604,-2628,-2676,-2624,-2508,-2352,-2384,32767,14836,14884,14804,14800,14864,14860,15040,15252,15160,29312,-1892,-1836,-1856,-1932,-1912,-1820,-1748,-1724,-1608,-32768,-5875,-6083,-6374,-6603,-6884,-7199,-7492,-7771,-8032,23915,-5287,-5343,-5376,-5330,-5293,-5256,-5245,-5256,-5315,-22152,-1579,-1698,-1783,-1881,-1944,-2037,-2096,-2186,-2246,207045,97013,31.5,2026-01-07T15:49:29.261783051Z
-2064,-724,-244,312,596,1096,1436,1284,348,-364,14864,23096,23476,23760,24076,24408,24728,25328,25840,27048,-832,-1700,-1640,-1528,-1388,-1596,-2100,-2552,-2360,-2556,-11172,-18949,-19616,-20299,-21048,-21892,-22837,-23799,-24932,-26140,-6666,-6395,-6690,-7334,-8300,-9394,-10641,-11721,-12706,-13597,-3395,-4756,-4929,-5173,-5411,-5576,-5790,-5943,-6227,-6603,199408,97078,31.5,2026-01-07T15:49:32.117357454Z
13320,1604,1544,1124,692,172,-428,-812,-976,-928,32767,17720,17984,18796,19312,20064,21116,21784,22564,23520,-25524,468,148,-420,-852,-1252,-2048,-2336,-2852,-3092,-29958,-14143,-14607,-15108,-15623,-16078,-16571,-17052,-17560,-18134,-29158,-5845,-5720,-5361,-4828,-4192,-3638,-3140,-2734,-2536,-8259,-3422,-3329,-3252,-3158,-3044,-2937,-2925,-2905,-2968,205174,97677,31.56,2026-01-07T15:49:36.621320074Z
-2004,-18684,-32768,-32768,-16428,5860,13828,19884,27496,22924,25768,32767,32767,32767,32767,32767,32767,32448,16336,3852,-3388,32767,32767,32020,14640,-1524,-7880,-9928,-10296,-2960,-26474,-32768,-32768,-32768,-22122,-15282,-12848,-14026,-18514,-23976,-7989,18904,23861,23320,20090,16825,11054,3890,-2958,-10078,-4378,-6437,-15678,-22500,-23128,-20333,-17678,-16340,-15891,-15007,189608,90548,31.56,2026-01-07T15:49:39.092396361Z
-16372,92,-52,-80,-120,-340,-248,400,936,1680,14364,21172,22240,22984,23552,24280,24896,25760,26788,28032,10472,-3760,-3028,-2604,-1712,-1152,-904,-540,-16,284,-14717,32767,32767,32767,32767,32767,32767,32767,32767,32767,7385,17035,16935,16761,16573,16365,16034,15762,15499,15231,-12750,13522,14033,14568,15069,15492,15897,16412,16896,17416,191316,89929,31.5,2026-01-07T15:49:43.898018329Z
-4076,17432,18048,14932,12748,9728,7504,6212,4620,2492,32767,11280,8832,5372,2844,1576,1408,1792,2404,2824,11364,-22936,-24548,-21460,-18236,-14588,-13420,-13844,-14816,-15148,32767,11033,13770,15583,16517,17334,18432,19961,21934,24063,5222,6064,3222,249,-2892,-5841,-8181,-9804,-10584,-10458,20468,5851,7404,8313,8682,8945,9273,9707,10200,10586,206427,95338,31.5,2026-01-07T15:49:46.912047196Z
-9892,-18628,-15196,-10244,-11724,-17156,-8708,32767,32767,-4624,5932,17976,22404,27672,32767,32767,32767,21312,32767,32767,-4420,28444,22652,6000,-26116,-32768,-32768,-32768,-32768,32244,32767,-22604,-22267,-18823,-11184,-3072,3896,-12777,-28178,-32768,12835,10579,12250,13134,11495,2506,-21069,-21601,2255,12278,7710,-10949,-11539,-12259,-13992,-16893,-18250,-24243,-14154,-1900,158094,87755,31.56,2026-01-07T15:49:49.537506058Z
32767,-4896,-12360,-11804,-21644,-32768,-27096,-40,12528,20748,21284,27808,19136,26668,32767,32767,32767,32767,32767,32767,-12108,27452,32767,32767,32767,32767,31364,18244,5540,-7916,-20830,-32768,-32768,-32768,-32768,-32768,-29099,-22053,-19089,-17652,-15833,11282,16715,27604,32767,32767,31085,25834,19797,10270,-16112,1013,4524,-749,-11555,-22290,-27430,-26090,-22034,-18396,190180,91974,31.56,2026-01-07T15:49:52.292238515Z
-32768,-644,-13484,-16596,-11624,-8,6548,5656,3936,4856,1900,32767,25552,15472,17788,24660,26588,23248,20880,20088,32767,-19068,-4744,6072,4268,-2036,-2280,3028,5852,5676,-27856,-10987,-10585,-14407,-17602,-17357,-15134,-13204,-12733,-12119,-25701,1785,7554,9004,8371,7702,6518,4127,127,-4372,-12308,-3442,-5902,-10225,-12523,-11157,-7986,-5819,-5261,-5109,197813,96524,31.56,2026-01-07T15:49:59.573273357Z
-2484,-3484,-3544,-3572,-3484,-3304,-3236,-2916,-2524,-2288,16884,14532,14244,14108,14280,14368,14380,14652,15112,15336,-1572,-4012,-3624,-3404,-3324,-3320,-3104,-3012,-2888,-2880,-5936,-4981,-5110,-5220,-5313,-5398,-5426,-5538,-5619,-5714,-2372,-3548,-3682,-3826,-3880,-3927,-3974,-4029,-4158,-4359,-3278,-535,-454,-459,-454,-529,-571,-660,-738,-862,204915,97834,31.56,2026-01-07T15:50:02.496647701Z
-732,-6092,-6124,4796,11164,14596,16176,16024,14824,11460,16252,19700,18464,21752,23568,23468,20120,15012,6232,-1192,-2792,3276,2868,-5932,-13824,-21784,-26272,-27420,-26144,-21612,-6078,-4819,-6147,-4333,81,5339,10408,13497,13824,11398,-9700,26409,20783,16608,14303,11495,7641,3973,239,-2878,-1832,-1934,-2845,-2109,-97,1746,3320,4247,4551,4519,203936,94852,31.56,2026-01-07T15:50:05.310687564Z
-2772,-1340,-1796,-2184,-2472,-2764,-2900,-3084,-3376,-3996,624,16008,16160,16216,16320,16320,16364,16364,16288,16220,-12044,-2416,-2828,-3220,-3396,-3580,-3688,-4120,-4416,-4504,25950,-6077,-6312,-6507,-6736,-6901,-7131,-7358,-7561,-7786,-1747,-9174,-9382,-9429,-9399,-9392,-9387,-9547,-9798,-10246,9002,-2164,-2281,-2396,-2491,-2528,-2579,-2753,-2907,-3242,205616,99637,31.56,2026-01-07T15:50:08.671773225Z
-2340,-17916,548,11228,18720,25272,19836,10344,6400,548,12936,32767,32767,30972,25468,13896,3132,-256,740,4484,-3188,26880,13784,40,-8760,-17176,-13920,-1020,7016,11624,-12771,-24211,-17981,-14633,-13387,-15575,-20546,-24826,-27060,-27345,-9522,21190,16690,9940,1993,-5604,-13184,-19031,-21455,-20964,-4118,-22185,-21713,-19114,-16616,-15743,-14949,-12599,-9692,-7322,182164,85187,31.56,2026-01-07T15:50:11.437795616Z
-6068,-368,-416,-448,-436,-980,-1208,-1516,-1984,-3572,20088,32767,32767,32767,32767,32767,32767,32767,32767,32767,2068,-68,1368,3200,4496,7416,9912,12000,15184,18488,-15983,32767,32767,32767,32767,32767,32767,32767,32767,32767,9700,15393,15707,15669,15177,14224,12673,10399,7962,5246,-10534,17560,17947,18300,18715,18921,19191,19479,19770,20000,186389,89444,31.56,2026-01-07T15:50:13.711099212Z
-23088,2024,-4344,-11828,-12560,-12916,-13472,-12304,-5064,-5608,29660,32767,32767,32767,32767,32767,31904,31948,31616,31424,27692,-23096,-17932,-12544,-10384,-9692,-13492,-21424,-24300,-23832,28496,-32768,-32768,-32768,-32768,-32768,-32768,-32576,-31591,-30768,7359,-22104,-20726,-17871,-13645,-10476,-9127,-9023,-7061,-5581,11934,-5316,-5525,-5875,-5827,-5071,-4186,-3971,-3320,-2732,202261,93728,31.56,2026-01-07T15:50:16.564921397Z
-15192,-1344,-1364,-1192,-1224,-900,-956,-688,-340,-64,18004,16596,17048,18204,19476,20676,21704,22540,23008,23092,-732,-4132,-4776,-4424,-4536,-4720,-4200,-4520,-4724,-4764,-17814,-13312,-14061,-14630,-15205,-15650,-16213,-16591,-17092,-17663,9425,-4240,-3697,-3256,-3081,-3061,-3153,-3376,-3548,-3720,-4393,-2086,-2116,-2151,-2125,-2073,-2078,-1994,-2016,-2007,207143,97873,31.56,2026-01-07T15:50:19.423709037Z
2000,-1840,-1444,-1280,-1232,-1104,-1444,-1508,-1384,-1228,26084,17240,18036,18624,18856,19028,18680,18392,17996,17620,-4452,-2816,-2352,-2172,-2524,-2688,-3000,-2980,-3100,-2960,-23543,-4523,-4230,-3995,-3766,-3545,-3404,-3241,-3154,-3022,-3676,939,809,573,271,7,-215,-407,-516,-786,-1444,-1044,-882,-681,-419,-245,-207,-206,-163,-99,196287,95666,31.56,2026-01-07T15:50:25.380655237Z
-1248,-7024,-1068,3408,5372,7104,8452,7592,6000,4108,15912,14444,15356,16616,16556,15212,12280,8316,4976,1648,-3444,372,-5064,-12476,-16120,-19004,-19976,-19128,-17600,-14924,-2776,-946,-1130,929,3899,7409,10376,12413,13112,12768,-5674,-3854,-5687,-5793,-5805,-6059,-6132,-6345,-6767,-6995,412,-5891,-4932,-3236,-1815,-515,372,845,940,896,204959,95430,31.5,2026-01-07T15:50:30.811176494Z
-4304,-3848,-2844,-1900,-1360,-808,-664,-760,-992,-1324,5384,15984,16216,16568,16860,16996,17032,17116,17244,17264,-6292,-3476,-3072,-2588,-2652,-2336,-2464,-2640,-2872,-3112,24502,-6237,-6109,-5851,-5520,-5191,-4999,-4909,-4796,-4681,9440,-43,510,514,154,-413,-1110,-1812,-2393,-2850,2632,-3058,-2915,-2738,-2531,-2272,-2019,-1772,-1574,-1349,204574,96784,31.5,2026-01-07T15:50:34.900210315Z
-2724,-4036,-2568,-1084,-140,680,928,876,560,-48,15468,16076,15904,15912,16128,16740,17228,17728,18168,18572,-3480,-3820,-3296,-2900,-2684,-2408,-2452,-2564,-2540,-2932,-4346,-5432,-4964,-4626,-4446,-4272,-4141,-3965,-3841,-3701,-4764,434,1320,1320,669,-276,-1393,-2431,-3351,-4022,-588,-2947,-2907,-2729,-2418,-2086,-1863,-1728,-1589,-1453,207013,98107,31.56,2026-01-07T15:50:37.45297255Z
-3584,-21292,-22376,-24600,-26084,-25940,-24724,-23624,-22600,-20944,13464,14276,13608,14104,15196,15180,14580,13724,13284,13044,-4624,32767,32767,32767,32767,32767,32767,32767,32767,32767,-3956,11855,7983,4406,1752,-652,-3116,-5840,-8636,-11351,-4890,10683,10548,11098,11889,12779,13357,13808,13854,13864,-447,3882,2806,1427,-107,-1529,-2558,-3333,-4135,-5073,202053,75761,31.56,2026-01-07T15:50:40.746870816Z
31556,-2812,-2888,-2740,-2720,-2848,-3648,-4668,-4620,-4184,32767,15532,15520,15796,15828,15880,16024,15916,15908,15608,-13380,-3392,-3364,-3736,-3916,-3948,-3956,-3824,-3960,-3924,-31546,-4451,-4516,-4564,-4635,-4704,-4773,-4822,-4881,-5027,-12785,-8279,-8626,-8973,-9246,-9456,-9761,-10165,-10612,-11012,-2911,-1165,-1253,-1351,-1426,-1496,-1699,-1936,-2144,-2158,208238,97151,31.56,2026-01-07T15:50:43.616964412Z
-2744,10076,10864,11832,7048,2444,-3992,-9156,-12236,-12660,14304,32767,32767,32767,32767,32767,32767,32767,32616,32767,-3060,-32768,-32768,-32768,-29652,-24520,-19120,-11876,-5988,-11152,-7836,-29610,-29912,-30731,-31883,-32768,-32768,-32768,-32768,-32768,-9612,-15405,-16861,-18103,-19384,-20034,-19431,-16833,-13633,-13122,-2206,-6072,-5664,-5104,-4725,-4948,-5495,-5895,-5767,-4718,203234,93612,31.56,2026-01-07T15:50:46.682359525Z
-11872,156,768,1184,1412,1124,884,740,784,956,23668,16548,16672,16804,17172,17832,18464,19408,20416,21540,-17524,-1744,-1556,-1820,-1744,-1936,-1856,-2352,-2720,-3284,-15760,-11020,-11507,-12061,-12532,-13020,-13646,-14165,-14734,-15282,-1395,-7343,-7018,-6569,-5914,-5172,-4539,-3949,-3469,-3218,-352,-2753,-2794,-2897,-2876,-2819,-2779,-2883,-2972,-3021,207081,98743,31.56,2026-01-07T15:50:49.132841123Z
668,-1708,-968,-84,384,492,140,-456,-696,-672,23948,16212,16416,16912,17368,17732,17792,17956,17940,18012,-5204,-2476,-2072,-1880,-2044,-2036,-2124,-2300,-2724,-3124,-21802,-6855,-6582,-6181,-5780,-5435,-5147,-4915,-4687,-4443,-3892,815,874,546,152,-229,-560,-809,-963,-1068,-3608,-2842,-2687,-2487,-2240,-2017,-1812,-1644,-1516,-1383,200826,95765,31.56,2026-01-07T15:50:51.986774047Z
-1700,-2448,-1044,-4,500,520,496,88,-176,-744,15972,11144,11220,11060,11076,11328,11740,11568,11628,11576,-3796,-4028,-3644,-3604,-3404,-3096,-3020,-2304,-1896,-1332,-3542,22114,22706,23266,23799,24389,25044,25545,26133,26478,-4207,10901,10662,10186,9692,9124,8748,8477,8392,8524,-161,5523,5731,5955,6229,6461,6808,7112,7470,7673,196572,92530,31.56,2026-01-07T15:50:54.136312038Z
